Iteration	Posterior	Likelihood	Prior	rate_log_sd	rate_loss	root_freqs[1]	root_freqs[2]	tree_length
0	-1176.787	-1295.783	118.9959	1.200235	2.175307	0.886779	0.113221	2.258635
6	-1175.848	-1294.784	118.936	1.391779	2.615374	0.879698	0.120302	2.026395
12	-1171.421	-1291.006	119.5858	1.714903	2.993048	0.86147	0.13853	1.188231
18	-1178.732	-1298.115	119.3823	1.917431	3.693159	0.916573	0.0834271	0.9290774
24	-1179.504	-1299.525	120.021	1.987018	2.46441	0.884043	0.115957	0.668369
30	-1174.983	-1294.438	119.4547	1.892066	3.573728	0.879236	0.120764	0.9252379
36	-1171.256	-1291.017	119.7601	1.829714	2.512449	0.886113	0.113887	1.126663
42	-1168.906	-1288.675	119.7688	1.792451	2.775608	0.936504	0.0634964	1.03814
48	-1170.52	-1290.39	119.8699	1.746215	2.808393	0.803544	0.196456	0.9687774
54	-1172.715	-1292.466	119.7507	1.845668	2.808393	0.881486	0.118514	0.9889213
60	-1180.633	-1300.98	120.3468	1.924884	1.589919	0.858185	0.141815	0.9889213
66	-1172.431	-1293.193	120.7626	1.754094	0.9331965	0.938809	0.0611907	1.271764
72	-1173.959	-1294.205	120.2454	1.569589	1.602187	0.849852	0.150148	1.37942
78	-1172.248	-1291.849	119.6007	1.848094	1.790959	0.820292	0.179708	1.561472
84	-1163.197	-1283.96	120.763	1.69165	1.217002	0.936029	0.0639706	1.091439
90	-1169.074	-1289.794	120.7201	1.739296	1.159687	0.82108	0.17892	1.132881
96	-1173.824	-1294.153	120.3288	1.825275	2.03163	0.78941	0.21059	0.8031746
102	-1175.953	-1296.691	120.7382	1.975348	1.314326	0.799166	0.200834	0.6972244
108	-1175.401	-1295.974	120.5728	1.991216	1.545587	0.901726	0.0982737	0.6441714
114	-1181.913	-1302.005	120.0926	2.121309	2.100385	0.807219	0.192781	0.640211
120	-1179.471	-1299.079	119.6075	1.539392	2.020215	0.899088	0.100912	1.678685
126	-1178.809	-1298.268	119.4592	1.470384	2.546871	0.84543	0.15457	1.634414
132	-1173.611	-1293.547	119.9363	1.518281	1.803976	0.821343	0.178657	1.55104
138	-1169.94	-1289.631	119.6916	1.565596	1.803976	0.905208	0.0947922	1.69379
144	-1171.069	-1290.701	119.6313	1.554796	1.449455	0.895828	0.104172	1.912647
150	-1190.297	-1308.873	118.5756	1.151518	2.270008	0.829846	0.170154	2.522859
156	-1181.322	-1301.137	119.8145	1.435679	1.739212	0.830605	0.169395	1.728208
162	-1184.555	-1304.055	119.5003	1.584937	1.926282	0.828301	0.171699	1.761408
168	-1186.316	-1305.386	119.0697	1.25397	2.085494	0.925693	0.0743075	2.208773
174	-1187.608	-1306.627	119.0195	1.108259	1.798379	0.788547	0.211453	2.443506
180	-1179.792	-1298.711	118.9191	1.241462	1.789585	0.818696	0.181304	2.426387
186	-1177.847	-1297.091	119.244	1.438265	2.519973	0.902836	0.097164	1.817794
192	-1173.502	-1293.667	120.1649	1.683359	1.47689	0.828663	0.171337	1.423667
198	-1171.901	-1291.359	119.4578	1.618994	3.018258	0.831742	0.168258	1.36371
204	-1172.805	-1292.335	119.5297	1.429116	1.946005	0.840529	0.159471	1.840682
210	-1171.509	-1291.351	119.8424	1.463332	1.936808	0.787845	0.212155	1.599934
216	-1174.766	-1294.732	119.9663	1.681306	2.215989	0.848148	0.151852	1.209547
222	-1175.109	-1295.119	120.0099	1.768274	1.802247	0.847058	0.152942	1.302503
228	-1170.056	-1289.806	119.7501	1.641096	2.496114	0.889062	0.110938	1.302503
234	-1178.57	-1297.651	119.0814	1.606117	3.397987	0.903856	0.096144	1.543966
240	-1179.973	-1299.311	119.3383	1.619834	3.125461	0.923407	0.0765929	1.421436
246	-1180.296	-1299.949	119.6537	1.448811	2.537146	0.837683	0.162317	1.511096
252	-1178.633	-1298.121	119.4877	1.523285	2.731221	0.804523	0.195477	1.511096
258	-1172.028	-1290.453	118.4249	1.165267	2.322066	0.831279	0.168721	2.590957
264	-1175.768	-1294.163	118.3948	1.19536	2.322066	0.805423	0.194577	2.590957
270	-1178.665	-1298.456	119.7911	1.387279	1.731429	0.800912	0.199088	1.782014
276	-1182.071	-1302.003	119.9326	1.583441	1.192536	0.874936	0.125064	1.829713
282	-1187.053	-1305.542	118.4893	1.455492	1.769861	0.856193	0.143807	2.569194
288	-1191.981	-1311.874	119.8924	1.528132	1.870908	0.71553	0.28447	1.545218
294	-1194.111	-1313.178	119.0671	1.775361	5.305652	0.932664	0.0673363	0.8847185
300	-1176.557	-1296.309	119.7516	1.927149	2.862578	0.852479	0.147521	0.8738007
306	-1185.724	-1305.171	119.4466	1.730776	3.231853	0.849728	0.150272	1.209527
312	-1182.863	-1302.659	119.7955	1.734015	2.442993	0.87591	0.12409	1.209527
318	-1183.243	-1302.08	118.8365	1.627143	2.544055	0.800865	0.199135	1.958567
324	-1185.251	-1304.184	118.9327	1.481131	3.175087	0.949022	0.0509778	1.802077
330	-1180.675	-1300.186	119.5112	1.372396	2.174842	0.837299	0.162701	1.802077
336	-1173.14	-1292.753	119.6133	1.237559	1.332656	0.837103	0.162897	2.194421
342	-1175.539	-1294.602	119.0634	1.205008	1.491652	0.897818	0.102182	2.487034
348	-1170.798	-1288.894	118.096	1.297075	3.655249	0.86026	0.13974	2.354092
354	-1171.574	-1290.201	118.6272	1.425413	3.243466	0.830384	0.169616	2.027969
360	-1170.03	-1289.106	119.0763	1.461581	2.179105	0.834102	0.165898	2.034414
366	-1173.236	-1292.768	119.5313	1.257038	0.9958446	0.951563	0.0484371	2.426841
372	-1190.413	-1310.423	120.0104	1.469529	1.313507	0.958567	0.0414328	1.784161
378	-1191.907	-1311.623	119.7155	1.42912	1.385002	0.861816	0.138184	1.973834
384	-1197.263	-1316.175	118.9117	1.37219	2.351434	0.893001	0.106999	2.141166
390	-1183.763	-1304.43	120.667	1.753727	1.386643	0.904806	0.0951941	0.9902426
396	-1177.965	-1298.071	120.1059	2.011864	1.329342	0.946715	0.0532852	1.30085
402	-1176.637	-1297.206	120.5684	2.011864	1.532827	0.902932	0.0970676	0.6278003
408	-1179.129	-1299.734	120.6049	1.77282	1.532827	0.956697	0.0433031	0.9202824
414	-1169.052	-1289.352	120.3	1.859989	1.876692	0.946538	0.0534622	0.9076762
420	-1166.683	-1287.344	120.6616	1.855301	1.299107	0.876192	0.123808	0.9634788
426	-1171.582	-1291.126	119.5439	1.827075	2.766619	0.900862	0.0991384	1.21331
432	-1178.351	-1298.902	120.5511	1.881559	1.289946	0.853653	0.146347	1.054507
438	-1181.711	-1302.159	120.4479	1.854007	1.820011	0.858687	0.141313	0.7760726
444	-1186.135	-1306.257	120.1223	1.730391	2.091079	0.834219	0.165781	1.089108
450	-1179.706	-1298.772	119.0657	1.331992	2.051019	0.864667	0.135333	2.173554
456	-1171.228	-1290.348	119.1198	1.320832	1.977449	0.831357	0.168643	2.173554
462	-1181.16	-1301.496	120.336	1.460185	1.138872	0.792932	0.207068	1.666971
468	-1177.165	-1297.136	119.9716	1.496934	1.610061	0.825664	0.174336	1.634801
474	-1181.653	-1300.439	118.7859	1.12664	2.050065	0.864331	0.135669	2.482937
480	-1176.021	-1294.783	118.7625	1.279145	1.92422	0.874103	0.125897	2.448535
486	-1182.442	-1301.174	118.7313	1.321369	2.476197	0.830188	0.169812	2.250011
492	-1179.091	-1297.804	118.7128	1.313072	2.706802	0.855702	0.144298	2.196197
498	-1168.342	-1287.719	119.3769	1.497543	2.129469	0.863789	0.136211	1.825793
504	-1174.84	-1294.474	119.6342	1.393493	2.534737	0.828743	0.171257	1.567346
510	-1177.46	-1297.303	119.8429	1.581478	2.093429	0.924233	0.0757673	1.443452
516	-1180.533	-1300.304	119.7708	1.472703	2.093429	0.911061	0.0889387	1.578625
522	-1169.893	-1289.778	119.8845	1.569706	1.717166	0.864667	0.135333	1.592603
528	-1179.111	-1298.359	119.2479	1.508141	1.916374	0.866439	0.133561	1.990003
534	-1185.114	-1304.352	119.2381	1.476676	2.289316	0.831007	0.168993	1.875716
540	-1173.406	-1291.112	117.7061	1.232272	2.289316	0.841843	0.158157	2.998528
546	-1188.204	-1306.559	118.3551	1.220247	2.997793	0.882406	0.117594	2.401804
552	-1182.67	-1300.243	117.5734	1.193768	3.170245	0.891636	0.108364	2.856777
558	-1180.202	-1298.162	117.9599	1.336472	2.523544	0.855187	0.144813	2.709402
564	-1187.251	-1304.493	117.2418	1.282773	2.650537	0.899436	0.100564	3.138421
570	-1180.672	-1299.061	118.3883	1.301798	2.15264	0.913522	0.0864781	2.585444
576	-1179.293	-1298.66	119.3671	1.79059	1.588713	0.871377	0.128623	1.863067
582	-1181.176	-1298.911	117.7352	1.272744	2.321892	0.86501	0.13499	2.946436
588	-1174.339	-1292.884	118.5457	1.371864	3.651497	0.902875	0.0971255	2.014667
594	-1174.061	-1293.646	119.5846	1.371864	2.092248	0.836205	0.163795	1.783541
600	-1169.028	-1288.599	119.5711	1.540002	2.357273	0.833474	0.166526	1.571344
606	-1168.413	-1287.905	119.4919	1.590379	2.413797	0.881831	0.118169	1.571344
612	-1170.774	-1290.105	119.3315	1.646507	1.373421	0.976422	0.0235785	2.090363
618	-1170.422	-1289.778	119.3561	1.380204	1.61718	0.942821	0.0571789	2.131013
624	-1180.79	-1301.144	120.3548	1.858057	1.470502	0.946212	0.0537876	1.126808
630	-1179.174	-1299.693	120.5187	1.868171	1.591799	0.937211	0.0627887	0.8619787
636	-1173.607	-1293.736	120.129	1.807019	1.990703	0.962126	0.0378742	1.065416
642	-1177.696	-1298.211	120.5151	1.914289	1.502737	0.93569	0.0643098	0.8868937
648	-1185.7	-1306.761	121.0613	1.587385	0.9294382	0.998847	0.00115329	1.163049
654	-1170.294	-1291.497	121.203	1.674493	0.859846	0.840414	0.159586	1.021657
660	-1175.427	-1296.152	120.7247	1.763623	1.195088	0.926017	0.0739826	1.077898
666	-1171.324	-1290.719	119.3953	1.331103	1.837528	0.941494	0.0585063	2.042068
672	-1173.878	-1293.292	119.4139	1.482412	1.680619	0.915785	0.0842151	1.996849
678	-1167.537	-1287.516	119.9793	1.558194	0.865004	0.830103	0.169897	2.032817
684	-1167.695	-1287.004	119.3091	1.519533	2.141758	0.889777	0.110223	1.852503
690	-1168.448	-1287.036	118.588	1.26906	2.815732	0.922745	0.0772548	2.273083
696	-1179.01	-1296.289	117.2786	0.9150599	2.415775	0.835749	0.164251	3.401241
702	-1173.842	-1292.453	118.6104	1.274733	1.316792	0.900565	0.099435	2.80675
708	-1174.599	-1293.436	118.8373	1.303258	1.858355	0.931019	0.0689805	2.411648
714	-1177.947	-1297.045	119.0978	1.379568	1.377336	0.893569	0.106431	2.410323
720	-1182.221	-1302.432	120.2111	1.582983	2.160522	0.959622	0.040378	1.107257
726	-1166.922	-1286.67	119.7483	1.394169	1.65172	0.942013	0.0579869	1.843607
732	-1177.251	-1297.38	120.1293	1.526719	1.772645	0.909985	0.0900147	1.414148
738	-1162.272	-1281.869	119.5972	1.385589	2.166666	0.926688	0.0733122	1.736122
744	-1162.563	-1281.717	119.1537	1.404462	1.400808	0.842674	0.157326	2.347606
750	-1171.45	-1290.775	119.3255	1.420361	1.925521	0.810377	0.189623	1.993158
756	-1182.066	-1301.326	119.2602	1.685946	1.942917	0.852593	0.147407	1.850698
762	-1189.911	-1310.32	120.409	1.487963	0.9403773	0.937191	0.0628092	1.732444
768	-1174.57	-1294.814	120.2449	1.782498	1.47668	0.936634	0.0633663	1.28163
774	-1179.046	-1299.857	120.8111	1.551493	1.002555	0.878206	0.121794	1.339012
780	-1175.276	-1294.029	118.7525	1.435737	2.078134	0.927312	0.0726881	2.298489
786	-1174.949	-1294.024	119.0749	1.37609	2.163649	0.864648	0.135352	2.097359
792	-1175.062	-1293.648	118.5859	1.156978	1.282468	0.917397	0.0826026	2.909999
798	-1178.445	-1298.702	120.2564	1.622774	1.414377	0.850161	0.149839	1.436156
804	-1176.708	-1296.748	120.04	1.580087	1.980245	0.85658	0.14342	1.34185
810	-1174.117	-1294.78	120.6627	1.765568	0.8879039	0.944915	0.0550853	1.381696
816	-1172.927	-1294.06	121.1331	1.761539	0.8045597	0.954807	0.0451929	1.066051
822	-1176.608	-1297.842	121.2333	1.692628	0.8370004	0.962851	0.0371494	0.9993151
828	-1167.549	-1288.024	120.4745	1.818103	1.545986	0.829889	0.170111	0.9993151
834	-1157.548	-1278.356	120.8079	1.804538	1.058557	0.871308	0.128692	1.078625
840	-1172.6	-1293.461	120.8611	1.830043	1.057783	0.955612	0.0443876	1.003541
846	-1176.732	-1297.514	120.7823	1.815628	1.22856	0.934088	0.0659117	0.9403225
852	-1165.386	-1286.126	120.7402	1.906726	1.22856	0.925475	0.074525	0.8861758
858	-1171.41	-1291.949	120.5396	1.776041	1.429853	0.961824	0.0381758	1.06036
864	-1169.999	-1290.384	120.3842	1.816087	1.27429	0.974153	0.0258467	1.270235
870	-1170.279	-1290.245	119.9666	1.763088	1.388385	0.910683	0.0893167	1.563425
876	-1168.669	-1288.193	119.5241	1.767952	2.702742	0.980412	0.019588	1.303034
882	-1175.924	-1296.339	120.4157	1.916491	1.410587	0.950218	0.0497818	1.058632
888	-1169.31	-1289.479	120.1691	1.758588	1.682871	0.937263	0.0627374	1.243604
894	-1166.328	-1286.238	119.9099	1.952764	1.900653	0.92168	0.0783199	1.180291
900	-1157.752	-1278.506	120.7538	1.711396	1.094379	0.915713	0.0842873	1.180291
906	-1161.988	-1282.222	120.2337	1.654699	1.526016	0.97132	0.02868	1.364242
912	-1166.585	-1287.303	120.7182	1.764093	1.359541	0.972716	0.0272839	0.9486823
918	-1166.79	-1287.901	121.1109	1.60415	0.830186	0.927203	0.072797	1.200294
924	-1174.902	-1295.027	120.1246	1.520218	1.57736	0.908389	0.0916108	1.522594
930	-1174.775	-1295.432	120.6571	1.559223	0.8298144	0.895716	0.104284	1.59063
936	-1169.157	-1289.071	119.9138	1.527925	0.9688707	0.928891	0.0711087	2.022753
942	-1187.064	-1306.555	119.4908	1.88343	3.069507	0.814141	0.185859	1.094112
948	-1178.685	-1298.828	120.1431	1.853323	2.170276	0.886725	0.113275	0.8995749
954	-1179.018	-1299.53	120.512	1.953867	1.618221	0.929249	0.0707506	0.7305723
960	-1186.981	-1307.593	120.6117	1.897475	1.323141	0.913024	0.0869763	0.9510157
966	-1189.328	-1309.683	120.3549	1.714332	1.897809	0.862354	0.137646	0.9899283
972	-1194.589	-1314.565	119.9762	1.701879	1.844285	0.826172	0.173828	1.361363
978	-1178.674	-1298.238	119.5638	1.238398	1.844285	0.853853	0.146147	1.988841
984	-1176.022	-1294.65	118.628	1.239836	1.98541	0.8485	0.1515	2.534355
990	-1176.023	-1294.881	118.8579	1.174002	1.887903	0.865292	0.134708	2.468512
996	-1172.664	-1292.212	119.5477	1.588304	2.666139	0.8573	0.1427	1.439311
1002	-1172.561	-1292.302	119.7408	1.675637	2.666139	0.840593	0.159407	1.213909
1008	-1169.873	-1289.46	119.5865	1.668212	2.666139	0.888561	0.111439	1.346686
1014	-1176.836	-1296.791	119.9546	1.700904	2.190245	0.960747	0.0392527	1.214737
1020	-1161.433	-1281.282	119.8488	1.552191	2.159503	0.813584	0.186416	1.43308
1026	-1163.27	-1282.995	119.7245	1.538886	2.158895	0.804636	0.195364	1.537091
1032	-1160.863	-1280.477	119.6143	1.352514	1.387377	0.906023	0.0939771	2.090556
1038	-1169.097	-1287.555	118.4577	1.292956	2.485142	0.86025	0.13975	2.439164
1044	-1172.607	-1290.254	117.6473	1.303574	2.217639	0.864309	0.135691	3.013976
1050	-1182.413	-1299.863	117.4497	0.9507934	2.462525	0.941803	0.0581974	3.265758
1056	-1189.255	-1307.437	118.182	1.152304	2.209113	0.849616	0.150384	2.785042
1062	-1187.236	-1306.161	118.9253	1.349051	2.209113	0.884084	0.115916	2.196277
1068	-1188.776	-1307.939	119.1625	1.149634	2.140383	0.923713	0.0762868	2.196277
1074	-1187.412	-1305.761	118.3494	1.219618	1.812895	0.796836	0.203164	2.783402
1080	-1182.932	-1301.044	118.1111	1.21756	2.339281	0.939155	0.0608452	2.746357
1086	-1174.138	-1293.152	119.0145	1.328946	2.207478	0.889814	0.110186	2.15201
1092	-1175.562	-1294.612	119.0507	1.376188	1.81114	0.840125	0.159875	2.248258
1098	-1181.531	-1300.578	119.0466	1.376188	2.108092	0.862762	0.137238	2.136102
1104	-1183.364	-1302.432	119.0679	1.519536	2.184181	0.836668	0.163332	1.999605
1110	-1181.022	-1301.173	120.1508	1.592495	1.654458	0.870704	0.129296	1.407226
1116	-1185.152	-1304.678	119.5263	1.381941	2.175741	0.887261	0.112739	1.784685
1122	-1176.347	-1294.489	118.1413	1.253094	3.381841	0.842481	0.157519	2.417894
1128	-1177.22	-1295.199	117.979	1.285207	3.040529	0.807437	0.192563	2.585124
1134	-1171.09	-1290.727	119.6375	1.214734	1.559639	0.916908	0.0830917	2.081498
1140	-1169.117	-1288.466	119.3482	1.404623	1.944051	0.85612	0.14388	1.981006
1146	-1170.923	-1290.921	119.9976	1.42851	1.944051	0.817536	0.182464	1.507972
1152	-1181.602	-1300.417	118.8149	1.542013	2.427992	0.964149	0.0358505	2.06766
1158	-1178.652	-1298.729	120.0772	1.482601	1.4269	0.834071	0.165929	1.665024
1164	-1185.909	-1305.679	119.7698	1.61018	2.652471	0.908526	0.0914738	1.250017
1170	-1179.645	-1298.913	119.2676	1.599849	2.689595	0.860777	0.139223	1.630462
1176	-1177.82	-1297.803	119.983	1.595045	2.174965	0.783032	0.216968	1.286223
1182	-1175.493	-1295.361	119.868	1.595045	2.271739	0.883829	0.116171	1.336948
1188	-1174.133	-1293.471	119.3381	1.667571	2.97862	0.847751	0.152249	1.432258
1194	-1180.417	-1300.431	120.0132	1.70052	2.371907	0.865657	0.134343	1.077725
1200	-1174.669	-1293.688	119.019	1.331731	1.746258	0.931464	0.0685355	2.323666
1206	-1178.53	-1297.424	118.8939	1.260697	1.746258	0.8737	0.1263	2.447781
1212	-1172.987	-1291.828	118.8409	1.428856	4.057699	0.812836	0.187164	1.676039
1218	-1171.713	-1290.809	119.096	1.500632	2.986018	0.933479	0.0665213	1.729442
1224	-1177.931	-1297.651	119.7203	1.751975	2.213262	0.916984	0.0830165	1.354567
1230	-1166.66	-1287.074	120.4141	1.81407	1.742862	0.976206	0.0237938	0.9261268
1236	-1174.673	-1294.75	120.0767	1.569574	1.495714	0.706956	0.293044	1.565044
1242	-1167.182	-1287.267	120.0854	1.556309	2.183368	0.932063	0.0679365	1.229578
1248	-1174.303	-1294.716	120.4132	1.812716	1.545098	0.914247	0.0857533	1.064563
1254	-1185.005	-1305.326	120.321	1.771008	1.740741	0.885427	0.114573	1.064563
1260	-1190.74	-1310.59	119.8506	2.43466	1.91903	0.823818	0.176182	0.3375717
1266	-1182.685	-1302.905	120.2195	2.378641	1.454291	0.81334	0.18666	0.3375717
1272	-1169.93	-1290.296	120.3653	2.483315	1.149222	0.889056	0.110944	0.3375717
1278	-1170.521	-1291.048	120.527	2.288437	1.248101	0.88471	0.11529	0.4186555
1284	-1182.762	-1302.645	119.8825	2.288437	2.219889	0.9047	0.0953	0.4319629
1290	-1169.096	-1289.526	120.4299	2.195085	1.509215	0.906516	0.0934837	0.4870385
1296	-1165.263	-1284.974	119.7106	2.473713	2.082792	0.917841	0.082159	0.3326196
1302	-1172.908	-1293.311	120.403	2.473713	1.058981	0.959107	0.0408933	0.2907328
1308	-1177.13	-1297.379	120.249	2.426208	1.355531	0.952706	0.0472938	0.3384052
1314	-1180.998	-1301.037	120.0391	2.403015	1.67467	0.825655	0.174345	0.3384052
1320	-1181.673	-1302.248	120.5752	2.345398	1.102183	0.890902	0.109098	0.3729403
1326	-1175.6	-1295.916	120.3165	2.237264	1.558772	0.959854	0.0401464	0.3778631
1332	-1169.622	-1289.515	119.8927	2.166623	2.453033	0.917453	0.0825474	0.5210503
1338	-1165.211	-1285.078	119.867	2.166623	2.501603	0.829736	0.170264	0.5356796
1344	-1159.852	-1279.926	120.0741	2.182952	2.064642	0.935872	0.0641281	0.5756689
1350	-1170.695	-1290.502	119.8071	2.119851	2.716843	0.84312	0.15688	0.5606212
1356	-1178.247	-1298.046	119.7993	2.065743	2.668018	0.89637	0.10363	0.7452077
1362	-1176.937	-1297.653	120.7159	1.559476	0.8588264	0.96085	0.0391497	1.522867
1368	-1185.236	-1305.64	120.4043	1.576767	1.289296	0.895114	0.104886	1.434402
1374	-1171.924	-1292.396	120.4724	1.576767	1.341036	0.910983	0.0890172	1.348424
1380	-1172.954	-1293.799	120.8455	1.767435	1.203587	0.903982	0.0960182	0.9473459
1386	-1174.208	-1294.002	119.7932	1.459217	1.419745	0.964369	0.0356306	1.88295
1392	-1162.324	-1282.267	119.9439	1.521533	1.20238	0.898518	0.101482	1.858524
1398	-1169.599	-1289.074	119.4751	1.381025	1.20238	0.896064	0.103936	2.261261
1404	-1174.29	-1293.816	119.5264	1.521559	1.91303	0.880448	0.119552	1.792946
1410	-1188.07	-1308.007	119.9373	1.623141	1.462947	0.847026	0.152974	1.645012
1416	-1169.234	-1289.432	120.1979	1.695692	1.462947	0.943977	0.0560231	1.396595
1422	-1161.19	-1281.487	120.297	1.403896	1.349462	0.874356	0.125644	1.606892
1428	-1163.356	-1282.496	119.1398	1.310451	1.825256	0.875743	0.124257	2.227442
1434	-1173.152	-1292.13	118.9775	1.304299	2.108408	0.779251	0.220749	2.227442
1440	-1186.188	-1305.783	119.5951	1.806333	2.816052	0.931972	0.0680277	1.167865
1446	-1181.458	-1300.968	119.5105	1.746137	3.155158	0.760806	0.239194	1.167865
1452	-1181.357	-1300.425	119.0683	1.880539	3.987146	0.891287	0.108713	1.167626
1458	-1174.574	-1294.838	120.2646	2.097415	1.839008	0.771122	0.228878	0.6561048
1464	-1178.387	-1299.026	120.6391	1.920917	1.325243	0.80373	0.19627	0.8936288
1470	-1174.064	-1294.72	120.6567	1.590505	1.447488	0.857627	0.142373	1.1114
1476	-1186.698	-1307.041	120.3428	1.737967	1.48109	0.772361	0.227639	1.234625
1482	-1178.358	-1298.607	120.2492	1.742386	1.67582	0.885644	0.114356	1.193441
1488	-1171.54	-1291.809	120.2693	1.746654	1.997853	0.897782	0.102218	0.9831924
1494	-1178.945	-1299.147	120.2018	1.811296	1.943483	0.918756	0.0812438	1.018285
1500	-1171.12	-1291.231	120.1103	1.835411	2.135785	0.816101	0.183899	0.9743944
1506	-1168.243	-1288.269	120.0267	1.837858	2.135785	0.962352	0.0376481	1.054497
1512	-1164.265	-1284.539	120.2741	2.137824	1.685564	0.918735	0.0812653	0.7431085
1518	-1168.676	-1288.631	119.9557	1.953645	2.43693	0.831711	0.168289	0.8371362
1524	-1172.267	-1292.259	119.9919	1.810577	2.497787	0.874644	0.125356	0.9256958
1530	-1174.211	-1293.775	119.5636	1.708883	1.828502	0.845571	0.154429	1.671856
1536	-1170.749	-1290.318	119.5696	1.453921	2.259001	0.876576	0.123424	1.671856
1542	-1176.474	-1296.726	120.2516	1.497051	1.46327	0.751891	0.248109	1.506949
1548	-1168.106	-1287.698	119.5922	1.372472	1.46327	0.732839	0.267161	2.053755
1554	-1171.994	-1291.648	119.6535	1.230373	1.661296	0.923987	0.076013	2.013804
1560	-1166.628	-1287.205	120.5765	1.377567	1.367307	0.923914	0.0760859	1.406638
1566	-1167.276	-1287.137	119.8607	1.498968	1.302197	0.890072	0.109928	1.873245
1572	-1171.955	-1292.143	120.188	1.592304	1.729151	0.874874	0.125126	1.338821
1578	-1172.783	-1292.975	120.1924	1.678697	1.729151	0.911614	0.0883864	1.265118
1584	-1177.903	-1297.396	119.4934	1.846419	1.729151	0.926932	0.0730684	1.669408
1590	-1183.645	-1303.436	119.7911	1.550731	2.048121	0.817922	0.182078	1.525172
1596	-1173.953	-1293.965	120.012	1.631878	2.044582	0.912873	0.0871271	1.292402
1602	-1178.412	-1298.568	120.1563	1.627884	1.883822	0.858678	0.141322	1.255657
1608	-1175.319	-1295.34	120.0206	1.643542	2.087202	0.838524	0.161476	1.255657
1614	-1178.922	-1299.455	120.5327	1.541163	0.7953157	0.950464	0.0495357	1.721528
1620	-1175.529	-1294.57	119.0416	1.48617	3.178618	0.859642	0.140358	1.721528
1626	-1177.496	-1296.206	118.7096	1.290703	3.475326	0.827106	0.172894	2.002946
1632	-1170.588	-1289.388	118.7998	1.430553	2.29005	0.795038	0.204962	2.196739
1638	-1173.96	-1292.94	118.9798	1.380094	2.432375	0.848793	0.151207	2.064251
1644	-1171.483	-1289.121	117.6381	1.181022	2.651666	0.823476	0.176524	2.961952
1650	-1165.471	-1283.13	117.6593	1.249546	2.014755	0.770113	0.229887	3.107128
1656	-1175.836	-1293.253	117.4163	1.056218	2.93117	0.883958	0.116042	3.094134
1662	-1177.929	-1295.494	117.5645	1.501318	2.93117	0.802066	0.197934	2.735973
1668	-1172.679	-1291.669	118.9899	1.597765	3.510272	0.929904	0.0700962	1.586011
1674	-1178.881	-1298.182	119.3013	1.652624	3.39285	0.880772	0.119228	1.341396
1680	-1187.227	-1306.036	118.8091	1.616369	4.894471	0.811696	0.188304	1.36779
1686	-1177.824	-1296.787	118.9626	1.39331	3.453442	0.866909	0.133091	1.766497
1692	-1189.153	-1307.142	117.9889	1.400867	3.890767	0.840986	0.159014	2.303213
1698	-1179.556	-1298.208	118.6522	1.707294	3.890767	0.861656	0.138344	1.652307
1704	-1162.303	-1281.768	119.4658	1.411244	2.604515	0.841019	0.158981	1.652307
1710	-1176.469	-1296.335	119.866	1.59702	2.864725	0.914447	0.0855529	1.093211
1716	-1176.156	-1296.071	119.9151	1.666387	2.825911	0.904297	0.0957025	0.9960602
1722	-1182.469	-1302.441	119.9717	1.529868	2.825911	0.817847	0.182153	1.073378
1728	-1180.913	-1300.563	119.6494	1.896837	2.624682	0.900043	0.0999573	1.117309
1734	-1176.75	-1296.552	119.8022	1.530476	2.643907	0.84323	0.15677	1.292278
1740	-1175.453	-1295.17	119.717	1.699946	2.080375	0.906049	0.0939508	1.454783
1746	-1183.081	-1302.782	119.701	1.738519	2.571921	0.843018	0.156982	1.232195
1752	-1181.801	-1301.81	120.0095	1.658847	2.12949	0.856824	0.143176	1.232195
1758	-1171.352	-1291.029	119.6768	1.485617	1.782903	0.807719	0.192281	1.769852
1764	-1178.674	-1298.556	119.8822	1.666477	2.889756	0.764853	0.235147	1.000641
1770	-1175.433	-1294.899	119.4662	1.690699	4.047804	0.817652	0.182348	0.9506177
1776	-1185.495	-1305.727	120.2322	1.851685	1.733018	0.869458	0.130542	1.076885
1782	-1181.07	-1300.727	119.657	1.735766	2.864702	0.863934	0.136066	1.156438
1788	-1167.636	-1286.835	119.199	1.389015	1.818815	0.859686	0.140314	2.140761
1794	-1164.865	-1285.226	120.3604	1.692776	1.911471	0.931496	0.0685039	0.9977541
1800	-1169.138	-1289.225	120.087	1.623068	1.911471	0.845685	0.154315	1.302644
1806	-1183.382	-1302.643	119.2612	1.488186	3.329259	0.820948	0.179052	1.517741
1812	-1174.493	-1293.73	119.2369	1.334879	2.497846	0.849145	0.150855	1.900798
1818	-1170.727	-1290.675	119.9483	1.471108	1.810684	0.913345	0.0866552	1.57382
1824	-1172.489	-1292.592	120.1036	1.54229	1.935908	0.936575	0.0634255	1.342347
1830	-1171.13	-1291.025	119.8951	1.571037	2.07321	0.846352	0.153648	1.420178
1836	-1176.521	-1295.691	119.1696	1.452814	2.83205	0.843121	0.156879	1.758393
1842	-1184.302	-1303.275	118.9728	1.457558	2.626956	0.691671	0.308329	1.954272
1848	-1178.353	-1297.724	119.3705	1.48606	2.710253	0.800704	0.199296	1.631415
1854	-1177.969	-1297.566	119.597	1.768273	2.710253	0.873595	0.126405	1.239866
1860	-1172.057	-1291.812	119.7549	1.712578	2.166635	0.804322	0.195678	1.378423
1866	-1167.178	-1287.177	119.9984	1.469101	2.166635	0.82971	0.17029	1.378423
1872	-1174.017	-1293.543	119.5254	1.568217	2.935397	0.861373	0.138627	1.378423
1878	-1177.201	-1297.152	119.9506	1.604831	1.711678	0.8872	0.1128	1.520729
1884	-1183.05	-1302.737	119.6871	1.616514	1.984389	0.877741	0.122259	1.580778
1890	-1191.571	-1310.693	119.1214	1.474006	1.984389	0.865373	0.134627	2.069592
1896	-1189.963	-1308.951	118.988	1.32263	1.836516	0.729249	0.270751	2.312456
1902	-1185.753	-1304.806	119.053	1.280149	3.46647	0.846617	0.153383	1.778916
1908	-1181.908	-1301.068	119.1593	1.450804	1.966559	0.869128	0.130872	2.066852
1914	-1182.985	-1302.504	119.5187	1.399384	1.888993	0.873374	0.126626	1.892115
1920	-1199.995	-1319.509	119.5138	1.35718	1.27016	0.925265	0.0747351	2.21449
1926	-1176.784	-1295.873	119.0889	1.353514	1.812781	0.891033	0.108967	2.237569
1932	-1172.191	-1292.502	120.3111	1.701414	1.292749	0.87453	0.12547	1.407963
1938	-1184.01	-1303.877	119.8673	1.491056	1.292749	0.87868	0.12132	1.879467
1944	-1182.484	-1302.424	119.9401	1.881191	1.968226	0.932552	0.0674479	1.180862
1950	-1175.366	-1295.843	120.4768	1.797928	1.557326	0.803056	0.196944	1.00898
1956	-1177.487	-1297.763	120.2767	1.903384	1.685525	0.882641	0.117359	1.014949
1962	-1177.797	-1298.309	120.5114	1.910524	1.50136	0.843998	0.156002	0.8965452
1968	-1184.303	-1304.571	120.2681	1.831549	1.923004	0.880126	0.119874	0.9425593
1974	-1183.453	-1303.161	119.7081	1.28427	1.937288	0.844067	0.155933	1.82121
1980	-1184.227	-1303.656	119.4295	1.59454	2.789304	0.925328	0.0746723	1.481505
1986	-1184.421	-1304.431	120.0106	1.521895	1.797014	0.854891	0.145109	1.496408
1992	-1174.047	-1293.856	119.8091	1.522244	1.986399	0.846864	0.153136	1.559568
1998	-1171.331	-1292.231	120.8999	1.63782	0.9954459	0.922547	0.0774531	1.200398
2004	-1176.13	-1296.363	120.2329	1.577479	1.807289	0.872614	0.127386	1.273552
2010	-1172.225	-1292.392	120.167	1.5449	2.177474	0.826612	0.173388	1.172221
2016	-1169.734	-1288.653	118.9196	1.515081	1.550949	0.974004	0.0259961	2.355105
2022	-1164.857	-1284.976	120.1192	1.547181	0.9591538	0.937217	0.062783	1.878427
2028	-1174.901	-1295.593	120.6918	1.514878	1.052065	0.910023	0.0899775	1.423178
2034	-1173.905	-1293.445	119.5402	1.514878	1.581607	0.954938	0.0450622	1.936088
2040	-1171.529	-1291.679	120.1504	1.594641	1.412713	0.913914	0.0860862	1.53821
2046	-1172.609	-1292.735	120.1263	1.343257	1.039322	0.924144	0.0758556	1.957277
2052	-1180.42	-1300.585	120.165	1.36428	1.039322	0.900468	0.0995323	1.916992
2058	-1177.991	-1297.469	119.4781	1.309614	1.65658	0.937004	0.0629959	2.07952
2064	-1171.885	-1291.268	119.3828	1.404963	1.65658	0.844394	0.155606	2.07952
2070	-1188.471	-1307.366	118.8957	1.157001	1.588766	0.852528	0.147472	2.577924
2076	-1195.866	-1314.69	118.8242	1.194144	3.153827	0.839857	0.160143	2.074595
2082	-1182.759	-1302.816	120.0568	1.615065	1.237939	0.954649	0.0453514	1.693554
2088	-1173.981	-1294.045	120.0637	1.579418	1.677285	0.948228	0.0517724	1.472127
2094	-1178.121	-1298.848	120.7271	1.518572	1.125361	0.969928	0.0300721	1.33874
2100	-1168.692	-1289.398	120.706	1.529807	1.05609	0.881971	0.118029	1.397652
2106	-1170.9	-1291.565	120.6652	1.497857	1.034062	0.938433	0.0615671	1.469847
2112	-1170.328	-1291.216	120.8882	1.463731	0.836245	0.922183	0.0778168	1.484693
2118	-1170.265	-1290.457	120.1916	1.298783	1.263818	0.980222	0.0197781	1.805285
2124	-1195.747	-1316.103	120.3564	1.740662	1.177228	0.886738	0.113262	1.418761
2130	-1176.817	-1296.797	119.9796	1.355431	1.230077	0.867752	0.132248	1.930864
2136	-1165.639	-1284.37	118.7315	1.630879	1.739396	0.97667	0.0233296	2.319142
2142	-1168.811	-1289.001	120.1899	1.497146	1.255519	0.841565	0.158435	1.672155
2148	-1163.982	-1284.55	120.5675	1.659651	0.778955	0.961447	0.0385529	1.626178
2154	-1166.806	-1287.818	121.0119	1.71206	0.9223109	0.957529	0.0424712	1.10247
2160	-1167.569	-1288.259	120.6901	1.882514	1.252667	0.920048	0.0799523	0.9454657
2166	-1173.377	-1294.102	120.7249	2.063195	1.252667	0.941195	0.0588049	0.6517579
2172	-1168.319	-1288.973	120.6537	1.95196	1.252667	0.869131	0.130869	0.9096885
2178	-1179.918	-1300.658	120.7402	1.646559	1.15328	0.774457	0.225543	1.201454
2184	-1171.112	-1291.503	120.3912	1.691198	1.486268	0.912654	0.0873461	1.230021
2190	-1170.977	-1290.822	119.8449	1.661735	1.770794	0.945225	0.0547749	1.528281
2196	-1172.818	-1293.763	120.9446	1.688773	0.9964291	0.817377	0.182623	1.115301
2202	-1183.379	-1303.349	119.9702	1.505382	1.960712	0.908355	0.091645	1.463171
2208	-1169.978	-1290.822	120.8436	1.564656	0.8636343	0.940966	0.0590342	1.41815
2214	-1170.453	-1290.7	120.2468	1.874636	1.553476	0.890258	0.109742	1.154256
2220	-1174.31	-1293.832	119.5224	1.623838	1.640925	0.93739	0.0626102	1.846087
2226	-1177.956	-1298.154	120.1976	1.626882	1.432927	0.960921	0.039079	1.467064
2232	-1169.726	-1289.539	119.8133	1.647156	2.329727	0.89976	0.10024	1.314584
2238	-1170.435	-1290.359	119.9233	1.707721	2.143885	0.904143	0.0958572	1.256748
2244	-1176.636	-1297.225	120.5899	1.707721	1.396871	0.84164	0.15836	1.100707
2250	-1176.494	-1296.536	120.0421	1.767989	1.956566	0.814883	0.185117	1.19654
2256	-1170.976	-1291.066	120.0902	1.689249	1.956566	0.844313	0.155687	1.222682
2262	-1178.705	-1299.002	120.297	1.794697	1.785318	0.856049	0.143951	1.03732
2268	-1180.428	-1301.584	121.1563	1.870929	0.9088414	0.894015	0.105985	0.7937116
2274	-1165.743	-1285.97	120.2276	1.691219	1.588952	0.92786	0.0721401	1.304003
2280	-1176.889	-1296.951	120.0618	1.691219	1.839105	0.943344	0.0566558	1.304003
2286	-1176.616	-1296.266	119.6502	1.523744	2.155556	0.906855	0.0931445	1.604018
2292	-1174.431	-1294.073	119.6421	1.531899	2.155556	0.889414	0.110586	1.604018
2298	-1173.05	-1292.88	119.8303	1.426843	1.94855	0.811458	0.188542	1.629964
2304	-1168.913	-1288.91	119.997	1.639263	2.130231	0.967978	0.032022	1.258691
2310	-1166.013	-1286.464	120.4507	1.723565	1.780208	0.943256	0.0567443	0.9577691
2316	-1179.503	-1299.421	119.9176	1.438713	2.556475	0.907932	0.0920684	1.306984
2322	-1169.329	-1288.254	118.9251	1.472685	2.081993	0.909994	0.0900057	2.161975
2328	-1181.851	-1302.549	120.6978	1.496923	0.7986973	0.853374	0.146626	1.632549
2334	-1174.631	-1294.863	120.2327	1.679177	1.066027	0.946331	0.0536689	1.632549
2340	-1169.444	-1289.181	119.737	1.556276	1.658225	0.960451	0.0395492	1.735927
2346	-1170.701	-1289.923	119.2216	1.233015	0.9368363	0.857106	0.142894	2.672134
2352	-1167.698	-1286.171	118.4734	1.322342	1.966527	0.948397	0.0516027	2.58612
2358	-1172.831	-1290.632	117.8014	1.188607	1.966527	0.921671	0.0783294	3.075669
2364	-1166.281	-1285.571	119.2907	1.449267	1.966527	0.904135	0.0958647	1.980627
2370	-1168.157	-1287.661	119.504	1.449267	1.632554	0.843713	0.156287	1.980627
2376	-1174.835	-1293.66	118.8245	1.260564	2.371294	0.850715	0.149285	2.263177
2382	-1174.54	-1293.748	119.2079	1.322291	1.619953	0.795713	0.204287	2.263177
2388	-1171.09	-1291.06	119.9696	1.453143	1.274159	0.911033	0.0889668	1.845964
2394	-1176.084	-1296.381	120.2972	1.61569	1.474254	0.832034	0.167966	1.374848
2400	-1167.163	-1286.757	119.5937	1.631166	2.098133	0.926608	0.0733919	1.590294
2406	-1168.04	-1286.904	118.8642	1.12772	1.42304	0.857592	0.142408	2.690335
2412	-1186.254	-1306.576	120.3221	1.596618	1.734855	0.923484	0.076516	1.222116
2418	-1189.047	-1309.539	120.4916	1.773486	1.390494	0.886067	0.113933	1.134621
2424	-1189.553	-1310.477	120.9244	1.602418	1.087425	0.913579	0.0864207	1.131814
2430	-1187.26	-1306.858	119.598	1.387871	1.402803	0.952721	0.0472787	2.070098
2436	-1177.001	-1297.729	120.7285	1.778679	1.334242	0.877757	0.122243	0.9436975
2442	-1179.888	-1300.374	120.4851	1.912016	1.379888	0.892456	0.107544	1.018978
2448	-1172.994	-1293.207	120.2124	1.837056	1.54253	0.926781	0.0732188	1.223203
2454	-1164.178	-1284.429	120.2505	1.718305	1.54253	0.953958	0.0460416	1.290199
2460	-1170.005	-1290.349	120.3432	1.62557	1.54253	0.899893	0.100107	1.290199
2466	-1178.76	-1299.366	120.6064	1.816244	1.308294	0.95568	0.04432	1.049713
2472	-1174.394	-1293.661	119.267	1.375999	1.674553	0.787416	0.212584	2.166219
2478	-1179.632	-1299.211	119.5789	1.358115	1.90053	0.746776	0.253224	1.874423
2484	-1177.94	-1297.65	119.7096	1.448823	2.035879	0.909358	0.090642	1.663993
2490	-1182.361	-1303.06	120.6992	1.726434	1.182858	0.884771	0.115229	1.144608
2496	-1174.254	-1295.265	121.0105	1.765434	0.9631031	0.810547	0.189453	1.012633
2502	-1172.04	-1292.07	120.0305	1.737443	2.167093	0.87566	0.12434	1.127653
2508	-1182.584	-1302.681	120.0967	1.570423	2.470876	0.93907	0.0609303	1.074678
2514	-1176.013	-1296.996	120.9828	1.685673	1.147253	0.855281	0.144719	0.9412636
2520	-1171.39	-1291.476	120.0864	1.770172	2.292075	0.943011	0.0569887	0.979057
2526	-1171.546	-1291.118	119.5713	2.007031	3.105061	0.8613	0.1387	0.8701589
2532	-1168.847	-1289.207	120.3604	1.801868	1.933122	0.866037	0.133963	0.8656169
2538	-1167.643	-1287.844	120.2012	1.968929	1.933122	0.89316	0.10684	0.8562707
2544	-1169.061	-1289.102	120.0415	1.906407	2.291304	0.955413	0.0445869	0.8805951
2550	-1166.301	-1285.948	119.647	1.671189	2.543218	0.90763	0.0923696	1.342742
2556	-1164.069	-1284.23	120.1616	1.701611	1.719416	0.958147	0.0418527	1.276918
2562	-1188.405	-1307.856	119.4505	1.572907	2.210676	0.922364	0.0776359	1.69047
2568	-1179.798	-1298.062	118.2639	1.34941	1.708439	0.872276	0.127724	2.797658
2574	-1175.023	-1294.524	119.5013	1.267453	1.971146	0.950168	0.0498318	1.959499
2580	-1173.683	-1292.605	118.9214	1.314187	2.181159	0.912189	0.0878107	2.231189
2586	-1173.832	-1292.787	118.9546	1.417579	2.973824	0.914369	0.085631	1.888206
2592	-1174.915	-1294.136	119.2214	1.438967	1.892994	0.834815	0.165185	2.062986
2598	-1176.303	-1295.481	119.1772	1.601759	2.663442	0.843913	0.156087	1.702398
2604	-1173.096	-1293.081	119.9848	1.482352	1.998693	0.882354	0.117646	1.452498
2610	-1182.288	-1302.381	120.0926	1.599175	2.125745	0.943874	0.056126	1.214203
2616	-1179.726	-1299.694	119.9686	1.794761	2.033837	0.894827	0.105173	1.197695
2622	-1173.863	-1294.047	120.1842	1.551515	1.303603	0.939572	0.0604279	1.608446
2628	-1175.297	-1294.976	119.6789	1.504095	1.207839	0.884072	0.115928	2.045279
2634	-1187.744	-1306.437	118.6934	1.42109	2.664375	0.851478	0.148522	2.151446
2640	-1187.479	-1306.485	119.0057	1.383409	1.913539	0.814905	0.185095	2.231668
2646	-1193.25	-1311.532	118.2823	1.011342	2.094429	0.768056	0.231944	2.848361
2652	-1193.507	-1311.905	118.398	0.8783604	2.125288	0.914231	0.0857692	2.848361
2658	-1177.318	-1296.556	119.238	1.307721	2.146036	0.857372	0.142628	2.04133
2664	-1184.418	-1302.136	117.7182	1.169187	2.149387	0.798979	0.201021	3.074286
2670	-1192.658	-1311.022	118.3642	1.223537	2.643854	0.958356	0.0416435	2.493388
2676	-1193.508	-1312.242	118.7344	1.39065	1.680968	0.802152	0.197848	2.493388
2682	-1189.039	-1307.714	118.6746	1.457765	2.62508	0.921984	0.0780161	2.151844
2688	-1189.695	-1309.385	119.6904	1.332838	0.9798027	0.808252	0.191748	2.28803
2694	-1171.995	-1291.084	119.089	1.428073	1.583181	0.831838	0.168162	2.28803
2700	-1187.716	-1307.45	119.7342	1.494141	2.212348	0.815213	0.184787	1.541388
2706	-1186.94	-1306.576	119.6352	1.541877	2.568693	0.877854	0.122146	1.443218
2712	-1180.549	-1298.046	117.4972	1.086593	2.175431	0.851022	0.148978	3.246089
2718	-1178.332	-1297.633	119.3008	1.325211	1.537298	0.895379	0.104621	2.239067
2724	-1192.895	-1312.386	119.491	1.579701	1.701729	0.911235	0.088765	1.869644
2730	-1184.878	-1304.941	120.0627	1.524428	1.694214	0.73645	0.26355	1.505702
2736	-1181.42	-1301.068	119.6483	1.493822	1.1151	0.878938	0.121062	2.126601
2742	-1180.672	-1300.046	119.3737	1.556904	2.273691	0.78174	0.21826	1.73213
2748	-1166.459	-1285.908	119.4491	1.472241	2.043033	0.855828	0.144172	1.827218
2754	-1173.758	-1294.049	120.2912	1.83219	1.910417	0.860593	0.139407	0.9251814
2760	-1177.68	-1297.907	120.2266	1.790903	2.049895	0.909469	0.0905312	0.9502582
2766	-1166.851	-1287.206	120.3544	1.878116	1.80414	0.890071	0.109929	0.8768297
2772	-1167.305	-1287.499	120.1939	1.815043	1.903763	0.900882	0.0991181	1.045622
2778	-1188.397	-1309.263	120.8661	1.708846	1.136122	0.923892	0.0761082	1.045622
2784	-1181.496	-1302.138	120.6414	1.972396	1.497931	0.844746	0.155254	0.6062201
2790	-1181.435	-1302.142	120.7072	2.026391	1.341677	0.9502	0.0498004	0.6062201
2796	-1182.338	-1303.051	120.7132	1.989393	1.366191	0.91802	0.0819802	0.6358971
2802	-1178.849	-1299.271	120.4218	2.232096	1.468279	0.898442	0.101558	0.5300048
2808	-1187.385	-1307.708	120.3234	2.268057	1.533686	0.89525	0.10475	0.4155372
2814	-1167.763	-1288.471	120.7083	1.887931	1.296941	0.848947	0.151053	0.8785724
2820	-1172.194	-1292.468	120.2742	1.887931	1.915163	0.83232	0.16768	0.8785724
2826	-1174.028	-1294.354	120.3258	1.928957	1.76042	0.860728	0.139272	0.883663
2832	-1170.01	-1290.358	120.3482	1.926639	1.868963	0.966869	0.0331308	0.7711679
2838	-1160.868	-1281.215	120.3466	1.839262	1.517708	0.947134	0.052866	1.119762
2844	-1180.69	-1301.738	121.0489	1.904079	0.9398801	0.848251	0.151749	0.8467163
2850	-1178.2	-1298.721	120.5211	1.831706	1.379783	0.927536	0.0724642	1.061779
2856	-1180.2	-1300.857	120.6574	2.028958	1.34732	0.965383	0.0346174	0.6982441
2862	-1175.117	-1295.825	120.7077	1.886685	1.347516	0.871736	0.128264	0.8314378
2868	-1182.153	-1302.435	120.2818	1.791708	1.652805	0.939411	0.0605888	1.135326
2874	-1178.665	-1298.627	119.9622	2.205989	2.232042	0.943047	0.056953	0.4454108
2880	-1190.252	-1309.941	119.6892	2.205989	2.657106	0.907064	0.0929363	0.7048806
2886	-1175.124	-1295.07	119.9462	2.001283	2.657106	0.93358	0.0664198	0.5884408
2892	-1176.544	-1296.56	120.0161	2.001283	2.50461	0.829233	0.170767	0.5986085
2898	-1182.057	-1302.213	120.1559	2.021162	1.956973	0.833774	0.166226	0.8302186
2904	-1177.074	-1297.031	119.9574	2.109603	2.40093	0.938899	0.0611008	0.6048562
2910	-1158.624	-1279.03	120.4068	2.132703	1.603555	0.941396	0.0586042	0.6025982
2916	-1163.723	-1283.538	119.8153	2.118415	2.332819	0.924388	0.0756115	0.8717589
2922	-1159.522	-1279.6	120.0777	2.147197	2.101982	0.862651	0.137349	0.6105402
2928	-1160.787	-1281.087	120.2997	2.151492	1.744439	0.894034	0.105966	0.5807278
2934	-1162.744	-1283.24	120.496	2.301065	1.284813	0.857491	0.142509	0.4649365
2940	-1168.785	-1289.342	120.5564	2.003545	1.121248	0.92996	0.0700397	1.072676
2946	-1168.075	-1287.903	119.8276	1.637921	2.817605	0.863235	0.136765	1.110096
2952	-1167.353	-1287.409	120.0559	1.690434	1.652138	0.852108	0.147892	1.406045
2958	-1175.144	-1295.055	119.9112	1.837233	2.374735	0.835113	0.164887	1.043478
2964	-1176.263	-1296.388	120.1254	1.878628	1.754582	0.782925	0.217075	1.136915
2970	-1172.302	-1292.836	120.5348	1.940959	1.598892	0.911006	0.0889938	0.7361905
2976	-1177.971	-1299.046	121.0756	2.079036	0.8299699	0.841457	0.158543	0.7361905
2982	-1174.052	-1294.444	120.3924	2.06147	1.630518	0.852054	0.147946	0.7361905
2988	-1181.703	-1302.595	120.8921	1.962953	1.010722	0.748697	0.251303	0.87729
2994	-1176.399	-1296.862	120.463	2.02251	1.458144	0.8362	0.1638	0.8599899
3000	-1171.754	-1292.456	120.7019	2.02251	1.343784	0.863402	0.136598	0.6261041
3006	-1175.238	-1295.913	120.6748	2.051246	1.343784	0.896967	0.103033	0.6221062
3012	-1169.94	-1290.47	120.53	2.064633	1.516912	0.903348	0.0966515	0.6204352
3018	-1164.63	-1285.137	120.5068	2.133666	1.444866	0.862753	0.137247	0.6389611
3024	-1178.94	-1299.139	120.1991	2.007111	1.882268	0.748953	0.251047	0.85008
3030	-1176.073	-1296.149	120.0764	1.912889	2.373877	0.863916	0.136084	0.7738366
3036	-1186.51	-1307.115	120.6051	1.893443	1.319636	0.974789	0.0252112	0.9651588
3042	-1170.086	-1289.781	119.6954	1.506699	1.601117	0.91217	0.0878296	1.826636
3048	-1185.308	-1304.929	119.6205	1.816466	1.29087	0.979197	0.020803	1.826636
3054	-1166.78	-1287.352	120.5722	1.744591	1.466048	0.960777	0.0392232	1.033113
3060	-1169.179	-1289.488	120.3093	1.865831	1.761422	0.916921	0.0830788	0.9695016
3066	-1178.087	-1298.816	120.7288	1.766368	1.036179	0.859545	0.140455	1.202307
3072	-1177.386	-1297.463	120.0768	1.708231	2.046158	0.915864	0.0841358	1.172761
3078	-1173.033	-1292.917	119.8843	1.560834	1.296281	0.855222	0.144778	1.817938
3084	-1178.141	-1297.523	119.3816	1.543461	1.739865	0.964233	0.0357669	1.951258
3090	-1180.189	-1298.521	118.3317	1.323766	1.664462	0.975863	0.0241368	2.789916
3096	-1191.024	-1310.816	119.7919	1.6247	1.198432	0.887903	0.112097	1.894146
3102	-1185.45	-1306.524	121.0746	1.74196	0.907822	0.880459	0.119541	1.029816
3108	-1179.976	-1300.74	120.7638	1.777063	1.201115	0.964047	0.0359534	1.022711
3114	-1173.639	-1293.022	119.3826	1.626821	2.191527	0.964937	0.0350629	1.707724
3120	-1177.732	-1297.292	119.5602	1.504226	2.092645	0.898611	0.101389	1.707724
3126	-1170.439	-1289.4	118.961	1.504226	3.028575	0.858888	0.141112	1.808493
3132	-1174.008	-1293.987	119.9791	1.532809	1.638374	0.909433	0.0905669	1.589232
3138	-1170.057	-1290.331	120.2738	1.439682	1.170699	0.851239	0.148761	1.705425
3144	-1173.319	-1293.643	120.3245	1.536499	1.013284	0.808632	0.191368	1.705425
3150	-1179.708	-1299.312	119.6046	1.333819	1.352934	0.950461	0.0495392	2.126943
3156	-1169.984	-1290.467	120.4826	1.623747	1.352934	0.822988	0.177012	1.294785
3162	-1172.992	-1292.803	119.8113	1.554256	2.464064	0.891302	0.108698	1.335933
3168	-1165.973	-1285.647	119.674	1.602852	1.853108	0.891654	0.108346	1.657742
3174	-1175.341	-1294.716	119.3749	1.645425	1.960508	0.884953	0.115047	1.792291
3180	-1180.837	-1300.565	119.7278	1.490472	1.960508	0.849133	0.150867	1.652844
3186	-1166.645	-1287.4	120.7548	1.621201	1.174054	0.896812	0.103188	1.194741
3192	-1167.441	-1287.38	119.9387	1.82879	2.051507	0.810113	0.189887	1.18534
3198	-1170.172	-1290.353	120.1811	1.607589	1.306858	0.904962	0.095038	1.56787
3204	-1171.365	-1290.974	119.6094	1.539563	2.293671	0.906766	0.0932339	1.56787
3210	-1185.146	-1304.997	119.8512	1.529399	1.974576	0.946309	0.0536905	1.528331
3216	-1176.285	-1295.904	119.6192	1.644275	2.180084	0.920518	0.0794816	1.528331
3222	-1175.044	-1294.902	119.8579	1.565685	2.171456	0.868336	0.131664	1.410568
3228	-1173.13	-1291.803	118.6733	1.343477	2.991057	0.847129	0.152871	2.120131
3234	-1179.53	-1298.401	118.8708	1.231625	2.795321	0.835027	0.164973	2.120131
3240	-1185.638	-1304.485	118.8463	1.252121	2.161959	0.954989	0.0450106	2.325823
3246	-1183.729	-1303.315	119.5868	1.435989	2.117013	0.805787	0.194213	1.727414
3252	-1184.959	-1304.463	119.5047	1.406201	1.847726	0.940166	0.0598339	1.914325
3258	-1179.239	-1298.118	118.8787	1.311867	1.853793	0.819364	0.180636	2.381856
3264	-1182.253	-1301.44	119.187	1.316893	1.933161	0.828091	0.171909	2.149588
3270	-1186.738	-1306.846	120.1081	1.889759	1.573217	0.896158	0.103842	1.248142
3276	-1190.796	-1310.794	119.9983	1.852805	1.573217	0.930806	0.0691937	1.367011
3282	-1171.145	-1291.367	120.2219	1.793727	1.736106	0.911611	0.0883893	1.137299
3288	-1168.496	-1288.498	120.002	1.596459	1.562566	0.95995	0.04005	1.564582
3294	-1170.219	-1290.347	120.1286	1.478734	1.550205	0.969129	0.0308715	1.564582
3300	-1175.434	-1295.972	120.5381	1.618463	0.9768002	0.927361	0.0726385	1.517616
3306	-1184.916	-1304.342	119.4269	1.516747	1.665406	0.913271	0.0867287	1.972026
3312	-1188.768	-1306.843	118.075	1.447067	3.03242	0.876586	0.123414	2.426124
3318	-1196.933	-1314.646	117.7134	1.287107	2.182157	0.882195	0.117805	2.995792
3324	-1177.574	-1296.348	118.7736	1.454559	1.971024	0.786045	0.213955	2.312713
3330	-1163.558	-1282.975	119.4164	1.257729	1.729713	0.883203	0.116797	2.121986
3336	-1164.494	-1283.856	119.3624	1.25067	1.726576	0.920663	0.0793374	2.163198
3342	-1166.973	-1286.747	119.7742	1.624594	1.641864	0.870904	0.129096	1.669106
3348	-1168.763	-1288.97	120.2065	1.624594	1.359275	0.879492	0.120508	1.505207
3354	-1174.387	-1293.266	118.8788	1.580722	2.637697	0.893844	0.106156	1.931161
3360	-1171.489	-1290.352	118.8628	1.436485	2.133939	0.828366	0.171634	2.206868
3366	-1179.564	-1298.78	119.2155	1.505075	2.133939	0.81461	0.18539	1.928918
3372	-1171.535	-1291.234	119.699	1.800162	1.905876	0.892924	0.107076	1.470359
3378	-1174.237	-1294.057	119.8199	1.810092	2.368132	0.903245	0.0967545	1.155363
3384	-1172.889	-1292.791	119.9021	2.002638	2.409809	0.813542	0.186458	0.8593347
3390	-1172.558	-1292.368	119.8097	1.963305	2.245384	0.77472	0.22528	1.084276
3396	-1168.558	-1288.162	119.604	1.88255	2.831669	0.773601	0.226399	1.084977
3402	-1165.76	-1285.507	119.7471	1.892035	2.271373	0.834281	0.165719	1.191394
3408	-1169.015	-1289.581	120.5669	1.957285	1.412459	0.804805	0.195195	0.8552109
3414	-1181.48	-1301.957	120.4764	2.046594	1.414003	0.767641	0.232359	0.8552109
3420	-1180.89	-1300.617	119.7277	1.433011	1.973825	0.896123	0.103877	1.688267
3426	-1177.231	-1296.172	118.9409	1.18042	1.617546	0.883166	0.116834	2.52271
3432	-1192.899	-1310.194	117.2959	1.071751	2.54108	0.867144	0.132856	3.262356
3438	-1188.866	-1308.628	119.7628	1.392054	1.950146	0.835576	0.164424	1.702394
3444	-1183.196	-1302.594	119.398	1.320168	1.775128	0.94857	0.0514297	2.073664
3450	-1181.914	-1301.013	119.0991	1.539215	1.371903	0.89927	0.10073	2.310977
3456	-1180.641	-1299.076	118.4343	1.393332	1.509011	0.869139	0.130861	2.75163
3462	-1179.783	-1299.73	119.9473	1.275538	1.485451	0.860931	0.139069	1.869379
3468	-1179.888	-1299.006	119.1177	1.36138	1.485451	0.946443	0.0535569	2.357171
3474	-1176.38	-1295.13	118.7495	1.350172	3.535821	0.890395	0.109605	1.92106
3480	-1180.332	-1299.258	118.9254	1.442241	1.59597	0.892176	0.107824	2.37741
3486	-1178.559	-1298.89	120.3306	1.465937	1.104862	0.783788	0.216212	1.688918
3492	-1177.085	-1297.268	120.1834	1.670552	1.460096	0.905405	0.0945951	1.42892
3498	-1175.767	-1296.62	120.8531	1.842233	0.9386788	0.903724	0.0962764	1.11283
3504	-1169.496	-1289.22	119.7248	1.741734	2.851975	0.84112	0.15888	1.095159
3510	-1178.66	-1298.214	119.5539	1.370675	2.711736	0.729083	0.270917	1.581569
3516	-1170.249	-1290.437	120.1886	1.622543	1.978047	0.888542	0.111458	1.184619
3522	-1180.81	-1299.477	118.6665	1.286887	3.058592	0.884721	0.115279	2.142907
3528	-1178.418	-1297.409	118.9915	1.397995	3.292645	0.922076	0.0779245	1.7864
3534	-1174.793	-1294.754	119.9608	1.437446	1.620978	0.884946	0.115054	1.67976
3540	-1165.74	-1285.555	119.8156	1.466483	1.795762	0.83742	0.16258	1.67976
3546	-1175.453	-1295.394	119.9401	1.808369	1.820855	0.730554	0.269446	1.316927
3552	-1172.572	-1292.741	120.1688	1.814978	1.898381	0.901341	0.0986592	1.072574
3558	-1185.294	-1305.582	120.2877	1.678287	1.785327	0.863279	0.136721	1.153022
3564	-1174.246	-1292.769	118.5227	1.375509	2.343522	0.803809	0.196191	2.391314
3570	-1180.265	-1298.859	118.5933	1.584813	3.984111	0.86853	0.13147	1.758102
3576	-1183.284	-1302.981	119.6963	1.510679	1.740193	0.890823	0.109177	1.758102
3582	-1167.979	-1288.018	120.0396	1.382219	1.60782	0.917859	0.0821411	1.66944
3588	-1173.258	-1291.996	118.7378	1.42373	1.73869	0.864781	0.135219	2.446522
3594	-1168.781	-1288.361	119.5803	1.260901	1.573051	0.931565	0.0684348	2.08249
3600	-1180.598	-1299.613	119.0148	1.440888	1.79716	0.937204	0.062796	2.235408
3606	-1185.098	-1305.132	120.0341	1.525513	1.438857	0.82442	0.17558	1.65861
3612	-1190.488	-1310.885	120.3966	1.599135	1.541571	0.803753	0.196247	1.268661
3618	-1177.817	-1298.412	120.5944	1.67046	1.486792	0.92974	0.0702601	1.067922
3624	-1176.837	-1297.329	120.4928	1.802831	1.618344	0.871381	0.128619	0.9435676
3630	-1180.247	-1300.4	120.1527	1.54808	1.422337	0.842759	0.157241	1.565439
3636	-1172.764	-1292.56	119.7964	1.654952	2.270526	0.837088	0.162912	1.346777
3642	-1170.741	-1290.937	120.1964	1.675594	1.585046	0.911138	0.0888615	1.343835
3648	-1183.061	-1303.428	120.3672	1.675221	1.585046	0.795916	0.204084	1.203479
3654	-1179.325	-1299.427	120.102	1.262322	1.452312	0.868939	0.131061	1.789028
3660	-1179.573	-1299.392	119.8192	1.531019	2.263782	0.906531	0.0934688	1.428635
3666	-1178.917	-1299.081	120.1641	1.488706	1.303725	0.81156	0.18844	1.668074
3672	-1166.78	-1286.959	120.1791	1.629936	1.305218	0.968326	0.0316736	1.553885
3678	-1166.202	-1286.316	120.1143	1.705196	1.305218	0.954834	0.0451664	1.546124
3684	-1166.497	-1286.665	120.1682	1.705196	1.582529	0.91783	0.0821703	1.344166
3690	-1169.935	-1289.041	119.1067	1.44557	1.973727	0.878701	0.121299	2.102123
3696	-1167.434	-1287.354	119.9201	1.535236	1.973727	0.990608	0.00939158	1.472649
3702	-1171.524	-1291.105	119.5805	1.709492	2.268524	0.941772	0.0582281	1.472649
3708	-1172.718	-1292.833	120.1154	1.828085	2.061148	0.923921	0.0760793	1.018952
3714	-1177.873	-1298.344	120.4703	1.769784	1.592033	0.847094	0.152906	1.018952
3720	-1168.718	-1289.196	120.4775	1.669325	1.507628	0.946322	0.0536781	1.16114
3726	-1186.382	-1306.58	120.1972	1.707812	1.86755	0.902389	0.0976113	1.16114
3732	-1167.808	-1288.338	120.5305	1.575584	1.418494	0.793689	0.206311	1.252899
3738	-1178.678	-1299.062	120.3845	1.465031	1.578509	0.855242	0.144758	1.365249
3744	-1177	-1297.356	120.356	1.486152	1.20088	0.89458	0.10542	1.594095
3750	-1167.262	-1286.549	119.2876	1.540454	2.23937	0.87513	0.12487	1.816294
3756	-1160.387	-1281.097	120.7098	1.425243	0.8969705	0.94988	0.0501196	1.595266
3762	-1171.261	-1291.168	119.9073	1.459131	1.758961	0.940923	0.059077	1.636331
3768	-1171.386	-1291.831	120.4456	1.414341	0.8608366	0.917283	0.0827173	1.818106
3774	-1181.964	-1302.527	120.5632	1.473002	1.187326	0.847522	0.152478	1.458569
3780	-1176.59	-1296.829	120.2389	1.519726	1.537072	0.880528	0.119472	1.458569
3786	-1179.486	-1298.519	119.0324	1.497347	2.605225	0.878337	0.121663	1.894044
3792	-1177.875	-1296.344	118.4691	1.29118	2.698453	0.872688	0.127312	2.368716
3798	-1165.986	-1285.471	119.4847	1.473639	1.809744	0.912975	0.0870254	1.898402
3804	-1174.434	-1294.524	120.0898	1.596574	1.809744	0.812004	0.187996	1.372
3810	-1177.622	-1297.016	119.3946	1.244953	1.789477	0.921698	0.078302	2.119295
3816	-1176.692	-1295.419	118.7273	1.357884	1.706899	0.826065	0.173935	2.507453
3822	-1168.603	-1288.892	120.2886	1.596327	1.706899	0.911334	0.088666	1.265847
3828	-1167.737	-1287.765	120.028	1.652829	2.356254	0.926058	0.0739418	1.115329
3834	-1179.807	-1299.289	119.4822	1.494236	2.735994	0.85562	0.14438	1.535189
3840	-1175.659	-1296.187	120.528	1.67626	1.626362	0.914148	0.0858525	1.03068
3846	-1182.606	-1302.796	120.1907	1.911794	1.045608	0.829392	0.170608	1.507067
3852	-1180.625	-1300.656	120.0307	1.767368	1.04917	0.880523	0.119477	1.72511
3858	-1177.136	-1297.977	120.8411	1.423312	0.7438451	0.843435	0.156565	1.630283
3864	-1182.556	-1302.97	120.4132	1.678589	1.593821	0.832777	0.167223	1.155212
3870	-1185.268	-1305.933	120.6644	1.798342	1.303147	0.95797	0.0420301	1.014856
3876	-1175.776	-1296.156	120.3798	1.757277	1.794153	0.929577	0.0704234	0.9868257
3882	-1181.593	-1300.548	118.9549	1.177378	2.199645	0.918845	0.0811551	2.290973
3888	-1177.638	-1296.684	119.0464	1.308491	2.205321	0.852194	0.147806	2.14528
3894	-1177.636	-1297.425	119.7892	1.183133	1.385665	0.860299	0.139701	2.087807
3900	-1182.027	-1302.162	120.1348	1.426115	1.055114	0.875665	0.124335	1.885159
3906	-1181.142	-1300.865	119.7225	1.450609	1.26247	0.957475	0.0425254	2.020919
3912	-1173.465	-1294.064	120.5986	1.577196	1.180833	0.863082	0.136918	1.354677
3918	-1171.924	-1292.048	120.1246	1.780107	1.938421	0.925614	0.0743863	1.122968
3924	-1173.795	-1294.155	120.3596	1.524768	1.343013	0.897299	0.102701	1.474801
3930	-1178.633	-1299.091	120.4583	1.611423	1.343013	0.965391	0.0346094	1.330748
3936	-1180.727	-1300.852	120.1252	1.74262	1.892067	0.978178	0.021822	1.180385
3942	-1193.706	-1314.107	120.401	1.836897	1.423689	0.849714	0.150286	1.136041
3948	-1183.345	-1304.097	120.752	1.764041	1.190298	0.863175	0.136825	1.055775
3954	-1170.974	-1291.384	120.4101	1.960976	1.394266	0.934723	0.0652772	1.033484
3960	-1174.158	-1294.234	120.0751	2.074639	2.001229	0.910483	0.0895169	0.8316537
3966	-1177.994	-1299.063	121.069	1.806051	0.9736967	0.935733	0.0642665	0.8970957
3972	-1175.911	-1295.689	119.7774	1.860245	2.828392	0.910174	0.0898256	0.9366818
3978	-1166.747	-1287.119	120.3721	1.553422	1.785411	0.892529	0.107471	1.188347
3984	-1170.537	-1290.533	119.9965	1.616157	2.17888	0.898314	0.101686	1.255894
3990	-1175.851	-1295.94	120.0895	1.789791	1.817417	0.896027	0.103973	1.210505
3996	-1173.101	-1292.708	119.607	1.539592	2.321638	0.859937	0.140063	1.558848
4002	-1174.331	-1294.427	120.0961	1.697127	2.021573	0.843502	0.156498	1.178057
4008	-1169.723	-1289.992	120.2692	1.989466	1.856492	0.890649	0.109351	0.803867
4014	-1175.376	-1295.565	120.1891	1.851109	2.047109	0.858203	0.141797	0.9276761
4020	-1174.91	-1295.112	120.202	1.834968	2.052882	0.883836	0.116164	0.9276761
4026	-1174.238	-1294.025	119.7872	1.521858	3.001561	0.875031	0.124969	1.177922
4032	-1184.156	-1303.739	119.5824	1.334533	2.083021	0.909022	0.0909784	1.814491
4038	-1177.017	-1296.562	119.5455	1.828534	2.083021	0.883406	0.116594	1.486122
4044	-1179.574	-1299.546	119.9718	1.519	2.124685	0.884436	0.115564	1.378408
4050	-1177.234	-1297.818	120.584	1.400909	1.17759	0.932697	0.0673026	1.503743
4056	-1181.248	-1300.715	119.4676	1.254214	1.473557	0.933367	0.0666327	2.207414
4062	-1188.614	-1308.479	119.8651	1.664741	2.499435	0.900848	0.0991524	1.185181
4068	-1183.645	-1303.702	120.0568	1.778831	2.029321	0.822832	0.177168	1.136795
4074	-1186.484	-1306.589	120.1049	1.502639	1.455243	0.963607	0.0363928	1.615238
4080	-1179.494	-1299.73	120.2355	1.753688	1.91026	0.879931	0.120069	1.060731
4086	-1174.183	-1294.501	120.3182	1.918409	1.916523	0.905139	0.0948606	0.7839047
4092	-1189.7	-1309.448	119.7482	1.93246	2.154182	0.901131	0.0988693	1.210146
4098	-1182.413	-1302.072	119.6591	1.729893	2.051479	0.922432	0.077568	1.488482
4104	-1172.541	-1292.495	119.9536	1.658119	1.691805	0.939332	0.0606685	1.488482
4110	-1176.758	-1297.117	120.3598	1.626493	1.287482	0.913704	0.0862964	1.431542
4116	-1183.872	-1303.909	120.037	1.794825	1.485244	0.952696	0.0473043	1.431542
4122	-1174.88	-1295.196	120.3164	1.572268	1.207235	0.959693	0.0403069	1.555998
4128	-1171.027	-1291.046	120.0185	1.605447	1.207235	0.958724	0.0412763	1.745891
4134	-1168.826	-1288.794	119.9681	1.652124	1.754054	0.88446	0.11554	1.450915
4140	-1179.217	-1298.945	119.7288	1.619361	2.066539	0.892293	0.107707	1.512612
4146	-1185.777	-1304.57	118.7931	1.61539	3.056579	0.928157	0.0718428	1.839428
4152	-1189.042	-1308.54	119.4986	1.742097	3.077737	0.949627	0.0503729	1.209165
4158	-1178.859	-1298.631	119.7728	1.647017	2.95611	0.904111	0.0958891	1.096353
4164	-1177.234	-1296.998	119.7644	1.744311	2.643269	0.903293	0.096707	1.143101
4170	-1169.424	-1288.814	119.3901	1.791181	2.643269	0.867638	0.132362	1.412708
4176	-1175.579	-1294.594	119.0148	1.663911	1.694428	0.966035	0.0339647	2.134286
4182	-1176.059	-1295.799	119.7408	1.722656	1.577945	0.895438	0.104562	1.654663
4188	-1173.891	-1292.842	118.9517	1.637928	1.400141	0.888741	0.111259	2.327966
4194	-1173.7	-1292.835	119.1348	1.423451	1.452077	0.848562	0.151438	2.322671
4200	-1173.913	-1292.855	118.942	1.564604	2.322874	0.86553	0.13447	2.00417
4206	-1183.768	-1302.755	118.9875	1.328097	2.322874	0.831333	0.168667	2.130146
4212	-1194.315	-1312.963	118.6476	1.482279	2.375326	0.856141	0.143859	2.233035
4218	-1194.694	-1312.865	118.171	1.234127	2.124076	0.897104	0.102896	2.77043
4224	-1183.66	-1303.114	119.4541	1.667859	3.174992	0.90116	0.0988398	1.275104
4230	-1181.193	-1300.569	119.376	1.501356	2.637452	0.75179	0.24821	1.640888
4236	-1168.165	-1287.056	118.8913	1.511739	3.103696	0.823082	0.176918	1.829712
4242	-1179.121	-1298.278	119.1577	1.395556	2.058868	0.791123	0.208877	2.068836
4248	-1180.741	-1299.404	118.6636	1.346413	2.573684	0.827584	0.172416	2.246845
4254	-1171.658	-1290.393	118.735	1.540162	2.990532	0.926856	0.0731442	1.948962
4260	-1172.582	-1291.697	119.1152	1.434011	2.400223	0.928248	0.0717519	1.948962
4266	-1177.998	-1297.401	119.4031	1.651068	2.400223	0.932538	0.067462	1.596883
4272	-1171.473	-1290.773	119.3004	1.660845	2.299875	0.872288	0.127712	1.70075
4278	-1171.366	-1290.762	119.3963	1.747073	3.184609	0.888438	0.111562	1.254118
4284	-1169.792	-1289.664	119.8726	1.692178	1.977016	0.76877	0.23123	1.386955
4290	-1173.52	-1293.05	119.5299	1.936855	2.364204	0.846041	0.153959	1.295051
4296	-1170.076	-1290.204	120.1283	1.784336	1.963233	0.873861	0.126139	1.102261
4302	-1170.072	-1290.233	120.1614	1.799667	1.613022	0.943937	0.0560631	1.255539
4308	-1164.612	-1284.908	120.2961	1.702822	1.663502	0.830426	0.169574	1.194292
4314	-1173.687	-1293.325	119.6384	1.899304	3.41971	0.86517	0.13483	0.7608351
4320	-1172.554	-1292.871	120.3167	1.928079	1.929863	0.746486	0.253514	0.7608351
4326	-1180.212	-1301.127	120.9149	1.93478	1.076053	0.673192	0.326808	0.8059454
4332	-1176.45	-1296.592	120.1418	1.901787	2.157329	0.786652	0.213348	0.8528646
4338	-1171.155	-1291.29	120.1346	1.728842	1.914017	0.743239	0.256761	1.17255
4344	-1174.765	-1294.818	120.0522	1.468938	1.914017	0.827393	0.172607	1.44984
4350	-1169.243	-1289.184	119.9409	1.568117	1.914017	0.911482	0.0885178	1.459088
4356	-1163.827	-1283.817	119.9904	1.581031	1.852513	0.835505	0.164495	1.440303
4362	-1165.901	-1285.343	119.4416	1.430615	2.021836	0.848904	0.151096	1.869322
4368	-1182.03	-1300.889	118.8592	1.19108	1.605482	0.782451	0.217549	2.572172
4374	-1170.394	-1288.996	118.6023	1.355417	1.708913	0.820911	0.179089	2.585972
4380	-1169.688	-1289.713	120.0247	1.361902	1.3521	0.855053	0.144947	1.827225
4386	-1172.152	-1291.438	119.2862	1.434045	2.104825	0.87685	0.12315	1.940183
4392	-1182.881	-1301.932	119.0505	1.362185	2.606446	0.895268	0.104732	1.972588
4398	-1176.184	-1295.901	119.7167	1.523421	2.397061	0.862836	0.137164	1.459832
4404	-1186.567	-1305.992	119.4253	1.561574	2.697304	0.815079	0.184921	1.540632
4410	-1179.53	-1298.704	119.1738	1.53564	2.586628	0.906721	0.093279	1.776632
4416	-1181.974	-1300.362	118.3882	1.58741	3.119457	0.833366	0.166634	2.111875
4422	-1180.068	-1299.08	119.012	1.403877	3.119457	0.86922	0.13078	1.816383
4428	-1192.56	-1311.799	119.2388	1.474105	1.922359	0.857597	0.142403	2.016335
4434	-1192.563	-1311.705	119.1419	1.383755	1.762984	0.834056	0.165944	2.204469
4440	-1186.315	-1305.021	118.7054	1.253017	2.950404	0.880121	0.119879	2.169556
4446	-1191.082	-1308.401	117.3194	1.150066	3.681069	0.918225	0.0817745	2.918745
4452	-1179.625	-1296.802	117.1766	1.167113	3.428957	0.862447	0.137553	3.050408
4458	-1173.229	-1292.266	119.037	1.526441	2.305711	0.880427	0.119573	1.972156
4464	-1183.87	-1303.346	119.4763	1.415715	1.898526	0.81789	0.18211	1.905889
4470	-1181.771	-1300.495	118.724	1.270768	2.486329	0.886615	0.113385	2.283962
4476	-1183.743	-1302.384	118.6414	1.23664	2.38737	0.825587	0.174413	2.389783
4482	-1183.703	-1301.419	117.7156	1.09797	2.370376	0.86679	0.13321	3.048034
4488	-1173.327	-1291.473	118.1464	1.203731	2.640184	0.847297	0.152703	2.641985
4494	-1169.894	-1288.59	118.6964	1.270602	2.266021	0.89118	0.10882	2.373497
4500	-1185.693	-1306.057	120.3645	1.750998	2.11074	0.842046	0.157954	0.7943643
4506	-1181.351	-1301.306	119.9548	1.768176	2.335299	0.844405	0.155595	1.086671
4512	-1185.373	-1305.86	120.4876	1.600195	1.539781	0.93836	0.0616397	1.192168
4518	-1175.124	-1295.576	120.4521	1.469062	1.360763	0.921544	0.0784558	1.43606
4524	-1163.444	-1283.781	120.3369	1.466991	0.8270352	0.958391	0.0416091	1.882773
4530	-1159.521	-1279.991	120.4699	1.827141	1.591992	0.880757	0.119243	0.961497
4536	-1165.725	-1286.216	120.4907	1.751188	1.35612	0.82131	0.17869	1.178879
4542	-1158.778	-1279.294	120.5158	1.550065	1.162394	0.925261	0.074739	1.4528
4548	-1171.74	-1291.826	120.086	1.522253	1.452565	0.91789	0.0821101	1.616181
4554	-1173.737	-1294.14	120.4036	1.409346	1.452565	0.902336	0.0976644	1.464567
4560	-1171.14	-1291.33	120.1903	1.622651	1.452565	0.843117	0.156883	1.464567
4566	-1167.988	-1288.338	120.3506	1.817874	1.020744	0.853276	0.146724	1.475633
4572	-1164.993	-1284.751	119.7586	1.637679	1.568322	0.843738	0.156262	1.707293
4578	-1163.038	-1282.921	119.883	1.512358	1.612014	0.817287	0.182713	1.686194
4584	-1161.03	-1281.045	120.0154	1.706162	1.77531	0.882312	0.117688	1.361614
4590	-1171.247	-1291.211	119.9644	1.787745	2.042394	0.835101	0.164899	1.203084
4596	-1167.199	-1286.772	119.5737	1.434498	1.376781	0.954246	0.0457544	2.068764
4602	-1177.214	-1297.161	119.9479	1.434498	1.761586	0.811437	0.188563	1.62359
4608	-1178.615	-1298.68	120.0656	1.676848	1.376803	0.92395	0.0760496	1.560671
4614	-1174.916	-1294.886	119.97	1.52859	1.133856	0.923311	0.0766887	1.877516
4620	-1180.23	-1298.418	118.1881	1.200915	2.307806	0.971098	0.0289018	2.719516
4626	-1182.172	-1301.721	119.549	1.145734	0.8507935	0.954497	0.0455033	2.581624
4632	-1189.875	-1306.459	116.5839	0.8979956	1.599313	0.988918	0.0110824	4.090444
4638	-1167.555	-1286.349	118.7943	1.260349	1.37649	0.946825	0.0531754	2.673962
4644	-1168.987	-1288.061	119.0745	1.291506	1.452504	0.921678	0.0783219	2.444145
4650	-1165.747	-1284.938	119.1906	1.27022	1.452504	0.916032	0.0839676	2.384359
4656	-1179.365	-1298.986	119.6208	1.343941	1.256784	0.842515	0.157485	2.161028
4662	-1173.399	-1293.879	120.4799	1.548599	1.544208	0.881151	0.118849	1.239816
4668	-1173.575	-1294.21	120.6351	1.729809	1.127352	0.869714	0.130286	1.239816
4674	-1171.066	-1291.583	120.5169	1.700743	0.9756904	0.906997	0.0930029	1.47261
4680	-1172.737	-1292.784	120.0474	1.598217	1.672633	0.853294	0.146706	1.47261
4686	-1169.096	-1288.601	119.5052	1.639446	1.574028	0.956428	0.0435716	1.878983
4692	-1171.644	-1290.215	118.5715	1.275862	1.574028	0.883176	0.116824	2.710901
4698	-1173.693	-1292.832	119.1391	1.450736	1.670284	0.982857	0.0171429	2.202616
4704	-1162.986	-1282.453	119.4665	1.569957	1.868025	0.909644	0.0903559	1.819979
4710	-1170.223	-1289.966	119.7433	1.735263	1.826027	0.915616	0.0843837	1.522945
4716	-1165.389	-1284.783	119.3941	1.64359	2.123404	0.797913	0.202087	1.714353
4722	-1169.836	-1288.289	118.4532	1.308821	2.123404	0.865923	0.134077	2.550866
4728	-1174.7	-1294.161	119.4616	1.856015	2.507049	0.875789	0.124211	1.35719
4734	-1176.986	-1296.205	119.2189	1.418794	2.431973	0.713993	0.286007	1.878222
4740	-1169.728	-1288.705	118.9778	1.441134	2.266135	0.862141	0.137859	2.081976
4746	-1180.145	-1299.035	118.8903	1.347793	1.535651	0.864603	0.135397	2.485947
4752	-1179.927	-1299.463	119.5366	1.540833	2.121354	0.970261	0.0297392	1.687027
4758	-1168.008	-1286.946	118.9382	1.383014	2.663101	0.906794	0.0932064	2.015836
4764	-1172.855	-1292.178	119.3225	1.455571	2.663101	0.808317	0.191683	1.703145
4770	-1173.889	-1293.715	119.8262	1.501518	2.266332	0.812226	0.187774	1.444881
4776	-1177.451	-1297.558	120.1072	1.578974	1.678693	0.955369	0.0446305	1.438601
4782	-1171.969	-1291.25	119.2814	1.568286	1.879106	0.795665	0.204335	1.942482
4788	-1179.154	-1298.204	119.0506	1.255912	1.982924	0.944342	0.0556576	2.258023
4794	-1180.139	-1299.1	118.9612	1.270349	2.297226	0.858093	0.141907	2.193525
4800	-1172.188	-1291.924	119.7355	1.26324	1.159738	0.826912	0.173088	2.193525
4806	-1179.25	-1298.692	119.4422	1.418313	1.351378	0.923997	0.0760032	2.178454
4812	-1180.148	-1300.065	119.9171	1.504496	1.36515	0.807475	0.192525	1.795871
4818	-1178.744	-1298.919	120.1748	1.645728	1.508799	0.891816	0.108184	1.426924
4824	-1186.748	-1306.853	120.1051	1.524368	1.513478	0.804034	0.195966	1.567787
4830	-1183.652	-1303.938	120.2859	1.57909	1.699699	0.94809	0.0519096	1.286123
4836	-1179.119	-1298.223	119.1039	1.59251	3.662513	0.844517	0.155483	1.463389
4842	-1181.692	-1300.501	118.8088	1.558153	3.662513	0.798604	0.201396	1.704362
4848	-1192.834	-1311.33	118.4962	1.407355	4.003948	0.837644	0.162356	1.941703
4854	-1195.148	-1313.461	118.3126	1.690943	4.003948	0.888715	0.111285	1.873997
4860	-1178.453	-1297.798	119.3451	1.240574	1.899074	0.81107	0.18893	2.10969
4866	-1176.489	-1296.189	119.7004	1.31277	1.899074	0.905028	0.0949717	1.822889
4872	-1176.108	-1293.884	117.7755	1.301676	3.247996	0.854025	0.145975	2.648233
4878	-1169.152	-1286.882	117.7303	1.28914	2.722899	0.765625	0.234375	2.820892
4884	-1171.072	-1290.198	119.1262	1.347901	1.898733	0.868628	0.131372	2.182514
4890	-1174.247	-1294.264	120.0164	1.512089	1.736387	0.842818	0.157182	1.528626
4896	-1173.379	-1293.028	119.6494	1.609573	2.210173	0.818603	0.181397	1.519502
4902	-1171.484	-1291.099	119.6151	1.364791	2.097601	0.889447	0.110553	1.765129
4908	-1168.348	-1288.152	119.8046	1.448964	1.655151	0.813152	0.186848	1.765129
4914	-1170.658	-1290.634	119.976	1.546571	1.655151	0.76735	0.23265	1.573027
4920	-1170.538	-1290.469	119.9308	1.498839	1.533884	0.890773	0.109227	1.701098
4926	-1170.088	-1290.39	120.302	1.6117	1.625746	0.850599	0.149401	1.287358
4932	-1171.681	-1291.539	119.8576	1.770811	2.440116	0.843532	0.156468	1.124169
4938	-1174.332	-1294.63	120.298	1.550265	1.222683	0.858246	0.141754	1.575857
4944	-1179.825	-1299	119.1751	1.512266	1.749461	0.882891	0.117109	2.104876
4950	-1188.318	-1307.7	119.3821	1.511264	2.002985	0.87089	0.12911	1.862411
4956	-1179.674	-1299.096	119.4212	1.51515	1.895383	0.945088	0.054912	1.877077
4962	-1179.123	-1299.19	120.0669	1.552392	2.203746	0.914655	0.0853455	1.2391
4968	-1175.8	-1294.345	118.545	1.265439	1.653819	0.940633	0.0593673	2.699611
4974	-1185.129	-1303.648	118.519	1.192623	2.608172	0.889238	0.110762	2.426206
4980	-1182.292	-1301.623	119.3309	1.530117	2.326709	0.808022	0.191978	1.761342
4986	-1188.554	-1307.012	118.4576	1.138783	2.439013	0.852556	0.147444	2.550005
4992	-1181.85	-1301.871	120.0212	1.448648	1.912642	0.837363	0.162637	1.489367
4998	-1175.854	-1296.088	120.2333	1.703281	1.642813	0.844341	0.155659	1.25882
5004	-1177.919	-1298.32	120.4014	1.76103	1.441064	0.91592	0.08408	1.190656
5010	-1181.919	-1302.05	120.1313	1.811204	2.28366	0.765308	0.234692	0.8914121
5016	-1181.643	-1301.879	120.2363	1.792614	1.5747	0.753484	0.246516	1.221148
5022	-1187.633	-1307.749	120.1161	1.808168	2.0207	0.861363	0.138637	1.060003
5028	-1186.331	-1306.139	119.8076	1.781443	2.300737	0.853346	0.146654	1.220915
5034	-1177.217	-1297.032	119.8152	1.577186	2.168342	0.916289	0.0837111	1.435935
5040	-1192.618	-1311.47	118.8521	1.563633	2.235406	0.768446	0.231554	2.09484
5046	-1184.864	-1303.996	119.1326	1.342213	2.127548	0.828386	0.171614	2.09484
5052	-1179.207	-1297.48	118.2726	1.498818	3.720519	0.785878	0.214122	2.09484
5058	-1182.801	-1302.83	120.0289	1.63623	1.832805	0.856732	0.143268	1.377253
5064	-1173.397	-1292.277	118.88	1.258645	2.272862	0.830619	0.169381	2.261718
5070	-1171.274	-1290.309	119.0349	1.384894	2.914491	0.853143	0.146857	1.873215
5076	-1181.371	-1299.368	117.9976	1.372069	2.914491	0.739197	0.260803	2.553058
5082	-1174.915	-1293.187	118.2718	1.197435	2.70553	0.817984	0.182016	2.549349
5088	-1176.445	-1294.53	118.0854	1.320665	2.117842	0.864812	0.135188	2.771992
5094	-1189.044	-1309.172	120.1287	1.197772	1.34614	0.923183	0.076817	1.871681
5100	-1182.996	-1302.507	119.5108	1.389035	1.894536	0.744895	0.255105	1.902239
5106	-1175.698	-1294.665	118.9667	1.250135	1.913635	0.92678	0.0732205	2.341866
5112	-1185.663	-1304.829	119.1659	1.040571	1.930817	0.904562	0.0954375	2.341866
5118	-1174.447	-1293.477	119.0293	1.303019	2.20224	0.833004	0.166996	2.161057
5124	-1171.763	-1291.261	119.498	1.396549	2.421915	0.84958	0.15042	1.703509
5130	-1171.658	-1291.514	119.8556	1.361547	1.752483	0.88684	0.11316	1.745358
5136	-1177.671	-1296.523	118.8515	1.103684	1.983002	0.860962	0.139038	2.480742
5142	-1174.785	-1294.056	119.2705	1.316871	1.115634	0.916091	0.0839085	2.480742
5148	-1165.545	-1285.408	119.8631	1.517046	1.695829	0.821819	0.178181	1.656321
5154	-1180.031	-1299.334	119.303	1.395611	2.039846	0.859792	0.140208	1.979554
5160	-1190.366	-1310.546	120.1805	1.585915	1.893329	0.820253	0.179747	1.26558
5166	-1188.516	-1308.766	120.2501	1.357838	1.666399	0.839128	0.160872	1.504134
5172	-1180.084	-1299.617	119.533	1.74451	3.072226	0.88964	0.11036	1.179451
5178	-1172.11	-1291.774	119.6639	1.717397	2.603246	0.801342	0.198658	1.268205
5184	-1167.227	-1286.82	119.5937	1.549913	1.742198	0.891344	0.108656	1.801212
5190	-1165.15	-1284.894	119.7436	1.589678	1.742198	0.885408	0.114592	1.667964
5196	-1160.568	-1280.014	119.4455	1.625818	2.66438	0.860864	0.139136	1.489006
5202	-1181.206	-1300.694	119.4888	1.505886	2.743716	0.844252	0.155748	1.519022
5208	-1170.399	-1290.383	119.9841	1.632661	1.47936	0.883243	0.116757	1.595468
5214	-1174.143	-1294.032	119.8892	1.327342	1.690174	0.953446	0.0465539	1.774453
5220	-1166.092	-1286.105	120.014	1.539781	1.52563	0.929876	0.070124	1.616535
5226	-1167.512	-1287.732	120.2199	1.740542	1.448025	0.908032	0.0919681	1.352879
5232	-1171.353	-1290.542	119.1893	1.573748	2.58148	0.867536	0.132464	1.740906
5238	-1166.377	-1286.264	119.8868	1.655999	1.299274	0.898958	0.101042	1.748381
5244	-1170.632	-1289.885	119.2521	1.626777	1.436094	0.92641	0.07359	2.123601
5250	-1176.331	-1296.357	120.0258	1.788575	2.039508	0.894125	0.105875	1.150412
5256	-1166.265	-1286.469	120.2046	1.600635	1.499203	0.843772	0.156228	1.444006
5262	-1167.184	-1287.213	120.0292	1.631842	2.052902	0.871089	0.128911	1.274348
5268	-1186.591	-1306.207	119.6159	1.631842	1.892181	0.880604	0.119396	1.661284
5274	-1179.037	-1298.71	119.6733	1.754463	1.706347	0.720849	0.279151	1.617004
5280	-1180.244	-1299.566	119.3222	1.558011	2.631604	0.792699	0.207301	1.640793
5286	-1187.605	-1307.872	120.267	1.732497	1.461778	0.807224	0.192776	1.313334
5292	-1177.723	-1298.562	120.8388	1.8471	1.20554	0.902583	0.0974172	0.8638398
5298	-1179.69	-1300.491	120.8012	1.901356	1.20554	0.878867	0.121133	0.8437431
5304	-1181.357	-1301.628	120.2716	2.018403	1.995003	0.878003	0.121997	0.6003584
5310	-1172.128	-1293.259	121.1314	2.08289	0.8277848	0.873221	0.126779	0.6287514
5316	-1170.781	-1291.289	120.5078	2.020893	1.623698	0.87671	0.12329	0.5927212
5322	-1165.408	-1285.505	120.0976	2.024775	2.220519	0.904064	0.0959361	0.6910092
5328	-1178.848	-1298.288	119.4399	2.024775	3.418571	0.781112	0.218888	0.8571802
5334	-1169.821	-1289.803	119.9818	1.99602	2.399726	0.888979	0.111021	0.7713689
5340	-1175.812	-1295.543	119.7312	1.99602	3.051251	0.978287	0.021713	0.6933517
5346	-1181.314	-1301.176	119.8618	1.982079	2.835984	0.830451	0.169549	0.6463971
5352	-1172.593	-1292.777	120.1838	2.047332	2.07795	0.902979	0.0970214	0.6295331
5358	-1179.438	-1299.669	120.2309	1.926648	2.07795	0.888685	0.111315	0.7614438
5364	-1185.02	-1304.967	119.9465	1.942987	2.694336	0.763439	0.236561	0.6841077
5370	-1188.974	-1308.981	120.0069	1.925424	2.475905	0.837818	0.162182	0.7816259
5376	-1176.707	-1296.791	120.084	2.014513	2.237797	0.888444	0.111556	0.7161512
5382	-1180.621	-1301.023	120.402	2.137137	1.599609	0.896072	0.103928	0.6113193
5388	-1190.647	-1310.397	119.7506	2.156313	2.697192	0.89322	0.10678	0.6461967
5394	-1179.802	-1300.272	120.4703	2.250444	1.380597	0.768954	0.231046	0.4704081
5400	-1176.783	-1297.014	120.2316	2.223925	1.753833	0.896336	0.103664	0.474172
5406	-1181.987	-1301.888	119.9011	2.263963	2.243356	0.915451	0.0845492	0.5426463
5412	-1173.084	-1293.332	120.2481	2.01802	2.061061	0.91311	0.08689	0.5426463
5418	-1170.471	-1290.498	120.027	2.22759	2.0811	0.866202	0.133798	0.5426463
5424	-1165.978	-1286.582	120.6044	2.158217	1.325926	0.899797	0.100203	0.5426463
5430	-1170.741	-1291.485	120.7443	2.045784	1.238731	0.940554	0.0594463	0.6716642
5436	-1173.073	-1293.16	120.087	1.876487	2.097412	0.914761	0.0852394	0.9782693
5442	-1174.131	-1293.769	119.6383	1.688724	2.469228	0.805998	0.194002	1.364491
5448	-1170.787	-1290.885	120.0984	1.705892	1.645068	0.888466	0.111534	1.364491
5454	-1179.228	-1299.163	119.9355	1.210224	1.147842	0.815473	0.184527	2.104709
5460	-1176.773	-1293.64	116.8672	1.155229	2.064259	0.789857	0.210143	3.611225
5466	-1181.63	-1300.44	118.8103	1.348963	2.402211	0.841222	0.158778	2.205206
5472	-1181.328	-1299.607	118.2791	1.457157	3.700632	0.885155	0.114845	2.12252
5478	-1179.018	-1297.85	118.8314	1.467526	3.078738	0.919462	0.080538	1.907903
5484	-1177.972	-1296.922	118.9491	1.264119	2.367282	0.775735	0.224265	2.181787
5490	-1183.737	-1302.846	119.1089	1.317853	2.367282	0.859673	0.140327	2.041908
5496	-1185.519	-1304.918	119.3996	1.45111	1.64778	0.816422	0.183578	2.041908
5502	-1179.777	-1298.659	118.8822	1.404604	1.564271	0.897384	0.102616	2.442521
5508	-1179.059	-1298.616	119.5563	1.648102	2.489644	0.854217	0.145783	1.451721
5514	-1173.258	-1293.319	120.0612	1.481766	1.598564	0.914793	0.0852075	1.586667
5520	-1175.404	-1296.176	120.7724	1.556474	0.9786773	0.933952	0.0660479	1.384716
5526	-1173.296	-1293.106	119.8104	1.405818	1.319683	0.880076	0.119924	1.960637
5532	-1180.157	-1300.611	120.4539	1.632821	1.634487	0.858107	0.141893	1.134695
5538	-1182.681	-1303.347	120.6659	1.739428	1.401186	0.876858	0.123142	0.9943879
5544	-1186.614	-1305.828	119.2146	1.686662	2.495272	0.862957	0.137043	1.672801
5550	-1181.561	-1301.505	119.9439	1.390113	1.679116	0.869495	0.130505	1.697226
5556	-1173.609	-1293.505	119.8967	1.361271	1.679116	0.904256	0.095744	1.750783
5562	-1179.34	-1299.738	120.3976	1.516449	1.346856	0.872831	0.127169	1.449969
5568	-1177.461	-1297.313	119.8523	1.430946	1.617241	0.867204	0.132796	1.762633
5574	-1174.503	-1294.972	120.4686	1.680703	1.208998	0.954077	0.045923	1.356192
5580	-1168.222	-1288.753	120.531	1.672752	1.104667	0.950551	0.0494487	1.38691
5586	-1172.509	-1293.021	120.5128	1.535336	1.039355	0.947259	0.052741	1.551936
5592	-1172.146	-1291.411	119.2648	1.32405	1.870493	0.863182	0.136818	2.119112
5598	-1184.599	-1304.216	119.6163	1.311247	1.24032	0.910495	0.0895052	2.194183
5604	-1178.304	-1297.615	119.3109	1.359678	2.589439	0.925543	0.0744575	1.802669
5610	-1168.668	-1289.31	120.6414	1.750533	1.262216	0.951494	0.0485058	1.113668
5616	-1171.082	-1292.162	121.0802	1.865328	0.9224072	0.917902	0.0820977	0.8775428
5622	-1168.175	-1288.945	120.7706	1.925775	1.25014	0.913334	0.0866657	0.8029823
5628	-1174.704	-1295.614	120.9093	1.960402	1.057413	0.845355	0.154645	0.8029823
5634	-1172.96	-1294.073	121.1135	1.772627	0.6971919	0.969323	0.030677	1.193041
5640	-1169.168	-1290.204	121.0367	1.738389	0.7819562	0.939006	0.0609944	1.197367
5646	-1167.626	-1287.764	120.1386	1.780156	1.738548	0.945068	0.0549319	1.220108
5652	-1166.586	-1287.473	120.8879	1.795264	0.9245418	0.927377	0.0726225	1.137193
5658	-1157.622	-1278.213	120.5908	1.943847	1.358048	0.903292	0.0967076	0.8926166
5664	-1168.746	-1289.167	120.4218	1.909538	1.529066	0.895602	0.104398	0.9723511
5670	-1170.888	-1290.934	120.0459	1.689774	0.8952535	0.92528	0.0747201	1.877291
5676	-1174.111	-1293.935	119.8238	1.820221	2.276316	0.90478	0.0952204	1.184832
5682	-1173.883	-1294.096	120.2135	1.706137	1.834043	0.951043	0.0489573	1.166647
5688	-1172.256	-1292.692	120.4366	1.743576	1.074242	0.851374	0.148626	1.427295
5694	-1171.667	-1291.867	120.1996	1.553618	1.496533	0.866813	0.133187	1.485015
5700	-1175.173	-1294.857	119.6839	1.631459	2.788707	0.850825	0.149175	1.251683
5706	-1177.156	-1297.138	119.9818	1.636605	1.515459	0.814591	0.185409	1.574825
5712	-1177.38	-1296.833	119.4535	1.620222	2.036599	0.80389	0.19611	1.723739
5718	-1177.559	-1296.649	119.0907	1.633191	3.646356	0.75462	0.24538	1.44696
5724	-1177.657	-1297.098	119.4415	1.779537	3.869801	0.761053	0.238947	0.9466685
5730	-1176.112	-1295.517	119.4056	1.779537	2.614643	0.85553	0.14447	1.420183
5736	-1174.857	-1294.504	119.6477	1.779537	2.614643	0.746296	0.253704	1.225301
5742	-1162.241	-1281.762	119.5211	1.399535	2.212905	0.838954	0.161046	1.761926
5748	-1173.759	-1293.672	119.9132	1.512858	1.800032	0.842465	0.157535	1.57387
5754	-1175.207	-1294.612	119.4043	1.479003	2.241354	0.831876	0.168124	1.777242
5760	-1186.971	-1306.265	119.2941	1.291157	2.175336	0.90859	0.0914097	2.004315
5766	-1190.896	-1309.908	119.0116	1.422762	3.652974	0.808538	0.191462	1.658851
5772	-1184.761	-1304.23	119.4687	1.531034	2.612974	0.856389	0.143611	1.560332
5778	-1187.924	-1307.027	119.1026	1.411702	2.903942	0.792951	0.207049	1.811469
5784	-1177.568	-1296.961	119.3931	1.507209	2.543521	0.935004	0.0649959	1.656599
5790	-1174.962	-1293.933	118.9716	1.53412	2.011643	0.908829	0.0911707	2.117986
5796	-1165.836	-1285.677	119.8409	1.450672	1.387283	0.866021	0.133979	1.873358
5802	-1177.792	-1297.387	119.5945	1.469159	2.592022	0.908413	0.0915865	1.520389
5808	-1171.462	-1291.054	119.5923	1.364171	1.902184	0.915021	0.0849785	1.86045
5814	-1169.091	-1288.979	119.8886	1.465149	1.368635	0.958673	0.0413273	1.840821
5820	-1189.661	-1309.024	119.3623	1.5291	2.434504	0.883802	0.116198	1.701263
5826	-1174.731	-1295.163	120.4325	1.5291	1.718218	0.851896	0.148104	1.194929
5832	-1178.533	-1298.66	120.127	1.5291	1.178912	0.879201	0.120799	1.740761
5838	-1175.732	-1295.693	119.9616	1.324494	1.658649	0.814058	0.185942	1.740761
5844	-1179.716	-1297.674	117.9581	1.244797	1.906389	0.844577	0.155423	2.969793
5850	-1177.163	-1295.423	118.2601	1.237805	2.928065	0.901368	0.0986317	2.469362
5856	-1178.111	-1297.023	118.9114	1.184056	2.49172	0.933734	0.0662664	2.217522
5862	-1175.277	-1294.568	119.2906	1.365227	1.853904	0.888248	0.111752	2.081882
5868	-1177.385	-1296.646	119.2611	1.533024	2.38566	0.893761	0.106239	1.786794
5874	-1175.667	-1295.171	119.5031	1.405465	2.21684	0.831733	0.168267	1.768846
5880	-1176.436	-1295.963	119.5268	1.464736	2.175847	0.786327	0.213673	1.726375
5886	-1186.965	-1306.533	119.5678	1.474153	1.715487	0.906122	0.0938778	1.883023
5892	-1189.758	-1309.185	119.4264	1.474153	2.211821	0.90869	0.0913098	1.776354
5898	-1166.166	-1285.425	119.2583	1.514969	1.998957	0.902126	0.0978742	1.945435
5904	-1177.604	-1297.226	119.6217	1.328482	1.665494	0.788334	0.211666	1.967664
5910	-1175.784	-1294.859	119.0749	1.328482	3.260184	0.865159	0.134841	1.785634
5916	-1176.651	-1296.014	119.3634	1.621318	2.917222	0.828362	0.171638	1.46844
5922	-1183.039	-1302.276	119.2377	1.746966	2.917222	0.884506	0.115494	1.46844
5928	-1185.588	-1306.018	120.4303	1.628689	1.410029	0.726872	0.273128	1.297
5934	-1177.028	-1297.231	120.2035	2.072156	2.019554	0.90963	0.0903704	0.6003243
5940	-1169.817	-1290.829	121.012	1.862315	1.118312	0.918931	0.0810687	0.7118893
5946	-1175.498	-1296.44	120.9414	1.944616	1.118312	0.93206	0.0679398	0.6914678
5952	-1177.513	-1298.107	120.5942	1.746838	1.494865	0.881935	0.118065	0.9878689
5958	-1180.785	-1301.024	120.2391	1.551481	1.732547	0.975008	0.0249918	1.328817
5964	-1172.901	-1292.976	120.0751	1.593879	1.44308	0.910817	0.0891835	1.577152
5970	-1175.516	-1295.696	120.1803	1.692951	1.202624	0.870925	0.129075	1.57025
5976	-1176.319	-1296.313	119.9933	1.652575	1.700654	0.931041	0.0689594	1.458173
5982	-1169.429	-1289.169	119.7402	1.281505	1.700654	0.893333	0.106667	1.903514
5988	-1180.982	-1299.531	118.5486	1.256214	1.50652	0.925137	0.0748633	2.766666
5994	-1183.144	-1301.984	118.8394	1.691944	1.172672	0.900452	0.0995477	2.48356
6000	-1166.189	-1285.346	119.1569	1.38667	1.77537	0.810861	0.189139	2.187682
6006	-1168.344	-1286.977	118.6338	1.392734	1.77537	0.936451	0.0635485	2.516104
6012	-1162.912	-1283.374	120.4617	1.49966	1.092836	0.903918	0.0960824	1.578205
6018	-1169.22	-1289.369	120.1495	1.736826	1.765575	0.893349	0.106651	1.232558
6024	-1173.675	-1293.583	119.9085	1.689068	1.77258	0.900548	0.0994516	1.459024
6030	-1163.932	-1284.535	120.6028	1.65094	1.251492	0.919311	0.080689	1.241646
6036	-1169.505	-1289.46	119.9551	1.584459	2.258115	0.845438	0.154562	1.28093
6042	-1168.926	-1289.373	120.4463	1.552044	1.230408	0.861085	0.138915	1.459003
6048	-1171.7	-1291.673	119.9732	1.504876	1.679846	0.801144	0.198856	1.59338
6054	-1177.255	-1297.515	120.2602	1.675475	1.679846	0.858036	0.141964	1.238653
6060	-1172.922	-1292.521	119.5999	1.601778	1.378143	0.869584	0.130416	1.939127
6066	-1180.953	-1299.439	118.4868	1.433275	2.914	0.930027	0.069973	2.204622
6072	-1174.166	-1293.833	119.6668	1.490472	2.485499	0.856362	0.143638	1.488983
6078	-1180.98	-1299.744	118.7642	1.323268	2.675514	0.774714	0.225286	2.16563
6084	-1185.788	-1304.606	118.8183	1.497667	2.675514	0.699904	0.300096	2.01544
6090	-1180.351	-1299.003	118.6519	1.316753	1.795782	0.783314	0.216686	2.544066
6096	-1172.518	-1291.712	119.1938	1.282999	1.679831	0.802063	0.197937	2.27124
6102	-1175.991	-1293.783	117.7919	1.206039	4.11585	0.86889	0.13111	2.502848
6108	-1175.176	-1293.465	118.2899	1.293315	4.339794	0.869819	0.130181	2.082161
6114	-1183.298	-1302.06	118.7625	1.368288	2.861633	0.922011	0.0779889	2.082161
6120	-1187.038	-1305.746	118.7084	1.226101	3.112229	0.848667	0.151333	2.140713
6126	-1178.942	-1298.24	119.2981	1.466249	3.112229	0.929038	0.070962	1.571145
6132	-1178.809	-1298.273	119.4647	1.585933	2.668631	0.916243	0.0837572	1.503103
6138	-1178.042	-1297.546	119.5041	1.482089	2.786291	0.921375	0.0786249	1.510889
6144	-1165.706	-1285.256	119.5498	1.532148	1.929824	0.891018	0.108982	1.762226
6150	-1173.051	-1292.377	119.3261	1.660916	2.092263	0.903821	0.0961791	1.762226
6156	-1170.15	-1289.618	119.4683	1.646741	2.837859	0.86479	0.13521	1.395026
6162	-1169.598	-1289.695	120.0971	1.892776	1.775318	0.854827	0.145173	1.137594
6168	-1167.216	-1287.483	120.2667	1.695392	1.79871	0.841026	0.158974	1.14889
6174	-1179.645	-1299.457	119.8116	1.871571	2.68951	0.894214	0.105786	0.9553841
6180	-1184.326	-1304.147	119.8207	2.029501	2.613037	0.843974	0.156026	0.8027138
6186	-1176.552	-1296.363	119.8108	1.973915	2.36726	0.841676	0.158324	1.011929
6192	-1174.153	-1294.272	120.1185	1.742434	1.945501	0.913503	0.0864972	1.158101
6198	-1175.381	-1295.511	120.1308	1.69905	2.109036	0.921002	0.0789981	1.100791
6204	-1184.712	-1304.645	119.9329	1.867275	2.249345	0.848093	0.151907	1.05677
6210	-1177.84	-1298.156	120.3154	1.675483	1.787842	0.82466	0.17534	1.129459
6216	-1181.93	-1302.047	120.117	1.804411	1.267524	0.843499	0.156501	1.493402
6222	-1167.661	-1287.088	119.4273	1.568949	2.23605	0.912234	0.0877656	1.699976
6228	-1166.722	-1285.454	118.7315	1.444903	2.595126	0.913896	0.086104	2.132376
6234	-1174.688	-1292.697	118.0084	1.208991	2.595126	0.924917	0.075083	2.736674
6240	-1177.631	-1295.403	117.7722	1.531491	2.41922	0.938234	0.0617664	2.736674
6246	-1172.504	-1290.538	118.0336	1.27479	2.654737	0.849318	0.150682	2.663492
6252	-1175.102	-1293.146	118.044	1.279564	3.495364	0.921417	0.0785833	2.435259
6258	-1182.131	-1301.364	119.233	1.515277	1.940693	0.886023	0.113977	1.98543
6264	-1178.239	-1296.367	118.1281	1.176375	3.590945	0.892849	0.107151	2.424952
6270	-1175.198	-1293.342	118.1437	1.261885	1.905468	0.834821	0.165179	2.847785
6276	-1167.368	-1286.647	119.2787	1.376666	2.383407	0.909615	0.0903854	1.882938
6282	-1168.027	-1287.216	119.1889	1.270449	2.235503	0.87407	0.12593	2.066107
6288	-1172.17	-1289.66	117.4898	1.113942	2.392798	0.793954	0.206046	3.166233
6294	-1178.83	-1297.965	119.1359	1.391434	2.356808	0.842496	0.157504	1.978571
6300	-1170.161	-1289.271	119.1101	1.391895	3.167095	0.910495	0.0895054	1.742927
6306	-1161.125	-1280.799	119.674	1.328369	1.745819	0.890999	0.109001	1.896429
6312	-1175.164	-1294.032	118.8676	1.330805	1.643548	0.940358	0.0596424	2.463305
6318	-1172.896	-1291.854	118.958	1.330805	3.041157	0.875797	0.124203	1.925376
6324	-1176.018	-1294.721	118.7034	1.280675	1.51119	0.924375	0.0756255	2.654647
6330	-1174.628	-1293.792	119.1644	1.309231	2.181319	0.798816	0.201184	2.076105
6336	-1174.886	-1293.424	118.5374	1.231955	2.737927	0.833467	0.166533	2.351451
6342	-1171.664	-1291.029	119.3654	1.288741	1.869296	0.879939	0.120061	2.076731
6348	-1177.38	-1295.727	118.3469	1.35961	2.454637	0.850998	0.149002	2.476368
6354	-1185.101	-1303.834	118.7337	1.258447	2.454637	0.958152	0.0418483	2.295678
6360	-1180.779	-1299.804	119.0251	1.305272	2.310737	0.794353	0.205647	2.12464
6366	-1176.058	-1294.159	118.1012	1.301254	2.621137	0.893963	0.106037	2.615222
6372	-1170.812	-1289.445	118.6332	1.182188	1.856816	0.915647	0.084353	2.615222
6378	-1175.969	-1294.959	118.9908	1.076766	1.662571	0.894937	0.105063	2.536984
6384	-1179.57	-1299.711	120.1411	1.356925	1.337156	0.789596	0.210404	1.758244
6390	-1184.328	-1301.999	117.6717	1.277349	1.619637	0.754188	0.245812	3.232031
6396	-1173.025	-1290.761	117.7354	1.293156	3.259592	0.816387	0.183613	2.675359
6402	-1188.202	-1307.658	119.4568	1.501973	2.498655	0.888094	0.111906	1.630363
6408	-1181.985	-1300.759	118.7741	1.402519	2.498655	0.825521	0.174479	2.162703
6414	-1185.441	-1304.347	118.9056	1.358287	2.14249	0.937262	0.0627384	2.226651
6420	-1182.566	-1301.43	118.8638	1.400082	2.14249	0.789555	0.210445	2.226651
6426	-1179.008	-1297.562	118.5548	1.583461	2.378327	0.861609	0.138391	2.226651
6432	-1175.611	-1294.069	118.4574	1.439994	2.291763	0.810057	0.189943	2.408885
6438	-1175.828	-1295.32	119.4917	1.51434	2.332594	0.840934	0.159066	1.656689
6444	-1185.265	-1304.102	118.8367	1.284317	2.169799	0.904246	0.0957535	2.30863
6450	-1185.469	-1304.17	118.701	1.341551	2.18583	0.83805	0.16195	2.352971
6456	-1186.482	-1304.908	118.4257	1.283321	3.205587	0.803536	0.196464	2.261954
6462	-1177.434	-1296.443	119.0092	1.28303	1.412011	0.89987	0.10013	2.509665
6468	-1183.909	-1303.534	119.6251	1.539565	2.025789	0.8114	0.1886	1.663718
6474	-1177.461	-1297.543	120.0824	1.688527	2.025789	0.900345	0.099655	1.195194
6480	-1176.841	-1296.711	119.8701	1.631701	2.66624	0.912102	0.0878985	1.139681
6486	-1176.043	-1295.267	119.2238	1.589649	3.255717	0.791192	0.208808	1.49148
6492	-1174.254	-1293.566	119.3124	1.480772	2.469089	0.900203	0.0997968	1.758213
6498	-1173.72	-1292.391	118.6712	1.294608	1.549474	0.828921	0.171079	2.648839
6504	-1170.658	-1290.695	120.037	1.475571	1.347231	0.920163	0.0798367	1.74241
6510	-1172.212	-1291.924	119.712	1.715494	2.354482	0.927394	0.0726056	1.330746
6516	-1173.087	-1292.489	119.402	1.537275	1.226688	0.925304	0.0746961	2.194126
6522	-1177.633	-1296.431	118.7979	1.393811	1.97438	0.914197	0.0858032	2.334689
6528	-1175.723	-1295.545	119.8218	1.359405	1.453667	0.854143	0.145857	1.913761
6534	-1165.798	-1286.191	120.3936	1.465672	1.22883	0.947185	0.0528152	1.56389
6540	-1169.811	-1289.442	119.6312	1.60609	2.140459	0.860373	0.139627	1.56389
6546	-1175.98	-1296.279	120.2995	1.623708	1.582645	0.918278	0.0817218	1.304008
6552	-1167.525	-1286.886	119.3608	1.483976	2.084418	0.885422	0.114578	1.863498
6558	-1168.59	-1287.908	119.3182	1.367985	2.088898	0.848502	0.151498	1.969103
6564	-1174.629	-1294.21	119.581	1.553356	1.407272	0.88204	0.11796	1.969103
6570	-1182.323	-1301.054	118.7312	1.38278	3.549394	0.911447	0.0885532	1.908015
6576	-1173.442	-1291.43	117.9875	1.170357	1.513672	0.795122	0.204878	3.152873
6582	-1173.069	-1292.256	119.1871	1.2949	1.72299	0.926421	0.0735793	2.249436
6588	-1179.308	-1297.466	118.1582	1.213704	2.77745	0.908694	0.0913058	2.589382
6594	-1178.973	-1297.812	118.8396	1.10739	1.918974	0.991467	0.00853289	2.509806
6600	-1177.628	-1297.372	119.7433	1.364324	0.9932541	0.861599	0.138401	2.225078
6606	-1170.953	-1291.67	120.7166	1.569991	1.07071	0.93684	0.0631605	1.346712
6612	-1170.378	-1290.527	120.1486	1.460612	1.404982	0.90351	0.0964899	1.641661
6618	-1162.157	-1282.199	120.042	1.460612	1.445555	0.9039	0.0960997	1.69561
6624	-1168.739	-1288.881	120.1415	1.431157	1.040661	0.961902	0.0380981	1.886699
6630	-1174.476	-1294.072	119.5959	1.663032	1.016784	0.967657	0.0323429	2.111557
6636	-1166.75	-1286.214	119.4636	1.260538	1.410266	0.970794	0.0292056	2.236845
6642	-1166.991	-1286.13	119.1391	1.236225	1.721836	0.928146	0.0718538	2.318218
6648	-1172.106	-1291.597	119.4916	1.48486	1.901175	0.835908	0.164092	1.847185
6654	-1172.592	-1291.865	119.2729	1.322104	1.506208	0.860167	0.139833	2.273491
6660	-1173.35	-1292.454	119.1039	1.291609	1.291092	0.882282	0.117718	2.505237
6666	-1181.325	-1300.023	118.6982	1.314098	2.81474	0.930847	0.0691535	2.173218
6672	-1182.412	-1300.614	118.2018	1.391393	1.114414	0.837134	0.162866	3.087856
6678	-1182.632	-1301.956	119.3242	1.516685	1.793169	0.951907	0.0480931	1.984599
6684	-1173.847	-1293.394	119.5469	1.629855	2.308643	0.895594	0.104406	1.541566
6690	-1183.148	-1302.258	119.11	1.478655	2.634398	0.933372	0.0666283	1.844415
6696	-1176.868	-1297.272	120.4038	1.791664	1.211311	0.952679	0.047321	1.317687
6702	-1177.18	-1297.351	120.171	1.911242	1.507398	0.930181	0.0698193	1.216957
6708	-1188.825	-1308.66	119.8352	1.911242	2.763857	0.826639	0.173361	0.8456641
6714	-1179.282	-1298.878	119.5954	1.687182	2.207845	0.87278	0.12722	1.502756
6720	-1172.409	-1292.493	120.0845	1.673522	1.661658	0.953196	0.0468041	1.391936
6726	-1173.887	-1293.783	119.8963	1.859663	2.48486	0.922224	0.0777756	0.9813949
6732	-1179.348	-1299.115	119.7667	1.63677	2.48486	0.892867	0.107133	1.297061
6738	-1173.981	-1293.868	119.8865	1.963335	1.954953	0.876601	0.123399	1.162926
6744	-1176.845	-1296.694	119.8495	1.765299	2.380849	0.898674	0.101326	1.162926
6750	-1185.646	-1304.683	119.0368	1.539093	3.275746	0.914743	0.085257	1.659791
6756	-1169.732	-1288.827	119.0952	1.397305	2.637135	0.929979	0.0700212	1.909047
6762	-1171.813	-1290.994	119.1808	1.490712	3.099045	0.913151	0.0868488	1.642466
6768	-1177.26	-1295.034	117.7739	1.216926	2.691189	0.878352	0.121648	2.84714
6774	-1184.034	-1303.664	119.6304	1.392381	1.078841	0.939961	0.0600393	2.226042
6780	-1171.911	-1292.283	120.3714	1.543995	1.116849	0.831037	0.168963	1.595529
6786	-1171.808	-1291.866	120.0581	1.61798	1.711365	0.948642	0.0513582	1.429622
6792	-1185.592	-1305.286	119.6939	1.512261	1.777385	0.954127	0.0458727	1.741751
6798	-1183.33	-1303.389	120.059	1.53468	1.501275	0.942937	0.0570629	1.600466
6804	-1188.666	-1309.204	120.5377	1.679978	0.8353037	0.961634	0.0383657	1.58509
6810	-1181.111	-1301.806	120.6944	1.763434	1.212203	0.864634	0.135366	1.092386
6816	-1187.89	-1307.429	119.5395	1.741709	1.093089	0.917424	0.0825758	2.048643
6822	-1188.682	-1307.663	118.981	1.598284	3.244529	0.85372	0.14628	1.666205
6828	-1185.282	-1305.368	120.0863	1.741636	1.863727	0.923535	0.0764645	1.229385
6834	-1192.344	-1313.116	120.7719	1.705402	1.093327	0.873075	0.126925	1.17061
6840	-1179.604	-1300.281	120.6771	1.685342	1.202572	0.936078	0.0639223	1.184845
6846	-1175.653	-1296.123	120.4703	1.762631	1.187643	0.881958	0.118042	1.304049
6852	-1183.166	-1302.903	119.7365	1.239368	1.704605	0.832436	0.167564	1.932692
6858	-1175.282	-1294.067	118.7847	1.39856	2.189077	0.804851	0.195149	2.262035
6864	-1172.265	-1291.925	119.6598	1.51128	1.147756	0.888516	0.111484	2.088116
6870	-1176.237	-1295.384	119.1473	1.559446	2.761596	0.841367	0.158633	1.721432
6876	-1170.096	-1289.811	119.7148	1.508805	1.795199	0.850805	0.149195	1.721432
6882	-1169.262	-1288.735	119.4729	1.504597	1.795199	0.930525	0.0694746	1.891687
6888	-1166.782	-1286.634	119.8518	1.488532	1.795199	0.769061	0.230939	1.638347
6894	-1182.372	-1301.139	118.7666	1.555033	3.131432	0.871276	0.128724	1.877648
6900	-1183.217	-1301.209	117.9924	1.302191	2.363905	0.908654	0.0913464	2.759407
6906	-1173.893	-1292.377	118.4836	1.266106	2.011856	0.910528	0.089472	2.598111
6912	-1180.277	-1300.22	119.9431	1.906194	2.367902	0.849061	0.150939	0.9455042
6918	-1185.477	-1305.779	120.3016	1.902967	2.095894	0.868849	0.131151	0.6655249
6924	-1179.059	-1299.256	120.1968	2.048126	2.027918	0.88667	0.11333	0.6628059
6930	-1184.613	-1304.98	120.3677	1.855939	2.027918	0.900914	0.0990857	0.7025912
6936	-1169.311	-1290.033	120.7217	1.855939	1.393736	0.911149	0.0888514	0.8061879
6942	-1169.831	-1290.197	120.3658	1.886	1.804679	0.795567	0.204433	0.8536702
6948	-1168.83	-1289.137	120.3071	1.948739	1.804679	0.878032	0.121968	0.8487257
6954	-1176.959	-1296.598	119.6388	1.66857	2.900645	0.863082	0.136918	1.216684
6960	-1171.698	-1291.625	119.9277	1.736714	2.600299	0.802989	0.197011	1.016888
6966	-1178.314	-1297.791	119.4769	1.75681	3.639818	0.817017	0.182983	1.016888
6972	-1174.462	-1294.248	119.7861	1.648325	2.965566	0.820209	0.179791	1.079073
6978	-1177.304	-1297.054	119.7503	1.527199	2.262059	0.890234	0.109766	1.484696
6984	-1184.322	-1304.453	120.131	1.615605	2.235894	0.882338	0.117662	1.113117
6990	-1183.578	-1303.794	120.2165	1.877044	1.739034	0.86141	0.13859	1.064119
6996	-1172.516	-1292.187	119.6702	1.534503	2.839989	0.844057	0.155943	1.323387
7002	-1180.488	-1300.097	119.6089	1.551461	2.809234	0.862948	0.137052	1.369565
7008	-1175.409	-1295.251	119.842	1.559892	2.455035	0.916283	0.0837169	1.310365
7014	-1178.363	-1298.324	119.9604	1.865595	1.601287	0.818921	0.181079	1.371207
7020	-1180.864	-1300.415	119.551	1.616224	2.50059	0.722763	0.277237	1.475894
7026	-1186.026	-1306.124	120.0975	1.588757	2.150308	0.833383	0.166617	1.207201
7032	-1187.749	-1308.007	120.2574	1.621797	2.150308	0.902339	0.0976608	1.032706
7038	-1178.736	-1298.854	120.1176	1.514622	1.443172	0.907405	0.0925947	1.603915
7044	-1179.283	-1299.58	120.2971	1.632966	1.27239	0.761089	0.238911	1.483847
7050	-1177.081	-1296.159	119.0787	1.572041	2.014988	0.876449	0.123551	2.021112
7056	-1183.255	-1302.705	119.4499	1.389403	1.998788	0.764072	0.235928	1.900908
7062	-1181.84	-1301.293	119.4523	1.660812	3.584037	0.817543	0.182457	1.148002
7068	-1183.673	-1302.289	118.6163	1.539627	3.584037	0.922655	0.0773449	1.870767
7074	-1180.779	-1300.71	119.9309	1.399735	1.981865	0.736482	0.263518	1.562064
7080	-1179.493	-1299.344	119.851	1.497847	1.981865	0.908523	0.0914767	1.548637
7086	-1184.443	-1303.615	119.1714	1.321134	1.947087	0.90016	0.0998401	2.151513
7092	-1182.811	-1302.572	119.7611	1.575595	2.340842	0.935833	0.0641669	1.407866
7098	-1188.394	-1308.158	119.7646	1.509618	1.605629	0.886737	0.113263	1.774535
7104	-1182.006	-1302.695	120.6891	1.536277	1.16783	0.757391	0.242609	1.324326
7110	-1166.015	-1286.498	120.4828	1.536277	1.435611	0.84319	0.15681	1.313479
7116	-1170.335	-1291.539	121.2038	1.6439	0.8581579	0.841659	0.158341	1.052245
7122	-1179.627	-1299.678	120.0508	1.821474	2.147838	0.86203	0.13797	1.040681
7128	-1180.021	-1300.313	120.2923	1.83479	1.770291	0.882016	0.117984	1.012201
7134	-1171.034	-1291.653	120.619	1.851071	1.674736	0.897461	0.102539	0.6532752
7140	-1168.6	-1289.287	120.6864	1.85833	1.510556	0.85587	0.14413	0.7269491
7146	-1179.776	-1300.395	120.619	1.750879	1.578426	0.84766	0.15234	0.8926594
7152	-1173.779	-1293.605	119.8257	1.64164	1.837341	0.868876	0.131124	1.526038
7158	-1174.932	-1294.139	119.2069	1.387991	3.245587	0.842602	0.157398	1.654767
7164	-1180	-1299.097	119.0971	1.549932	3.763419	0.899194	0.100806	1.473508
7170	-1182.861	-1302	119.1395	1.587708	2.725246	0.763225	0.236775	1.718746
7176	-1191.409	-1310.029	118.6206	1.463149	4.478305	0.842969	0.157031	1.712693
7182	-1185.612	-1305.255	119.6438	1.420631	2.368095	0.887055	0.112945	1.601366
7188	-1188.874	-1308.381	119.5066	1.976069	2.134437	0.908569	0.0914307	1.380492
7194	-1184.997	-1304.818	119.8218	2.04377	2.612294	0.923119	0.0768809	0.782455
7200	-1175.529	-1295.132	119.6031	2.04377	3.123317	0.937942	0.0620581	0.7728147
7206	-1176.779	-1296.191	119.4125	1.870671	3.345469	0.912684	0.0873163	1.075451
7212	-1161.944	-1281.694	119.7503	1.816891	2.774948	0.901372	0.0986277	1.032743
7218	-1169.668	-1289.309	119.641	1.81169	2.917396	0.797199	0.202801	1.08141
7224	-1180.343	-1300.704	120.3603	1.549203	1.62958	0.84989	0.15011	1.288613
7230	-1179.383	-1299.361	119.9777	1.753974	2.299068	0.905975	0.0940254	1.096109
7236	-1177.722	-1297.709	119.987	1.706333	1.382475	0.82805	0.17195	1.59342
7242	-1176.665	-1297.723	121.0575	1.788612	0.9234058	0.913356	0.0866436	0.9838975
7248	-1185.698	-1305.806	120.1075	1.761744	2.478824	0.890848	0.109152	0.8604742
7254	-1180.661	-1301.09	120.4284	1.702069	1.803195	0.855405	0.144595	0.9877117
7260	-1192.33	-1313.006	120.676	1.708397	1.483815	0.820134	0.179866	0.9516045
7266	-1186.622	-1307.328	120.7068	1.876478	1.342997	0.889518	0.110482	0.8496371
7272	-1180.209	-1299.948	119.7397	2.036939	2.644026	0.796429	0.203571	0.8756782
7278	-1169.734	-1289.799	120.0648	1.994692	2.147339	0.833552	0.166448	0.8402633
7284	-1174.69	-1295.33	120.6397	2.064566	1.346022	0.798367	0.201633	0.6666345
7290	-1166.021	-1286.749	120.7273	1.985494	1.308241	0.895857	0.104143	0.7070452
7296	-1170.321	-1291.146	120.8247	1.941774	1.058553	0.901104	0.0988962	0.9245169
7302	-1170.271	-1289.993	119.7228	1.747338	2.62005	0.922839	0.0771607	1.186445
7308	-1182.32	-1302.338	120.0177	1.683474	1.738366	0.784295	0.215705	1.396457
7314	-1168.06	-1288.369	120.3085	1.656124	1.436754	0.791581	0.208419	1.356287
7320	-1168.774	-1289.242	120.4686	1.592339	1.494262	0.88082	0.11918	1.243047
7326	-1175.161	-1294.298	119.1372	1.592339	3.320818	0.781857	0.218143	1.534986
7332	-1171.709	-1291.987	120.2777	1.753352	1.574811	0.756513	0.243487	1.219318
7338	-1170.478	-1290.197	119.7186	1.934623	2.981603	0.920471	0.079529	0.8425337
7344	-1182.006	-1302.516	120.5102	1.855766	1.600608	0.83247	0.16753	0.8793654
7350	-1178.563	-1298.724	120.1614	1.842633	2.065873	0.848278	0.151722	0.9548359
7356	-1179.014	-1299.154	120.14	1.842633	2.10347	0.854266	0.145734	0.9548359
7362	-1167.025	-1286.648	119.6234	1.576706	2.389441	0.88347	0.11653	1.493006
7368	-1177.292	-1296.054	118.7616	1.390611	2.646167	0.892058	0.107942	2.132384
7374	-1190.47	-1308.54	118.0695	1.004363	2.472694	0.943574	0.0564261	2.860312
7380	-1189.129	-1307.723	118.5938	1.264927	2.169403	0.820143	0.179857	2.474616
7386	-1182.589	-1301.402	118.8126	1.405838	2.068461	0.949906	0.0500936	2.282667
7392	-1189.357	-1307.858	118.5008	1.264021	2.992902	0.898268	0.101732	2.282667
7398	-1180.084	-1299.394	119.3094	1.437655	1.972252	0.874406	0.125594	1.973634
7404	-1190.332	-1309.802	119.4697	1.461953	2.165558	0.88287	0.11713	1.77228
7410	-1182.889	-1302.6	119.7113	1.395656	1.726887	0.8442	0.1558	1.833424
7416	-1178.042	-1297.647	119.605	1.295989	1.283229	0.909649	0.0903508	2.188064
7422	-1167.256	-1286.56	119.3034	1.256677	1.91226	0.830429	0.169571	2.121154
7428	-1170.285	-1289.578	119.2928	1.126277	1.449554	0.914542	0.0854575	2.412125
7434	-1162.169	-1280.941	118.7726	1.274701	2.306574	0.946457	0.0535431	2.308817
7440	-1170.16	-1289.421	119.2615	1.250002	1.545327	0.947947	0.0520532	2.308817
7446	-1176.113	-1294.836	118.7239	1.231727	2.150202	0.943156	0.0568435	2.420395
7452	-1173.622	-1292.645	119.0224	1.286527	1.582764	0.863614	0.136386	2.420395
7458	-1171.576	-1291.026	119.4506	1.411452	2.35121	0.95076	0.0492396	1.751769
7464	-1186.53	-1306.673	120.143	1.889783	1.719753	0.83489	0.16511	1.131607
7470	-1191.123	-1311.243	120.1206	1.907828	1.719753	0.769086	0.230914	1.135453
7476	-1180.072	-1300.422	120.3502	1.974696	1.773485	0.868371	0.131629	0.7855049
7482	-1178.671	-1298.716	120.0451	1.892714	2.21727	0.853475	0.146525	0.935719
7488	-1179.58	-1299.655	120.0742	1.911793	2.194996	0.877155	0.122845	0.8960281
7494	-1185.928	-1305.686	119.7578	1.627054	2.974496	0.838679	0.161321	1.121002
7500	-1182.878	-1302.558	119.6803	1.685316	3.196086	0.818073	0.181927	1.053563
7506	-1178.266	-1298.125	119.859	1.696468	2.674718	0.901621	0.098379	1.087361
7512	-1177.701	-1297.361	119.6599	1.75307	2.959536	0.882728	0.117272	1.10132
7518	-1184.158	-1303.449	119.2913	1.676007	4.029416	0.925946	0.0740543	1.138789
7524	-1182.589	-1302.568	119.9789	1.725036	2.57697	0.898462	0.101538	0.9886694
7530	-1185.158	-1305.037	119.8794	1.725036	2.57697	0.935197	0.0648032	1.084798
7536	-1183.566	-1302.869	119.3023	1.57105	3.839956	0.930896	0.0691036	1.274297
7542	-1177.491	-1297.148	119.6579	1.55956	2.220542	0.834727	0.165273	1.546156
7548	-1177.52	-1297.257	119.7364	1.594065	2.062522	0.803343	0.196657	1.527469
7554	-1178.966	-1298.605	119.6389	1.578539	2.480159	0.956722	0.0432777	1.445404
7560	-1174.156	-1294.411	120.2545	2.115523	1.82421	0.839379	0.160621	0.6587728
7566	-1182.953	-1303.402	120.4498	1.931341	1.748959	0.772235	0.227765	0.7257383
7572	-1173.383	-1293.61	120.227	2.056175	1.98559	0.908133	0.0918673	0.6330826
7578	-1180.688	-1300.7	120.0121	2.056175	2.403465	0.892608	0.107392	0.5972518
7584	-1179.091	-1299.034	119.9434	2.208736	2.228606	0.833194	0.166806	0.6185465
7590	-1178.222	-1298.654	120.4323	2.037077	1.544663	0.896522	0.103478	0.8003762
7596	-1183.978	-1304.275	120.2977	2.004489	1.888378	0.928843	0.0711567	0.7105469
7602	-1170.422	-1290.787	120.365	1.993217	1.798843	0.791022	0.208978	0.7105469
7608	-1173.013	-1293.54	120.5268	1.849812	1.770231	0.826559	0.173441	0.7105469
7614	-1173.62	-1293.694	120.0736	1.875618	2.373884	0.89543	0.10457	0.8271735
7620	-1178.688	-1298.628	119.94	1.964442	1.553671	0.770841	0.229159	1.335709
7626	-1165.925	-1285.301	119.3766	1.505353	1.878787	0.951145	0.0488554	1.920886
7632	-1168.434	-1288.537	120.1032	1.626074	1.644177	0.915029	0.0849708	1.4235
7638	-1167.402	-1288.019	120.6168	1.939861	1.436058	0.847908	0.152092	0.7907975
7644	-1170.939	-1291.175	120.2358	1.727921	1.632987	0.797978	0.202022	1.241819
7650	-1167.885	-1287.186	119.3011	1.39581	1.772045	0.934308	0.065692	2.089013
7656	-1176.046	-1295.165	119.1189	1.29065	1.891619	0.936819	0.0631813	2.22709
7662	-1163.919	-1283.993	120.0738	1.483186	1.699812	0.921651	0.0783486	1.5254
7668	-1166.013	-1286.929	120.9155	1.536678	1.171019	0.851614	0.148386	1.130258
7674	-1180.392	-1300.665	120.2726	1.455663	1.07383	0.872219	0.127781	1.757539
7680	-1174.09	-1294.331	120.2409	1.779118	1.618876	0.963516	0.036484	1.202401
7686	-1168.748	-1289.215	120.4675	1.699351	1.592754	0.806869	0.193131	1.088214
7692	-1169.743	-1289.456	119.7129	1.420049	1.745736	0.881985	0.118015	1.807018
7698	-1176.533	-1294.795	118.2617	1.30426	2.705047	0.817208	0.182792	2.489174
7704	-1175.414	-1295.839	120.4244	1.495598	1.155143	0.924558	0.0754422	1.56669
7710	-1183.144	-1303.333	120.1893	1.325659	1.074873	0.927391	0.0726093	1.903604
7716	-1183.775	-1303.421	119.6462	1.551404	1.682879	0.831723	0.168277	1.791059
7722	-1185.596	-1305.608	120.0117	1.537295	1.75361	0.954766	0.0452337	1.504992
7728	-1193.437	-1313.59	120.1534	1.664243	1.75361	0.942419	0.0575805	1.295801
7734	-1175.712	-1296.214	120.502	1.717143	1.41659	0.913875	0.0861253	1.157499
7740	-1179.955	-1299.929	119.974	1.82415	2.221623	0.777971	0.222029	1.072674
7746	-1175.211	-1294.975	119.764	1.834332	2.827753	0.86511	0.13489	0.9781837
7752	-1171.632	-1291.995	120.3625	1.834332	1.84238	0.901404	0.0985964	0.8901392
7758	-1179.949	-1299.994	120.0443	1.725263	1.995967	0.819065	0.180935	1.211238
7764	-1174.662	-1294.698	120.0359	1.698972	2.055718	0.794209	0.205791	1.211238
7770	-1178.535	-1299.121	120.5853	1.572168	1.50252	0.907877	0.0921228	1.155067
7776	-1171.234	-1291.589	120.3555	1.687855	1.394528	0.929832	0.0701684	1.319356
7782	-1169.02	-1288.38	119.3602	1.593861	1.982303	0.850618	0.149382	1.829146
7788	-1171.751	-1291.272	119.5214	1.675337	2.216594	0.950502	0.0494979	1.56295
7794	-1167.503	-1287.393	119.8899	1.650969	1.471798	0.845118	0.154882	1.654315
7800	-1174.193	-1293.947	119.7536	1.71924	2.525872	0.896407	0.103593	1.222866
7806	-1180.324	-1300.248	119.9241	1.555946	1.912159	0.818357	0.181643	1.481897
7812	-1171.462	-1291.539	120.0765	1.444992	1.093836	0.901354	0.0986457	1.887028
7818	-1170.203	-1289.944	119.7418	1.583406	1.512712	0.924885	0.0751151	1.785088
7824	-1172.231	-1292.207	119.9758	1.500084	1.369396	0.957757	0.0422435	1.755803
7830	-1163.002	-1283.096	120.0941	1.719878	1.242763	0.942507	0.0574933	1.588407
7836	-1166.428	-1286.408	119.9798	1.523135	1.935359	0.971985	0.0280146	1.453912
7842	-1167.853	-1287.614	119.7612	1.514982	1.826673	0.894388	0.105612	1.670053
7848	-1180.624	-1299.945	119.3204	1.711479	2.449313	0.883567	0.116433	1.595124
7854	-1181.582	-1300.86	119.278	1.428883	2.388232	0.850149	0.149851	1.846095
7860	-1177.261	-1296.726	119.4647	1.429862	1.598378	0.843931	0.156069	2.035498
7866	-1171.927	-1291.328	119.4011	1.375769	1.98525	0.943885	0.0561153	1.948442
7872	-1175.744	-1295.898	120.154	1.198674	1.179722	0.911042	0.0889578	1.948442
7878	-1173.304	-1293.623	120.3197	1.513951	1.510579	0.875686	0.124314	1.415787
7884	-1171.562	-1292.049	120.4865	1.65405	1.134313	0.86006	0.13994	1.414906
7890	-1168.708	-1288.869	120.1609	1.58054	1.658985	0.887301	0.112699	1.406238
7896	-1164.211	-1284.437	120.226	1.652721	1.59953	0.924875	0.0751247	1.33037
7902	-1173.589	-1293.41	119.8205	1.604822	1.837185	0.955941	0.0440586	1.557155
7908	-1178.025	-1297.191	119.1665	1.599986	2.777671	0.756964	0.243036	1.673931
7914	-1169.47	-1289.488	120.0179	1.574743	1.905331	0.81593	0.18407	1.398809
7920	-1166.296	-1286.062	119.7659	1.432214	1.501947	0.896952	0.103048	1.877959
7926	-1172.623	-1293.092	120.469	1.709469	1.379629	0.9092	0.0908002	1.217348
7932	-1163.765	-1284.374	120.6087	1.830674	1.340347	0.928624	0.0713764	1.008167
7938	-1166.991	-1287.744	120.7533	1.927546	1.302953	0.770384	0.229616	0.7637246
7944	-1165.597	-1286.226	120.6289	2.011325	1.429031	0.954318	0.0456817	0.6653548
7950	-1178.962	-1298.24	119.2783	1.417164	1.882245	0.858076	0.141924	2.044147
7956	-1175.894	-1295.247	119.3529	1.605153	2.154489	0.875479	0.124521	1.758132
7962	-1166.813	-1287.115	120.3023	1.555562	0.9828948	0.97342	0.0265802	1.729143
7968	-1181.259	-1301.74	120.4809	1.676421	1.514201	0.927582	0.0724182	1.147606
7974	-1181.43	-1300.655	119.225	1.591155	3.833992	0.864543	0.135457	1.322505
7980	-1185.365	-1305.497	120.1316	1.793597	1.889853	0.879472	0.120528	1.131019
7986	-1179.911	-1300.21	120.299	1.795672	1.527148	0.835841	0.164159	1.194077
7992	-1177.658	-1298.016	120.3575	1.715057	1.525794	0.838978	0.161022	1.2138
7998	-1177.966	-1298.485	120.5186	1.698387	1.336337	0.876506	0.123494	1.2138
8004	-1176.772	-1295.523	118.7512	1.540764	2.639658	0.810468	0.189532	2.042559
8010	-1175.461	-1295.271	119.8103	1.537527	2.906955	0.85157	0.14843	1.179562
8016	-1167.26	-1287.487	120.2268	1.898437	1.667009	0.860547	0.139453	1.079406
8022	-1168.709	-1288.704	119.9953	1.845245	2.27715	0.841008	0.158992	1.003124
8028	-1178.317	-1298.375	120.0585	1.964681	2.205557	0.861872	0.138128	0.8455544
8034	-1179.82	-1300.033	120.2134	1.941478	1.73606	0.870563	0.129437	1.006699
8040	-1168.696	-1288.675	119.9791	1.835162	1.515497	0.910637	0.0893634	1.427976
8046	-1170.639	-1290.621	119.9827	1.565215	2.248956	0.92084	0.0791601	1.278027
8052	-1192.57	-1311.183	118.613	1.255052	2.248956	0.836497	0.163503	2.441677
8058	-1181.372	-1300.268	118.8966	1.317312	1.295659	0.893451	0.106549	2.615775
8064	-1191.165	-1310.295	119.1293	1.397301	2.527	0.865774	0.134226	1.921727
8070	-1178.949	-1298.135	119.1861	1.192644	1.817821	0.820043	0.179957	2.276436
8076	-1177.173	-1296.057	118.8835	1.311746	1.244299	0.857383	0.142617	2.653697
8082	-1179.418	-1298.234	118.8169	1.230347	1.737332	0.839458	0.160542	2.518634
8088	-1170.249	-1289.268	119.0192	1.274813	1.792312	0.839304	0.160696	2.340829
8094	-1170.615	-1289.627	119.0124	1.281624	1.620588	0.898563	0.101437	2.413129
8100	-1170.351	-1288.445	118.0937	1.26614	2.94095	0.846391	0.153609	2.552055
8106	-1178.554	-1296.827	118.2731	1.199447	2.689002	0.914699	0.0853011	2.552055
8112	-1174.691	-1294.241	119.5497	1.365271	1.996789	0.754704	0.245296	1.850079
8118	-1181.307	-1300.662	119.3557	1.559312	1.996789	0.882436	0.117564	1.850079
8124	-1176.64	-1295.176	118.5354	1.632848	3.092258	0.915696	0.0843035	1.991982
8130	-1181.742	-1300.254	118.5119	1.288297	1.904978	0.931047	0.068953	2.606314
8136	-1190.756	-1309.353	118.5967	1.223505	1.872323	0.931017	0.0689834	2.606314
8142	-1176.586	-1296.413	119.8272	1.600033	2.545631	0.83609	0.16391	1.253092
8148	-1165.088	-1284.946	119.8583	1.553396	2.545631	0.755834	0.244166	1.265909
8154	-1170.563	-1289.952	119.3889	1.518255	3.215609	0.935121	0.0648794	1.43246
8160	-1184.233	-1303.101	118.8682	1.278059	1.695482	0.990692	0.00930845	2.474047
8166	-1178.361	-1297.088	118.7272	1.156157	1.144595	0.936198	0.0638024	2.897183
8172	-1175.334	-1294.631	119.2968	1.214351	1.144595	0.849573	0.150427	2.511886
8178	-1175.35	-1294.354	119.0036	1.341344	2.590784	0.915226	0.0847742	2.022747
8184	-1175.939	-1295.534	119.5959	1.520681	1.196212	0.841311	0.158689	2.095714
8190	-1173.003	-1293.22	120.2165	1.461858	1.038912	0.833248	0.166752	1.815419
8196	-1177.02	-1296.905	119.8853	1.623561	2.3971	0.929906	0.0700936	1.246488
8202	-1184.609	-1304.713	120.1041	1.649749	2.311045	0.848001	0.151999	1.06968
8208	-1176.764	-1296.887	120.1225	1.759146	1.974701	0.854595	0.145405	1.124165
8214	-1167.392	-1287.758	120.3662	1.759146	1.774094	0.899404	0.100596	1.011453
8220	-1179.299	-1299.462	120.1623	1.890956	1.972161	0.892207	0.107793	0.9604257
8226	-1179.561	-1299.985	120.4243	1.890956	1.461011	0.892096	0.107904	1.038188
8232	-1182.146	-1302.726	120.5798	1.933263	1.461011	0.889192	0.110808	0.8234042
8238	-1177.531	-1298.008	120.4771	2.074804	1.461011	0.889692	0.110308	0.7712359
8244	-1170.152	-1290.445	120.2924	2.074804	1.849281	0.84226	0.15774	0.6299217
8250	-1168.668	-1288.764	120.0966	1.765754	2.477629	0.91822	0.08178	0.8693235
8256	-1162.377	-1282.97	120.5924	2.023471	1.443348	0.824166	0.175834	0.6909087
8262	-1171.31	-1291.586	120.2754	2.057583	1.8639	0.881923	0.118077	0.6827677
8268	-1183.753	-1303.842	120.0894	2.055539	2.269281	0.876409	0.123591	0.5731733
8274	-1181.991	-1302.079	120.0877	2.175505	2.003752	0.879875	0.120125	0.6539637
8280	-1179.509	-1299.557	120.0479	2.052921	2.35256	0.77969	0.22031	0.575407
8286	-1178.353	-1298.276	119.9228	2.052921	2.564917	0.860614	0.139386	0.631661
8292	-1174.664	-1294.689	120.0257	1.897122	2.103518	0.8054	0.1946	1.015642
8298	-1181.647	-1300.988	119.3405	1.646489	3.205932	0.85551	0.14449	1.373465
8304	-1178.204	-1296.355	118.1515	1.351531	4.84293	0.889373	0.110627	2.035065
8310	-1173.668	-1292.529	118.8605	1.498869	3.119003	0.811608	0.188392	1.855329
8316	-1168.56	-1287.655	119.0949	1.494873	2.675822	0.860032	0.139968	1.830309
8322	-1165.353	-1284.505	119.1524	1.492117	2.997314	0.902493	0.0975072	1.692238
8328	-1168.669	-1287.597	118.9277	1.379388	1.918414	0.811825	0.188175	2.282408
8334	-1171.204	-1290.114	118.9104	1.415284	2.137756	0.90046	0.0995397	2.188446
8340	-1172.292	-1289.977	117.6856	1.247293	3.689272	0.813238	0.186762	2.634272
8346	-1167.986	-1287.87	119.8836	1.459228	2.491088	0.923868	0.0761324	1.343387
8352	-1177.641	-1297.023	119.3819	1.511071	3.547749	0.890655	0.109345	1.343387
8358	-1167.082	-1286.503	119.4204	1.54563	2.361117	0.914476	0.0855237	1.67477
8364	-1175.123	-1293.965	118.8418	1.474201	3.799091	0.937584	0.0624158	1.705962
8370	-1170.922	-1290.05	119.1281	1.490385	3.28878	0.900419	0.099581	1.625445
8376	-1170.166	-1289.091	118.9251	1.496574	2.686343	0.914971	0.0850288	1.94136
8382	-1180.903	-1300.52	119.6167	1.657136	2.686343	0.833805	0.166195	1.323864
8388	-1184.265	-1302.545	118.28	1.474409	2.7492	0.800079	0.199921	2.357718
8394	-1173.39	-1292.411	119.0213	1.506377	2.7492	0.892026	0.107974	1.849772
8400	-1179.292	-1299.107	119.8147	1.506377	1.595329	0.94464	0.0553604	1.746816
8406	-1190.713	-1310.239	119.5255	1.654731	3.221271	0.869938	0.130062	1.210689
8412	-1184.388	-1303.691	119.3032	1.411879	1.074896	0.869682	0.130318	2.424474
8418	-1171.394	-1289.397	118.0029	1.376078	2.012352	0.90989	0.0901104	2.82525
8424	-1173.462	-1291.67	118.2082	1.2886	1.818339	0.827564	0.172436	2.82525
8430	-1171.272	-1290.603	119.3306	1.344291	1.806861	0.862126	0.137874	2.088846
8436	-1178.758	-1298.503	119.7443	1.267051	1.002508	0.885029	0.114971	2.281011
8442	-1180.678	-1299.701	119.0227	1.267051	1.493819	0.694607	0.305393	2.472648
8448	-1169.161	-1288.902	119.7411	1.219005	1.066937	0.931429	0.0685705	2.27361
8454	-1177.505	-1295.303	117.7982	1.13256	2.648978	0.817408	0.182592	2.89541
8460	-1172.059	-1290.266	118.2068	1.136953	3.13499	0.9231	0.0769	2.511222
8466	-1176.83	-1293.556	116.7265	1.027424	2.613701	0.869813	0.130187	3.601233
8472	-1171.833	-1288.932	117.0994	1.049755	1.879657	0.92182	0.0781802	3.601233
8478	-1170.319	-1289.227	118.9073	1.321938	2.05414	0.83186	0.16814	2.280994
8484	-1168.995	-1288.982	119.9868	1.552348	1.838116	0.849616	0.150384	1.471752
8490	-1179.417	-1299.111	119.6941	1.474529	2.17779	0.775229	0.224771	1.598973
8496	-1176.877	-1296.26	119.3838	1.364507	2.686116	0.942601	0.0573989	1.716599
8502	-1173.979	-1293.079	119.0992	1.202917	1.323732	0.833987	0.166013	2.546845
8508	-1176.758	-1296.981	120.2228	1.330046	1.180798	0.786333	0.213667	1.811426
8514	-1175.185	-1295.403	120.2179	1.502166	1.3208	0.829213	0.170787	1.609629
8520	-1169.119	-1288.984	119.8649	1.303999	1.595853	0.824084	0.175916	1.851943
8526	-1179.953	-1299.339	119.3859	1.428527	2.807587	0.762428	0.237572	1.629941
8532	-1193.21	-1312.328	119.1176	1.49319	2.904544	0.871947	0.128053	1.744215
8538	-1186.23	-1305.477	119.247	1.394481	1.478202	0.900201	0.099799	2.256941
8544	-1178.503	-1297.613	119.1094	1.277927	1.717648	0.901064	0.0989364	2.3123
8550	-1176.895	-1295.96	119.0651	1.265557	3.039607	0.922593	0.0774073	1.897439
8556	-1176.03	-1295.087	119.057	1.421123	2.704659	0.930437	0.0695632	1.897439
8562	-1179.763	-1298.652	118.8897	1.358787	2.7235	0.884112	0.115888	2.045496
8568	-1172.881	-1290.569	117.6873	1.306555	3.582448	0.897691	0.102309	2.620598
8574	-1168.188	-1286.069	117.881	1.272466	3.169718	0.923979	0.0760211	2.620598
8580	-1166.8	-1286.198	119.3979	1.523478	1.507861	0.881656	0.118344	2.060518
8586	-1166.849	-1285.873	119.024	1.578322	1.725915	0.802929	0.197071	2.170436
8592	-1167.976	-1287.34	119.3637	1.512521	2.180203	0.858132	0.141868	1.805155
8598	-1167.156	-1287.105	119.9492	1.727522	1.973468	0.838769	0.161231	1.299476
8604	-1183.909	-1303.905	119.9964	1.616735	1.767617	0.913135	0.0868654	1.449629
8610	-1173.142	-1293.327	120.185	1.612118	1.500294	0.806053	0.193947	1.449629
8616	-1171.728	-1291.739	120.0104	1.600807	1.856916	0.885385	0.114615	1.407537
8622	-1176.252	-1296.006	119.7534	1.462161	2.002618	0.799882	0.200118	1.636846
8628	-1177.245	-1296.552	119.3065	1.592691	2.603145	0.806198	0.193802	1.636846
8634	-1175.049	-1295.009	119.9603	1.592691	2.155664	0.883139	0.116861	1.315184
8640	-1178.416	-1298.249	119.8335	1.639319	2.34572	0.843544	0.156456	1.297821
8646	-1176.464	-1295.476	119.0126	1.525696	3.689152	0.869945	0.130055	1.574132
8652	-1172.862	-1291.299	118.4367	1.291367	3.190055	0.852793	0.147207	2.253779
8658	-1176.506	-1295.373	118.8672	1.291367	2.258733	0.83537	0.16463	2.253779
8664	-1171.066	-1289.827	118.7618	1.235137	2.578602	0.847681	0.152319	2.253779
8670	-1168.777	-1287.664	118.8875	1.25922	2.280958	0.844059	0.155941	2.253779
8676	-1172.992	-1292.37	119.3782	1.662639	3.136891	0.849374	0.150626	1.3531
8682	-1181.931	-1300.899	118.9681	1.63315	3.90454	0.864839	0.135161	1.470923
8688	-1185.13	-1304.857	119.7272	1.63164	2.73451	0.824454	0.175546	1.235883
8694	-1167.875	-1287.114	119.2395	1.421838	2.358169	0.855488	0.144512	1.887713
8700	-1169.665	-1288.616	118.9511	1.528917	1.924873	0.833346	0.166654	2.168352
8706	-1171.986	-1291.25	119.2634	1.565957	2.568356	0.925955	0.0740449	1.698629
8712	-1181.065	-1300.238	119.1722	1.602857	2.770486	0.929922	0.0700783	1.670145
8718	-1184.862	-1303.602	118.7405	1.450257	3.449194	0.876316	0.123684	1.881394
8724	-1180.097	-1298.926	118.8294	1.365509	4.245764	0.858308	0.141692	1.685622
8730	-1180.522	-1299.954	119.4321	1.633666	4.246242	0.792338	0.207662	0.9778378
8736	-1170.293	-1289.972	119.6796	1.604304	2.440287	0.834611	0.165389	1.409515
8742	-1177.322	-1296.681	119.3589	2.043977	3.498462	0.862429	0.137571	0.894006
8748	-1170.008	-1289.672	119.6637	1.634652	2.432402	0.867624	0.132376	1.401341
8754	-1175.578	-1295.62	120.0416	1.598563	1.823389	0.858456	0.141544	1.401341
8760	-1178.305	-1299.111	120.8064	1.706365	1.032081	0.935413	0.064587	1.190644
8766	-1170.585	-1290.786	120.2007	1.673763	1.79062	0.903426	0.0965744	1.229023
8772	-1181.127	-1301.429	120.3023	1.656312	1.807448	0.901704	0.0982956	1.147095
8778	-1181.051	-1301.298	120.2471	1.665494	1.506291	0.891602	0.108398	1.356465
8784	-1178.331	-1298.738	120.4065	1.817226	1.741478	0.850111	0.149889	0.9319502
8790	-1171.304	-1291.667	120.363	1.817226	1.773219	0.834237	0.165763	0.956233
8796	-1167.651	-1288.542	120.8911	1.796431	1.061187	0.92682	0.0731799	1.003912
8802	-1170.4	-1290.281	119.8813	1.619329	1.84164	0.975358	0.0246421	1.499103
8808	-1178.515	-1298.766	120.2501	1.472505	1.889967	0.939498	0.0605017	1.303106
8814	-1170.516	-1290.769	120.2529	1.709407	1.529527	0.857967	0.142033	1.303106
8820	-1167.362	-1287.537	120.1756	1.580137	1.662977	0.966018	0.0339819	1.393026
8826	-1177.496	-1297.826	120.3308	1.658519	1.423512	0.916931	0.0830694	1.344739
8832	-1178.456	-1297.23	118.7738	1.317598	2.495079	0.815369	0.184631	2.219044
8838	-1182.937	-1302.367	119.4299	1.517197	3.156494	0.930777	0.0692225	1.420155
8844	-1192.131	-1312.627	120.4957	1.892223	1.239808	0.943717	0.0562831	1.134327
8850	-1178.717	-1299.586	120.8692	1.892223	1.057111	0.943161	0.0568392	0.9314174
8856	-1188.371	-1308.72	120.3495	1.870313	1.688644	0.92403	0.0759703	0.9728556
8862	-1174.087	-1294.521	120.4343	1.863231	1.676398	0.809054	0.190946	0.8981162
8868	-1178.388	-1298.893	120.5057	1.913103	1.594896	0.912325	0.0876754	0.8200142
8874	-1177.925	-1298.625	120.7003	1.929179	1.36687	0.875377	0.124623	0.7638738
8880	-1172.396	-1293.159	120.7628	1.687767	1.250682	0.903525	0.0964755	1.068531
8886	-1174.455	-1294.757	120.3027	1.727813	1.205945	0.930299	0.0697014	1.45055
8892	-1184.591	-1305.186	120.5954	1.421291	1.22184	0.81857	0.18143	1.45055
8898	-1185.877	-1305.995	120.1182	1.582078	1.635005	0.906901	0.0930994	1.45055
8904	-1193.684	-1312.297	118.6136	1.216818	4.33556	0.826328	0.173672	1.918216
8910	-1189.468	-1308.481	119.0125	1.351578	2.774168	0.731601	0.268399	1.953026
8916	-1183.663	-1301.667	118.004	1.142716	2.874216	0.897748	0.102252	2.701639
8922	-1178.87	-1299.942	121.0727	1.84313	1.05949	0.824884	0.175116	0.7340248
8928	-1180.93	-1302.409	121.4793	1.830515	0.6877156	0.945461	0.0545394	0.7656922
8934	-1186.715	-1307.005	120.2893	1.661154	1.095856	0.901464	0.0985365	1.5841
8940	-1179.162	-1298.69	119.5281	1.503007	1.765999	0.878571	0.121429	1.867924
8946	-1176.407	-1296.186	119.7794	1.778676	2.935529	0.906814	0.093186	0.9708751
8952	-1172.769	-1292.451	119.6823	1.495117	1.844366	0.806439	0.193561	1.732096
8958	-1168.365	-1288.572	120.2065	1.359826	1.226614	0.844527	0.155473	1.774456
8964	-1176.254	-1294.55	118.2955	1.025413	1.768308	0.778398	0.221602	2.950935
8970	-1182.638	-1300.635	117.9979	1.089201	1.130843	0.853907	0.146093	3.378338
8976	-1194.494	-1312.438	117.9439	0.9506494	1.298962	0.832462	0.167538	3.406073
8982	-1182.481	-1302.321	119.84	1.281741	1.585277	0.834288	0.165712	1.889202
8988	-1183.755	-1303.875	120.1198	1.679956	1.445217	0.791998	0.208002	1.47871
8994	-1185.463	-1305.118	119.6547	1.363177	1.462711	0.818411	0.181589	2.018772
9000	-1168.572	-1287.911	119.3389	1.332812	1.711088	0.850979	0.149021	2.131652
9006	-1177.228	-1296.736	119.5072	1.31606	1.436966	0.904908	0.0950921	2.159479
9012	-1171.675	-1291.56	119.885	1.509289	2.008289	0.951621	0.0483791	1.503294
9018	-1174.095	-1293.673	119.5788	1.776008	2.413044	0.91456	0.0854404	1.364825
9024	-1179.198	-1299.203	120.0046	1.55983	2.025663	0.893925	0.106075	1.364825
9030	-1168.87	-1288.265	119.3946	1.363896	2.147594	0.884855	0.115145	1.898139
9036	-1166.44	-1285.314	118.8738	1.140366	1.864511	0.851489	0.148511	2.488658
9042	-1171.377	-1290.355	118.9784	1.213565	1.59449	0.827657	0.172343	2.488658
9048	-1169.264	-1288.109	118.8446	1.100364	2.265152	0.868297	0.131703	2.3877
9054	-1170.215	-1288.758	118.543	1.124477	1.660041	0.926292	0.0737081	2.784419
9060	-1181.329	-1299.104	117.7754	1.152789	1.991558	0.790237	0.209763	3.103696
9066	-1167.674	-1286.414	118.7406	1.247504	2.133901	0.846391	0.153609	2.405616
9072	-1174.882	-1293.897	119.0146	1.313532	2.065354	0.9321	0.0679002	2.213297
9078	-1174.401	-1294.1	119.699	1.344507	2.143452	0.855825	0.144175	1.702323
9084	-1181.66	-1300.854	119.194	1.556227	2.286141	0.888153	0.111847	1.852648
9090	-1176.974	-1297.227	120.2534	1.478133	1.661367	0.886463	0.113537	1.412697
9096	-1178.651	-1299.012	120.3604	1.622435	1.915428	0.88903	0.11097	1.063747
9102	-1186.168	-1306.098	119.9291	1.657388	2.447839	0.884371	0.115629	1.15805
9108	-1175.975	-1296.102	120.1272	1.711939	2.463879	0.880893	0.119107	0.9038068
9114	-1174.882	-1294.132	119.2495	1.308438	2.800639	0.796468	0.203532	1.812899
9120	-1175.853	-1294.547	118.694	1.181554	1.72973	0.751835	0.248165	2.628252
9126	-1179.78	-1298.513	118.7324	1.396802	1.736725	0.766207	0.233793	2.467638
9132	-1176.085	-1294.934	118.849	1.467223	2.508422	0.771124	0.228876	2.068136
9138	-1180.318	-1299.499	119.1808	1.532796	3.817741	0.881164	0.118836	1.407915
9144	-1173.945	-1293.206	119.2618	1.393408	2.618878	0.73477	0.26523	1.803651
9150	-1176.164	-1295.569	119.4049	1.304	2.507346	0.848417	0.151583	1.803651
9156	-1178.186	-1297.869	119.6832	1.395638	2.595694	0.839923	0.160077	1.507689
9162	-1187.125	-1306.927	119.802	1.412842	2.339191	0.900374	0.0996259	1.501331
9168	-1169.44	-1290.214	120.774	1.462399	1.187357	0.795951	0.204049	1.301456
9174	-1174.813	-1294.873	120.0607	1.736484	1.29211	0.892648	0.107352	1.570526
9180	-1185.138	-1304.948	119.8101	1.491773	2.011131	0.860837	0.139163	1.570526
9186	-1173.762	-1292.99	119.2278	1.461801	2.381819	0.840828	0.159172	1.860151
9192	-1175.204	-1294.966	119.7625	1.524554	1.864732	0.781035	0.218965	1.645205
9198	-1187.499	-1306.871	119.3721	1.363342	1.536847	0.849384	0.150616	2.16855
9204	-1176.604	-1295.497	118.8928	1.282679	2.199494	0.824129	0.175871	2.263383
9210	-1172.558	-1291.743	119.1845	1.309767	2.121769	0.945005	0.0549946	2.084192
9216	-1179.936	-1298.127	118.1912	1.379146	1.899318	0.925718	0.0742815	2.749777
9222	-1177.227	-1296.818	119.5913	1.432455	1.516059	0.839391	0.160609	1.988597
9228	-1169.711	-1289.823	120.112	1.703742	2.028483	0.844387	0.155613	1.154834
9234	-1175.25	-1295.397	120.1463	1.500971	2.335752	0.897172	0.102828	1.154834
9240	-1165.898	-1286.227	120.3292	1.840168	1.818509	0.838126	0.161874	0.9370972
9246	-1170.067	-1290.135	120.0676	1.877799	2.037121	0.907334	0.0926656	1.030548
9252	-1171.647	-1291.711	120.0635	1.540653	1.88006	0.922389	0.0776111	1.401929
9258	-1177.238	-1296.861	119.623	1.30556	1.51428	0.817065	0.182935	2.052687
9264	-1184.828	-1303.775	118.9472	1.362527	2.037032	0.938972	0.0610276	2.235649
9270	-1190.911	-1308.957	118.0463	1.355417	1.836381	0.883245	0.116755	2.87597
9276	-1187.564	-1307.066	119.5023	1.422897	1.279883	0.818371	0.181629	2.174188
9282	-1189.048	-1309.16	120.1124	1.378442	1.084601	0.835155	0.164845	1.913699
9288	-1174.768	-1293.976	119.2081	1.469165	1.690874	0.838741	0.161259	2.136816
9294	-1180.636	-1300.631	119.995	1.427104	1.930659	0.823201	0.176799	1.516949
9300	-1182.399	-1301.832	119.4331	1.299536	2.359704	0.866129	0.133871	1.838432
9306	-1181.082	-1300.352	119.2704	1.306909	1.549584	0.91562	0.0843805	2.264697
9312	-1179.687	-1298.512	118.8244	1.276118	2.200565	0.90679	0.0932098	2.310959
9318	-1178.583	-1296.992	118.409	1.254308	1.495845	0.909368	0.0906315	2.857469
9324	-1186.261	-1305.551	119.2907	1.396793	1.981177	0.832324	0.167676	2.009875
9330	-1187.527	-1308.343	120.8168	1.75738	1.094259	0.945829	0.0541713	1.082784
9336	-1186.957	-1307.241	120.2836	1.874619	1.763667	0.854095	0.145905	0.9853187
9342	-1175.711	-1295.521	119.8099	1.628282	2.326294	0.872132	0.127868	1.33392
9348	-1186.403	-1305.707	119.3041	1.598932	2.6224	0.893017	0.106983	1.627531
9354	-1179.401	-1298.635	119.2337	1.487262	3.030409	0.837842	0.162158	1.627531
9360	-1177.43	-1296.978	119.5471	1.551041	2.855121	0.910638	0.0893623	1.402248
9366	-1188.835	-1307.481	118.6457	1.380956	4.303224	0.832732	0.167268	1.790843
9372	-1185.768	-1305.136	119.3678	1.588555	3.546721	0.839176	0.160824	1.292572
9378	-1184.948	-1304.741	119.7937	1.697074	2.145821	0.863867	0.136133	1.369107
9384	-1180.731	-1300.731	120.0005	1.687824	2.373887	0.840767	0.159233	1.100277
9390	-1173.621	-1293.704	120.0834	1.909884	1.919865	0.809686	0.190314	1.051231
9396	-1177.724	-1297.388	119.6639	1.635478	2.376201	0.877181	0.122819	1.422622
9402	-1177.256	-1297.121	119.8651	1.844182	2.376201	0.897209	0.102791	1.079835
9408	-1172.897	-1292.794	119.8971	1.689173	1.719244	0.944207	0.0557929	1.493925
9414	-1182.647	-1301.863	119.2162	1.41666	3.177128	0.900819	0.0991814	1.647228
9420	-1190.252	-1310.496	120.2439	1.218906	1.166823	0.986154	0.013846	1.881717
9426	-1191.996	-1311.977	119.9813	1.375253	1.864925	0.983683	0.0163172	1.594838
9432	-1183.096	-1302.979	119.8829	1.477964	1.61559	0.927632	0.072368	1.708871
9438	-1178.146	-1298.562	120.4157	1.4052	1.049392	0.921968	0.0780316	1.708871
9444	-1181.016	-1301.34	120.3238	1.42059	1.083843	0.809025	0.190975	1.739628
9450	-1187.49	-1307.357	119.8666	1.671369	2.450391	0.83914	0.16086	1.199145
9456	-1191.593	-1312.364	120.7718	1.756072	1.463289	0.746519	0.253481	0.8018827
9462	-1170.213	-1290.269	120.0566	1.878373	2.420951	0.890059	0.109941	0.8147503
9468	-1178.846	-1298.7	119.8542	1.932606	2.729334	0.938039	0.0619608	0.8147503
9474	-1188.734	-1306.795	118.0608	1.276877	2.150086	0.824976	0.175024	2.802714
9480	-1184.111	-1304.378	120.2672	1.939003	2.139921	0.823123	0.176877	0.6032594
9486	-1179.993	-1300.477	120.4845	2.129738	1.495105	0.877489	0.122511	0.6110012
9492	-1180.679	-1300.444	119.7647	2.142161	2.728528	0.914857	0.0851427	0.6110012
9498	-1189.089	-1308.761	119.6726	2.247562	2.728528	0.84316	0.15684	0.4384297
9504	-1190.025	-1309.686	119.6612	1.316974	2.179611	0.877693	0.122307	1.734376
9510	-1188.643	-1306.394	117.7515	1.047249	2.769255	0.800195	0.199805	2.941601
9516	-1183.794	-1301.507	117.7127	1.086023	2.769255	0.929642	0.0703579	2.941601
9522	-1178.606	-1298.576	119.9701	1.627838	2.450069	0.928458	0.0715422	1.147006
9528	-1176.453	-1295.102	118.649	1.488968	3.022646	0.896089	0.103911	2.031479
9534	-1172.141	-1290.451	118.3097	1.433509	2.555217	0.774283	0.225717	2.4223
9540	-1174.687	-1293.991	119.3042	1.460143	1.499288	0.852997	0.147003	2.167527
9546	-1172.573	-1292.15	119.5773	1.545702	2.524365	0.814517	0.185483	1.500427
9552	-1180.532	-1298.43	117.8985	1.259077	2.357995	0.847018	0.152982	2.844693
9558	-1184.554	-1302.794	118.2399	1.213911	2.357995	0.874599	0.125401	2.663668
9564	-1185.244	-1304.881	119.6372	1.283007	2.354012	0.809021	0.190979	1.709875
9570	-1181.659	-1301.12	119.461	1.459232	2.354012	0.928445	0.0715551	1.709875
9576	-1187.596	-1306.389	118.793	1.258102	2.1839	0.924984	0.0750165	2.348196
9582	-1171.745	-1291.54	119.7956	1.420168	1.672226	0.86649	0.13351	1.783388
9588	-1168.489	-1288.399	119.9102	1.522032	1.305417	0.944742	0.0552584	1.821734
9594	-1167.01	-1286.713	119.7026	1.520941	2.405443	0.8185	0.1815	1.469196
9600	-1172.354	-1291.808	119.4539	1.294871	1.810171	0.861777	0.138223	2.0387
9606	-1168.308	-1287.631	119.323	1.425761	1.810171	0.864093	0.135907	2.0387
9612	-1175.921	-1295.385	119.4643	1.311337	2.552178	0.906316	0.0936836	1.741957
9618	-1174.574	-1294.376	119.8018	1.391549	1.821552	0.843609	0.156391	1.73099
9624	-1162.72	-1282.949	120.2295	1.810989	1.821552	0.917304	0.0826961	1.064146
9630	-1164.567	-1284.882	120.3146	2.065396	1.862999	0.918247	0.0817535	0.5637613
9636	-1183.211	-1303.698	120.4873	2.176812	1.452097	0.717679	0.282321	0.5434845
9642	-1177.926	-1298.582	120.6552	1.649262	1.325014	0.908372	0.0916279	1.14578
9648	-1173.273	-1293.7	120.4268	1.649262	1.647306	0.858768	0.141232	1.136356
9654	-1176.692	-1296.465	119.7722	1.655289	1.910165	0.938771	0.0612287	1.522184
9660	-1183.129	-1302.959	119.8301	1.544109	1.897626	0.728351	0.271649	1.567219
9666	-1173.44	-1293.952	120.5121	1.688372	1.63776	0.87171	0.12829	1.026703
9672	-1181.126	-1301.008	119.8822	1.474256	1.861441	0.851169	0.148831	1.596506
9678	-1171.337	-1291.558	120.221	1.627845	1.262281	0.898348	0.101652	1.55069
9684	-1168.961	-1287.641	118.681	1.568237	2.209904	0.880437	0.119563	2.212278
9690	-1170.24	-1290.512	120.2725	1.739546	1.43315	0.805324	0.194676	1.320652
9696	-1170.83	-1290.907	120.077	1.817234	1.552389	0.889804	0.110196	1.344552
9702	-1174.79	-1294.524	119.7336	1.636638	2.136882	0.871593	0.128407	1.466107
9708	-1174.895	-1294.714	119.8187	1.55103	2.363151	0.912357	0.0876431	1.373092
9714	-1182.524	-1302.347	119.823	1.743454	1.932458	0.925935	0.0740646	1.406415
9720	-1175.13	-1295.29	120.1595	1.649656	1.932458	0.844048	0.155952	1.209727
9726	-1175.467	-1295.265	119.798	1.822576	2.456891	0.876816	0.123184	1.123718
9732	-1175.587	-1295.504	119.9173	1.464332	1.460463	0.959826	0.0401737	1.772744
9738	-1179.811	-1298.941	119.1294	1.462248	1.390421	0.899735	0.100265	2.331493
9744	-1166.523	-1286.148	119.6256	1.460355	2.129997	0.906379	0.0936209	1.677522
9750	-1177.175	-1296.135	118.9597	1.16084	2.482384	0.882699	0.117301	2.204308
9756	-1186.733	-1305.461	118.7278	1.246016	1.73027	0.850947	0.149053	2.567228
9762	-1182.346	-1299.57	117.224	1.039619	2.315378	0.854224	0.145776	3.390494
9768	-1175.414	-1293.259	117.8446	1.217546	2.426605	0.896406	0.103594	2.881332
9774	-1178.918	-1295.452	116.534	1.10131	2.214632	0.850666	0.149334	3.786666
9780	-1180.5	-1298.495	117.9951	1.074015	2.33443	0.890603	0.109397	2.905584
9786	-1181.487	-1300.369	118.8819	1.21859	2.022424	0.736356	0.263644	2.37467
9792	-1174.853	-1294.126	119.2734	1.356044	1.522247	0.822693	0.177307	2.243918
9798	-1172.413	-1292.069	119.6562	1.474224	1.731111	0.797822	0.202178	1.815388
9804	-1192.37	-1312.333	119.9627	1.53194	1.91837	0.883387	0.116613	1.468002
9810	-1175.732	-1296.045	120.3125	1.456468	1.765642	0.939808	0.0601916	1.328842
9816	-1172.897	-1292.866	119.9693	1.785995	1.956789	0.861558	0.138442	1.242864
9822	-1176.484	-1296.135	119.6511	1.648008	2.061904	0.876773	0.123227	1.551005
9828	-1181.852	-1302.324	120.4712	1.657311	1.147648	0.783514	0.216486	1.414858
9834	-1175.967	-1296.246	120.279	2.041286	1.839989	0.915985	0.0840145	0.730089
9840	-1178.729	-1299.064	120.335	2.020771	1.839989	0.940767	0.0592332	0.6675275
9846	-1182.978	-1303.335	120.3565	1.975927	1.755102	0.765393	0.234607	0.7914072
9852	-1184.043	-1302.906	118.8634	1.363042	1.494144	0.936905	0.0630948	2.51215
9858	-1174.352	-1294.172	119.8192	1.594152	1.065487	0.958714	0.0412864	1.97802
9864	-1183.174	-1303.583	120.4083	1.725998	1.022543	0.926548	0.0734524	1.500088
9870	-1180.796	-1300.949	120.1533	1.715014	1.074058	0.933847	0.0661529	1.658344
9876	-1187.491	-1307.625	120.134	1.64426	1.052933	0.880449	0.119551	1.736474
9882	-1176.952	-1297.07	120.1177	1.622728	1.400886	0.926389	0.0736109	1.548375
9888	-1189.436	-1308.693	119.2576	1.600773	2.962131	0.90682	0.0931796	1.548375
9894	-1179.397	-1299.766	120.3694	1.897288	1.672942	0.895073	0.104927	0.934611
9900	-1187.001	-1307.404	120.4031	1.897288	1.672942	0.867148	0.132852	0.8975512
9906	-1181.682	-1301.559	119.877	1.971598	2.678178	0.87755	0.12245	0.7625682
9912	-1182.114	-1302.482	120.3677	1.852458	1.945469	0.912726	0.0872742	0.7824722
9918	-1173.031	-1293.538	120.5073	1.921385	1.621156	0.868426	0.131574	0.7824722
9924	-1167.354	-1288.183	120.8284	1.888573	1.055398	0.954023	0.045977	0.9798334
9930	-1166.777	-1286.883	120.1051	1.822292	2.072784	0.792889	0.207111	1.028151
9936	-1166.985	-1286.53	119.5449	1.538843	2.35925	0.840817	0.159183	1.590622
9942	-1164.049	-1284.002	119.9524	1.545314	1.675742	0.913709	0.086291	1.581025
9948	-1175.46	-1296.108	120.6478	1.738075	1.329756	0.956207	0.0437932	1.068031
9954	-1174.523	-1294.26	119.7376	1.570596	2.038806	0.918092	0.0819078	1.554052
9960	-1174.099	-1294.196	120.0967	1.575495	2.045662	0.867045	0.132955	1.268588
9966	-1170.265	-1291.072	120.8065	1.648625	1.194033	0.795173	0.204827	1.109286
9972	-1181.118	-1300.898	119.7794	1.65725	2.272693	0.915082	0.0849178	1.357568
9978	-1170.175	-1290.225	120.0502	1.475975	1.573191	0.979668	0.0203319	1.61188
9984	-1176.578	-1296.751	120.1728	1.407378	1.367898	0.892475	0.107525	1.68308
9990	-1171.944	-1292.24	120.2964	1.375299	1.19532	0.846227	0.153773	1.719645
9996	-1169.324	-1288.84	119.5166	1.134936	1.093154	0.926582	0.0734176	2.453613
10002	-1173.973	-1291.222	117.2487	1.022263	1.719793	0.892835	0.107165	3.589686
10008	-1171.928	-1291.155	119.2268	1.051075	0.9431552	0.867327	0.132673	2.776295
10014	-1171.295	-1291.572	120.2776	1.371533	1.088947	0.88568	0.11432	1.802628
10020	-1183.496	-1303.148	119.652	1.363008	1.537439	0.984284	0.0157161	1.984094
10026	-1178.509	-1297.714	119.2056	1.440434	2.110587	0.800782	0.199218	1.987781
10032	-1177.055	-1295.825	118.77	1.19739	2.110587	0.929024	0.0709764	2.426919
10038	-1171.727	-1290.21	118.4834	1.208591	1.778406	0.914081	0.0859193	2.721664
10044	-1172.908	-1292.358	119.4503	1.58625	2.484129	0.885445	0.114555	1.579069
10050	-1181.657	-1301.702	120.0453	1.703005	1.815955	0.844728	0.155272	1.319561
10056	-1177.458	-1297.2	119.7418	1.56949	1.630032	0.782659	0.217341	1.736764
10062	-1184.929	-1305.272	120.3434	1.52585	1.634039	0.868849	0.131151	1.318782
10068	-1183.835	-1303.844	120.0083	1.749252	1.803004	0.846289	0.153711	1.318782
10074	-1191.599	-1311.543	119.9435	1.458617	1.693219	0.830671	0.169329	1.641814
10080	-1179.866	-1300.238	120.3714	1.606785	1.403844	0.973721	0.0262786	1.365512
10086	-1178.53	-1298.553	120.0237	1.382752	1.587574	0.9045	0.0954997	1.690478
10092	-1183.89	-1303.761	119.8713	1.598782	1.255179	0.98625	0.0137503	1.824322
10098	-1181.082	-1301.167	120.0846	1.419791	1.263786	0.896531	0.103469	1.795639
10104	-1181.82	-1301.894	120.074	1.555646	1.372509	0.973892	0.0261082	1.645168
10110	-1188.167	-1307.864	119.6971	1.888309	2.845056	0.893178	0.106822	0.9834932
10116	-1181.388	-1301.261	119.8728	1.888309	2.538342	0.86335	0.13665	0.9487917
10122	-1193.962	-1314.119	120.1569	1.736421	2.141553	0.86319	0.13681	1.023678
10128	-1184.845	-1304.526	119.6808	1.671011	2.775099	0.873711	0.126289	1.226277
10134	-1191.691	-1311.379	119.6876	1.618851	2.301968	0.883616	0.116384	1.446707
10140	-1177.677	-1297.316	119.6391	1.54613	2.565044	0.769831	0.230169	1.43828
10146	-1188.115	-1307.022	118.9073	1.317581	2.756871	0.853308	0.146692	2.051077
10152	-1186.216	-1304.616	118.3997	1.297473	2.518431	0.967755	0.0322451	2.462486
10158	-1180.907	-1299.297	118.39	1.39091	2.100833	0.935507	0.064493	2.547054
10164	-1180.797	-1300.843	120.046	1.633796	1.870793	0.860567	0.139433	1.346919
10170	-1182.4	-1301.248	118.8483	1.449518	2.396031	0.875258	0.124742	2.117121
10176	-1186.944	-1306.072	119.1288	1.472012	1.983633	0.883025	0.116975	2.066317
10182	-1171.167	-1291.421	120.2548	1.472012	1.588293	0.941029	0.0589714	1.455047
10188	-1172.464	-1292.505	120.041	1.685799	1.588293	0.913127	0.0868727	1.455047
10194	-1172.917	-1291.755	118.8371	1.421192	1.868097	0.906654	0.093346	2.333232
10200	-1171.557	-1291.75	120.1923	1.500521	2.001913	0.85248	0.14752	1.272565
10206	-1172.848	-1293.155	120.3072	1.757711	1.536436	0.853711	0.146289	1.213764
10212	-1178.214	-1298.453	120.2388	1.684371	1.923613	0.862285	0.137715	1.114278
10218	-1169.46	-1289.786	120.326	1.753575	2.125377	0.93162	0.0683801	0.8303913
10224	-1171.114	-1291.315	120.201	1.721887	1.61685	0.921154	0.078846	1.284798
10230	-1181.18	-1301.522	120.3415	1.534376	1.267378	0.986843	0.0131568	1.527538
10236	-1176.068	-1294.385	118.3169	1.271849	1.963249	0.892793	0.107207	2.71489
10242	-1173.904	-1293.077	119.1735	1.209578	1.262222	0.931185	0.0688149	2.527956
10248	-1166.948	-1286.655	119.7067	1.703654	1.29629	0.928886	0.0711143	1.841895
10254	-1168.294	-1288.311	120.0171	1.552778	1.582267	0.891561	0.108439	1.575315
10260	-1170.274	-1290.174	119.9004	1.44994	0.9239302	0.811245	0.188755	2.113881
10266	-1176.859	-1296.857	119.9984	1.525017	1.560883	0.938246	0.0617545	1.620203
10272	-1178.202	-1298.406	120.2039	1.484289	1.759897	0.932186	0.0678135	1.395638
10278	-1170.257	-1290.934	120.6765	1.587587	1.055725	0.832024	0.167976	1.37579
10284	-1166.029	-1286.71	120.6807	1.746007	1.240623	0.825262	0.174738	1.098609
10290	-1166.968	-1287.122	120.1545	1.616344	1.670922	0.930203	0.0697966	1.377043
10296	-1176.537	-1296.436	119.8986	1.559213	1.464357	0.924854	0.0751463	1.717278
10302	-1171.3	-1291.586	120.2861	1.639062	1.464357	0.979595	0.020405	1.371065
10308	-1184.475	-1303.83	119.3549	1.54839	1.519027	0.993781	0.00621944	2.067104
10314	-1179.087	-1298.57	119.4835	1.470367	1.270868	0.890815	0.109185	2.160422
10320	-1177.613	-1296.6	118.9874	1.286577	2.509975	0.842762	0.157238	2.095442
10326	-1181.91	-1301.673	119.7626	1.501658	1.588143	0.883742	0.116258	1.789962
10332	-1172.821	-1292.334	119.5123	1.418604	2.121224	0.83061	0.16939	1.789962
10338	-1170.496	-1290.11	119.6136	1.599844	2.23481	0.831508	0.168492	1.543416
10344	-1184.568	-1304.228	119.6602	1.541791	1.825065	0.777745	0.222255	1.723365
10350	-1183.212	-1303.294	120.0817	1.695226	1.505582	0.897259	0.102741	1.462026
10356	-1178.308	-1297.203	118.8951	1.364505	2.93268	0.887764	0.112236	1.976083
10362	-1174.994	-1294.21	119.216	1.463855	1.829527	0.753458	0.246542	2.076155
10368	-1185.791	-1304.733	118.9423	1.244257	3.011428	0.892975	0.107025	2.002327
10374	-1173.215	-1291.068	117.853	1.106985	3.177425	0.891658	0.108342	2.737633
10380	-1179.238	-1298.408	119.1701	1.364685	2.158717	0.801001	0.198999	2.043922
10386	-1184.488	-1301.912	117.4249	1.302323	3.398189	0.78856	0.21144	2.826369
10392	-1179.223	-1298.455	119.2319	1.637217	2.539166	0.838978	0.161022	1.680408
10398	-1179.579	-1298.171	118.5921	1.348225	3.920367	0.840516	0.159484	1.936065
10404	-1181.725	-1300.26	118.5351	1.451571	3.101436	0.769877	0.230123	2.109497
10410	-1180.536	-1300.328	119.7926	1.452423	2.108573	0.909342	0.0906579	1.571306
10416	-1174.92	-1294.183	119.2631	1.544148	2.348118	0.799686	0.200314	1.79104
10422	-1174.093	-1293.14	119.0472	1.38851	2.924568	0.872969	0.127031	1.859345
10428	-1177.088	-1297.045	119.9567	1.721978	1.844977	0.848036	0.151964	1.360585
10434	-1194.254	-1314.112	119.8587	1.814342	2.476553	0.709072	0.290928	1.066486
10440	-1185.325	-1304.953	119.6278	1.665671	3.138138	0.786567	0.213433	1.141522
10446	-1179.613	-1299.437	119.8244	1.856202	2.631216	0.876193	0.123807	0.9861509
10452	-1177.823	-1297.57	119.7472	1.506678	2.631216	0.860675	0.139325	1.360379
10458	-1183.582	-1303.14	119.5584	1.641933	2.490969	0.87994	0.12006	1.45438
10464	-1177.23	-1296.86	119.6295	1.524463	1.875155	0.891202	0.108798	1.735127
10470	-1184.948	-1304.678	119.7299	1.743134	2.596863	0.822346	0.177654	1.193519
10476	-1188.498	-1308.869	120.371	1.640499	1.187853	0.85644	0.14356	1.476977
10482	-1170.37	-1289.108	118.738	1.533545	2.203453	0.950048	0.0499524	2.200117
10488	-1176.169	-1294.452	118.2828	1.553723	2.979219	0.928978	0.071022	2.240387
10494	-1169.042	-1286.437	117.3953	1.273074	2.971132	0.853432	0.146568	2.966586
10500	-1178.849	-1297.9	119.0511	1.449019	3.218005	0.943747	0.0562529	1.72986
10506	-1175.604	-1295.108	119.5032	1.559083	2.135443	0.922112	0.077888	1.692176
10512	-1167.425	-1287.501	120.0754	1.684107	1.827369	0.973198	0.0268019	1.304715
10518	-1174.921	-1294.789	119.8684	1.498523	1.827369	0.95367	0.04633	1.604366
10524	-1178.546	-1297.303	118.7569	1.277139	2.205806	0.942301	0.057699	2.351493
10530	-1184.58	-1302.936	118.3561	1.270794	3.063876	0.86023	0.13977	2.351493
10536	-1199.807	-1319.596	119.7887	1.617286	2.004061	0.755373	0.244627	1.496338
10542	-1177.029	-1296.198	119.1694	1.580959	2.459975	0.940195	0.0598048	1.791197
10548	-1186.552	-1304.48	117.9277	1.215156	1.999072	0.938855	0.0611446	2.97261
10554	-1185.454	-1306.125	120.6703	1.916686	1.368934	0.872202	0.127798	0.8192861
10560	-1186.437	-1306.009	119.5722	1.436596	2.035812	0.924894	0.0751063	1.769541
10566	-1173.589	-1292.325	118.7365	1.459852	1.961452	0.93093	0.0690697	2.336595
10572	-1169.012	-1288.52	119.5082	1.486349	2.072214	0.873996	0.126004	1.76492
10578	-1177.411	-1296.011	118.6001	1.520539	4.333733	0.960905	0.0390953	1.7184
10584	-1186.503	-1306.376	119.8727	1.619024	1.807694	0.856587	0.143413	1.521785
10590	-1185.629	-1305.318	119.6891	1.555966	2.145361	0.879242	0.120758	1.556166
10596	-1191.112	-1310.711	119.5993	1.632184	1.662374	0.795132	0.204868	1.777115
10602	-1184.845	-1303.932	119.0871	1.342491	1.531087	0.724812	0.275188	2.367408
10608	-1174.759	-1293.175	118.4155	1.401741	2.475023	0.90196	0.0980403	2.400362
10614	-1190.743	-1310.269	119.526	1.403555	2.304691	0.799063	0.200937	1.721357
10620	-1181.928	-1302.288	120.3607	1.465052	1.67811	0.79876	0.20124	1.329612
10626	-1182.078	-1301.061	118.982	1.162721	2.950639	0.86293	0.13707	2.047337
10632	-1181.522	-1299.403	117.8807	1.198256	1.621478	0.88397	0.11603	3.154255
10638	-1184.71	-1303.201	118.4913	1.507515	1.794365	0.864155	0.135845	2.525805
10644	-1191.264	-1309.543	118.2797	1.099959	1.794365	0.720998	0.279002	2.905412
10650	-1184.539	-1302.763	118.2235	0.9809761	1.794365	0.851543	0.148457	3.01081
10656	-1185.721	-1304.946	119.2248	1.037633	2.142488	0.925561	0.0744387	2.227615
10662	-1181.342	-1299.732	118.39	1.158529	1.842935	0.815493	0.184507	2.784343
10668	-1177.118	-1295.906	118.788	1.123828	1.842935	0.810065	0.189935	2.560819
10674	-1173.763	-1291.858	118.095	1.151369	2.080519	0.905	0.0949997	2.881822
10680	-1182.753	-1301.887	119.1336	1.200577	1.80216	0.804284	0.195716	2.311255
10686	-1178.843	-1297.581	118.7383	1.17515	1.958218	0.879514	0.120486	2.515994
10692	-1177.032	-1295.694	118.6625	1.175354	2.088283	0.843649	0.156351	2.515994
10698	-1173.295	-1292.225	118.9303	1.181981	2.088283	0.836567	0.163433	2.343207
10704	-1168.287	-1287.094	118.8062	1.348023	2.287933	0.860689	0.139311	2.246568
10710	-1164.485	-1283.909	119.4243	1.364759	1.691483	0.865722	0.134278	2.063171
10716	-1166.372	-1284.008	117.6362	1.268263	2.016494	0.88371	0.11629	3.10913
10722	-1165.57	-1285.315	119.7445	1.359972	1.912208	0.810216	0.189784	1.753916
10728	-1173.308	-1291.91	118.6023	1.27472	2.170625	0.839611	0.160389	2.462692
10734	-1170.079	-1288.313	118.2345	1.179208	2.47131	0.778058	0.221942	2.653099
10740	-1176.737	-1296.12	119.3835	1.145647	1.544241	0.831119	0.168881	2.298038
10746	-1172.607	-1291.933	119.3261	1.387148	2.329923	0.85748	0.14252	1.862267
10752	-1171.93	-1291.615	119.6855	1.414485	2.146085	0.905866	0.0941337	1.661101
10758	-1178.459	-1298.371	119.9125	1.408148	2.58871	0.841206	0.158794	1.323223
10764	-1180.397	-1300.244	119.8468	1.674905	2.756456	0.884351	0.115649	1.083774
10770	-1178.917	-1298.394	119.4768	1.568915	2.756456	0.883131	0.116869	1.476341
10776	-1177.421	-1296.569	119.1488	1.416523	2.665813	0.824326	0.175674	1.850333
10782	-1181.022	-1300.462	119.4401	1.343639	2.229694	0.911554	0.0884456	1.850333
10788	-1179.213	-1297.553	118.3396	1.342639	3.171553	0.876083	0.123917	2.28795
10794	-1174.535	-1293.6	119.0648	1.447453	3.231847	0.772523	0.227477	1.717409
10800	-1187.712	-1307.766	120.0536	1.522059	2.04798	0.853074	0.146926	1.345733
10806	-1187.853	-1307.924	120.0704	1.472065	1.790947	0.935365	0.0646347	1.491787
10812	-1172.142	-1292.042	119.8995	1.55594	1.685562	0.84224	0.15776	1.607013
10818	-1170.686	-1290.484	119.7984	1.465336	2.030605	0.916927	0.0830726	1.590186
10824	-1176.491	-1294.358	117.8666	1.465655	2.842898	0.906496	0.0935036	2.595843
10830	-1176.403	-1294.18	117.7767	1.205271	2.708941	0.922057	0.0779432	2.84751
10836	-1175.783	-1293.61	117.8268	1.065594	2.708941	0.93084	0.0691602	2.90177
10842	-1181.607	-1301.126	119.5191	1.282392	2.404982	0.949145	0.050855	1.774809
10848	-1188.975	-1307.953	118.9785	1.365208	3.45417	0.809536	0.190464	1.774809
10854	-1174.253	-1293.707	119.4534	1.316811	2.019599	0.787284	0.212716	1.939373
10860	-1174.694	-1294.512	119.8175	1.42444	1.788114	0.882153	0.117847	1.711754
10866	-1169.949	-1289.894	119.9451	1.42444	1.383879	0.946739	0.0532607	1.821729
10872	-1180.703	-1300.509	119.8065	1.343656	1.149337	0.858414	0.141586	2.100973
10878	-1171.321	-1290.86	119.5389	1.383534	0.7522282	0.896111	0.103889	2.512305
10884	-1165.179	-1285.608	120.4292	1.514082	1.005489	0.915764	0.0842364	1.652361
10890	-1166.297	-1286.96	120.6636	1.594327	0.9248268	0.850784	0.149216	1.482099
10896	-1169.1	-1289.24	120.1394	1.871768	1.675266	0.893261	0.106739	1.176873
10902	-1179.623	-1299.612	119.989	1.768139	2.332217	0.898153	0.101847	1.056164
10908	-1183.803	-1304.333	120.5301	1.847106	1.384878	0.868486	0.131514	1.034572
10914	-1164.808	-1283.227	118.4192	1.484343	1.69641	0.92244	0.0775601	2.624627
10920	-1164.744	-1282.323	117.5786	1.47709	1.855464	0.906193	0.0938069	3.076801
10926	-1170.266	-1287.89	117.6238	1.36871	2.92378	0.890861	0.109139	2.782694
10932	-1175.732	-1294.744	119.0125	1.519291	1.968067	0.910648	0.0893519	2.117749
10938	-1171.518	-1291.02	119.5025	1.470243	2.122114	0.904825	0.0951746	1.760473
10944	-1179.05	-1299.292	120.2421	1.386895	1.177734	0.900743	0.099257	1.760473
10950	-1168.314	-1288.264	119.9493	1.549416	1.927108	0.869955	0.130045	1.460928
10956	-1174.887	-1294.924	120.0372	1.509475	2.003988	0.904294	0.0957058	1.38873
10962	-1176.773	-1296.673	119.8994	1.560199	1.749865	0.76942	0.23058	1.572964
10968	-1185.205	-1304.532	119.3272	1.701985	2.046053	0.931527	0.0684727	1.751229
10974	-1175.289	-1294.474	119.185	1.565793	2.179896	0.770252	0.229748	1.891247
10980	-1170.392	-1289.979	119.5867	1.379556	1.487212	0.862644	0.137356	2.040917
10986	-1162.607	-1282.119	119.5119	1.347956	1.636681	0.8271	0.1729	2.040917
10992	-1171.968	-1292.35	120.3824	1.589758	1.544129	0.817055	0.182945	1.286457
10998	-1165.584	-1285.159	119.5749	1.679874	2.213963	0.864381	0.135619	1.521075
11004	-1168.987	-1289.198	120.2109	1.650118	1.56368	0.833597	0.166403	1.364526
11010	-1168.646	-1288.704	120.0581	1.88925	1.460287	0.792067	0.207933	1.355901
11016	-1172.065	-1292.119	120.0536	1.779433	2.09277	0.89595	0.10405	1.106303
11022	-1178.904	-1299.111	120.207	1.844817	2.076622	0.794707	0.205293	0.8961289
11028	-1188.849	-1309.204	120.3552	2.120049	1.725691	0.958592	0.0414081	0.5003712
11034	-1174.615	-1294.795	120.18	1.926205	1.767482	0.863673	0.136327	1.034346
11040	-1176.717	-1296.175	119.458	1.699959	1.725691	0.94161	0.0583899	1.798809
11046	-1183.879	-1304.166	120.2866	2.028273	1.643661	0.818346	0.181654	0.9036227
11052	-1184.262	-1304.474	120.2118	1.667854	2.10732	0.899256	0.100744	1.055246
11058	-1181.036	-1301.078	120.0422	1.813733	2.275243	0.882394	0.117606	0.9887245
11064	-1174.019	-1294.34	120.3206	1.779303	1.600761	0.880831	0.119169	1.143752
11070	-1175.03	-1295.649	120.6193	1.696472	1.191865	0.898483	0.101517	1.232671
11076	-1175.072	-1294.508	119.4358	1.617192	2.460616	0.917525	0.0824745	1.575586
11082	-1174.351	-1293.493	119.1422	1.602562	3.057634	0.87224	0.12776	1.602002
11088	-1168.898	-1288.495	119.5973	1.396412	2.314771	0.871824	0.128176	1.672127
11094	-1162.779	-1281.631	118.8517	1.401891	2.314771	0.890977	0.109023	2.173301
11100	-1178.346	-1298.31	119.9648	1.301514	1.987052	0.776947	0.223053	1.606837
11106	-1183.731	-1302.08	118.3489	1.094701	1.105586	0.800967	0.199033	3.181705
11112	-1170.575	-1289.496	118.9217	1.239157	2.657998	0.885378	0.114622	2.123166
11118	-1173.903	-1293.09	119.1865	1.362388	2.463159	0.917763	0.0822369	1.927875
11124	-1169.386	-1288.493	119.107	1.412737	2.522454	0.884757	0.115243	1.927875
11130	-1175.989	-1295.32	119.3309	1.448061	1.521303	0.89499	0.10501	2.14753
11136	-1179.937	-1299.065	119.1277	1.245923	1.854012	0.875812	0.124188	2.265142
11142	-1182.232	-1300.506	118.2735	1.325308	3.507553	0.893681	0.106319	2.257483
11148	-1190.147	-1308.554	118.4071	1.123092	1.678881	0.736398	0.263602	2.860133
11154	-1179.827	-1299.441	119.6141	1.61221	2.291347	0.812688	0.187312	1.511458
11160	-1175.556	-1295.325	119.7688	1.630836	2.187164	0.848917	0.151083	1.42239
11166	-1168.843	-1288.375	119.5319	1.584895	2.466315	0.817358	0.182642	1.526362
11172	-1176.394	-1295.357	118.9629	1.645874	2.561615	0.720796	0.279204	1.854389
11178	-1172.876	-1292.586	119.7104	1.847457	2.35886	0.925941	0.0740585	1.221707
11184	-1177.264	-1297.975	120.7116	1.729557	1.347446	0.849679	0.150321	1.000797
11190	-1177.71	-1297.802	120.0923	1.824326	2.141269	0.874405	0.125595	1.000797
11196	-1172.113	-1292.166	120.0532	1.936876	2.141269	0.909809	0.0901906	0.9243415
11202	-1177.493	-1297.289	119.7964	2.122103	2.535056	0.735564	0.264436	0.7599582
11208	-1172.091	-1292.199	120.1078	1.968462	2.282214	0.90865	0.0913498	0.7138256
11214	-1174.164	-1294.104	119.9396	2.037492	2.322054	0.705701	0.294299	0.8257479
11220	-1169.354	-1289.674	120.3194	2.082145	1.793928	0.884095	0.115905	0.6312975
11226	-1165.901	-1286.246	120.3453	1.863079	1.841305	0.865988	0.134012	0.8777186
11232	-1172.551	-1292.664	120.1126	2.049786	1.830357	0.889148	0.110852	0.9365577
11238	-1176.54	-1296.852	120.3123	1.814594	1.901203	0.923134	0.0768656	0.9275496
11244	-1177.211	-1297.179	119.9676	1.670334	1.577775	0.974404	0.0255956	1.52745
11250	-1184.629	-1304.434	119.8051	1.343734	0.8719049	0.946676	0.0533239	2.280866
11256	-1181.437	-1300.484	119.0461	1.262498	1.892189	0.916892	0.0831076	2.291697
11262	-1170.909	-1290.684	119.7744	1.38848	1.510806	0.916601	0.0833993	1.897495
11268	-1179.416	-1298.506	119.0903	1.455996	1.67709	0.87127	0.12873	2.227725
11274	-1177.626	-1296.419	118.7922	1.26703	1.226246	0.933141	0.0668595	2.746644
11280	-1175.857	-1294.996	119.1398	1.439604	1.864905	0.946234	0.0537657	2.127528
11286	-1180.206	-1300.129	119.9225	1.459002	0.8165913	0.864572	0.135428	2.171253
11292	-1165.975	-1284.85	118.8749	1.324415	1.827172	0.902621	0.0973788	2.386844
11298	-1168.832	-1287.444	118.6124	1.168898	1.025211	0.953575	0.0464254	3.026158
11304	-1172.453	-1291.668	119.215	1.139927	2.393943	0.928609	0.071391	2.080337
11310	-1170.623	-1289.612	118.9885	1.410714	1.590525	0.920935	0.0790647	2.359844
11316	-1166.916	-1286.312	119.3957	1.824438	1.569012	0.975583	0.0244168	1.829734
11322	-1162.722	-1282.357	119.6352	1.846163	2.136466	0.915952	0.0840481	1.380628
11328	-1170.751	-1290.97	120.2187	1.827679	1.199359	0.922398	0.0776024	1.442789
11334	-1171.927	-1292.678	120.7506	1.851999	1.216771	0.956983	0.0430165	0.9461621
11340	-1192.866	-1312.765	119.899	1.986546	1.529529	0.948507	0.051493	1.364516
11346	-1179.262	-1299.672	120.4105	1.768313	1.206899	0.947873	0.052127	1.334091
11352	-1172.261	-1291.2	118.939	1.73057	2.244014	0.936805	0.0631954	1.92279
11358	-1173.081	-1293.651	120.5697	1.80111	1.251495	0.833589	0.166411	1.140727
11364	-1179.598	-1299.561	119.9627	1.815632	1.969926	0.868219	0.131781	1.216858
11370	-1177.537	-1297.505	119.9673	1.748443	1.959875	0.856201	0.143799	1.274182
11376	-1180.146	-1299.538	119.3921	1.72137	4.059315	0.934338	0.0656618	0.9913403
11382	-1171.583	-1291.824	120.2409	1.780964	1.974298	0.767553	0.232447	0.9913403
11388	-1174.896	-1294.788	119.8928	1.786645	2.324772	0.845624	0.154376	1.131272
11394	-1172.656	-1292.542	119.8854	1.782771	2.324772	0.86012	0.13988	1.141333
11400	-1174.166	-1294.367	120.2012	1.661403	2.418183	0.903554	0.0964456	0.9031781
11406	-1169.543	-1288.851	119.3084	1.430375	2.709393	0.859957	0.140043	1.715673
11412	-1162.37	-1282.03	119.6599	1.668044	2.400152	0.813075	0.186925	1.390974
11418	-1171.38	-1291.281	119.9006	1.587598	2.118235	0.790523	0.209477	1.383227
11424	-1173.699	-1292.96	119.2611	1.622336	2.65555	0.790498	0.209502	1.630391
11430	-1163.818	-1283.17	119.3523	1.309155	2.267994	0.848886	0.151114	1.919607
11436	-1182.974	-1302.843	119.8687	1.405557	2.014116	0.723736	0.276264	1.58946
11442	-1172.874	-1292.321	119.4466	1.368796	2.658416	0.858923	0.141077	1.678198
11448	-1174.111	-1293.142	119.0317	1.635867	2.658416	0.840248	0.159752	1.78214
11454	-1174.192	-1293.26	119.0671	1.438944	3.298355	0.88905	0.11095	1.703084
11460	-1174.527	-1293.058	118.5314	1.319014	2.341422	0.876944	0.123056	2.422156
11466	-1170.38	-1290.336	119.9563	1.351019	1.793787	0.907757	0.092243	1.662708
11472	-1176.026	-1295.538	119.5128	1.701714	2.05134	0.930477	0.0695229	1.617255
11478	-1182.343	-1302.342	119.9988	1.671924	2.223328	0.928489	0.0715106	1.186242
11484	-1179.544	-1299.414	119.8704	1.550463	2.306687	0.811523	0.188477	1.355836
11490	-1175.784	-1295.283	119.4992	1.650159	2.873153	0.869202	0.130798	1.355836
11496	-1186.385	-1305.896	119.5106	1.613258	2.918748	0.721589	0.278411	1.360249
11502	-1180.316	-1299.205	118.889	1.541154	2.758756	0.888695	0.111305	1.913192
11508	-1178.796	-1296.831	118.0348	1.356105	2.270221	0.778533	0.221467	2.730487
11514	-1172.674	-1291.159	118.4841	1.571265	3.971409	0.829371	0.170629	1.846022
11520	-1189.912	-1310.093	120.1808	1.686903	2.088758	0.898949	0.101051	1.076397
11526	-1181.51	-1300.06	118.5503	1.286264	2.124775	0.887419	0.112581	2.503943
11532	-1170.553	-1290.696	120.1423	1.42593	1.247931	0.945279	0.0547212	1.760481
11538	-1180.981	-1300.555	119.5748	1.489624	1.247931	0.935459	0.0645415	2.100785
11544	-1182.251	-1302.178	119.927	1.439098	0.9062065	0.932499	0.0675011	2.116011
11550	-1178.684	-1296.256	117.5718	1.437891	4.211978	0.867616	0.132384	2.4759
11556	-1172.508	-1291.676	119.168	1.346107	2.253417	0.868897	0.131103	2.023543
11562	-1173.563	-1291.686	118.1232	1.346107	3.552112	0.858206	0.141794	2.329678
11568	-1181.778	-1300.001	118.2225	1.168669	3.206387	0.834449	0.165551	2.463399
11574	-1176.047	-1294.702	118.6548	1.527444	3.558838	0.930543	0.0694567	1.859163
11580	-1167.915	-1287.053	119.1386	1.541174	2.894664	0.823659	0.176341	1.698645
11586	-1171.92	-1291.657	119.7371	1.686424	2.016471	0.889827	0.110173	1.477717
11592	-1178.49	-1298.742	120.2522	1.911069	2.016471	0.831355	0.168645	0.8027033
11598	-1175.338	-1295.529	120.1911	2.02842	2.016471	0.925267	0.0747331	0.7206625
11604	-1182.267	-1302.891	120.624	1.679847	1.355526	0.813408	0.186592	1.124476
11610	-1171.96	-1291.875	119.9145	1.801406	2.646868	0.883886	0.116114	0.9417693
11616	-1176.079	-1296.358	120.2796	1.846337	1.762621	0.884856	0.115144	1.018254
11622	-1181.981	-1301.551	119.5699	1.809027	2.318495	0.806345	0.193655	1.383994
11628	-1174.68	-1295.307	120.6267	1.716658	1.439713	0.81955	0.18045	1.026474
11634	-1175.1	-1295.092	119.9927	1.929754	2.292207	0.884774	0.115226	0.9088179
11640	-1178.51	-1299.094	120.584	2.099759	1.41684	0.914688	0.0853118	0.5770675
11646	-1180.148	-1300.638	120.4906	2.161182	1.472427	0.882667	0.117333	0.5195527
11652	-1179.339	-1299.144	119.8048	2.144429	2.681899	0.850872	0.149128	0.5195527
11658	-1183.981	-1304.659	120.6779	2.01704	1.383226	0.832563	0.167437	0.6217978
11664	-1187.406	-1307.336	119.9306	1.984797	2.538773	0.787998	0.212002	0.7618681
11670	-1175.75	-1296.216	120.4665	2.019911	1.659052	0.919055	0.0809446	0.6405941
11676	-1164.093	-1284.585	120.492	1.994068	1.65953	0.854058	0.145942	0.6405941
11682	-1159.907	-1280.059	120.1529	2.029999	2.090876	0.891823	0.108177	0.7104316
11688	-1162.66	-1283.195	120.5353	2.105574	1.429937	0.859955	0.140045	0.6625189
11694	-1162.568	-1283.653	121.0851	1.874362	0.8916852	0.88214	0.11786	0.899404
11700	-1162.366	-1282.084	119.7182	1.691605	1.982857	0.911106	0.0888944	1.502844
11706	-1172.455	-1292.851	120.3966	1.691605	1.702658	0.879099	0.120901	1.091497
11712	-1168.823	-1289.78	120.9579	1.612738	1.043747	0.90772	0.0922803	1.129815
11718	-1173.224	-1292.973	119.7495	1.484067	2.339157	0.880691	0.119309	1.487329
11724	-1170.096	-1290.423	120.327	1.652637	1.604462	0.853322	0.146678	1.245063
11730	-1176.837	-1297.184	120.3467	1.632934	1.604462	0.740764	0.259236	1.245063
11736	-1188.454	-1307.844	119.3895	1.444433	2.972409	0.874713	0.125287	1.563186
11742	-1188.935	-1308.635	119.7	1.53008	2.834035	0.872779	0.127221	1.305056
11748	-1178.341	-1298.524	120.1834	1.616822	2.15814	0.918077	0.0819231	1.102864
11754	-1180.395	-1301.124	120.7294	1.734922	1.480783	0.899109	0.100891	0.8651257
11760	-1185.62	-1305.208	119.5882	1.671495	2.395775	0.787888	0.212112	1.445411
11766	-1183.928	-1303.982	120.0543	1.782603	1.70733	0.830459	0.169541	1.304925
11772	-1181.324	-1302.139	120.8141	1.585559	1.27311	0.816608	0.183392	1.098274
11778	-1180.944	-1301.157	120.2136	1.670055	1.485653	0.876859	0.123141	1.391116
11784	-1174.564	-1294.277	119.7123	1.670055	3.087224	0.889529	0.110471	1.079729
11790	-1177.137	-1297.338	120.2004	1.676	2.000027	0.736281	0.263719	1.115454
11796	-1170.379	-1290.068	119.6891	1.549296	2.00737	0.742909	0.257091	1.618371
11802	-1175.331	-1295.224	119.8923	1.450431	1.912667	0.844174	0.155826	1.583544
11808	-1170.966	-1289.201	118.2349	1.216733	3.077042	0.857749	0.142251	2.458684
11814	-1172.076	-1290.731	118.6556	1.175076	2.653252	0.923383	0.0766173	2.337417
11820	-1179.209	-1296.483	117.2738	0.9935928	2.818512	0.86883	0.13117	3.245324
11826	-1183.264	-1300.612	117.3476	1.147983	2.038622	0.778388	0.221612	3.343513
11832	-1176.818	-1294.321	117.5034	1.322627	2.432861	0.899255	0.100745	3.021586
11838	-1177.055	-1294.726	117.6708	1.033273	1.993451	0.943223	0.0567768	3.236111
11844	-1174.437	-1293.814	119.3771	1.347281	2.089878	0.935495	0.0645049	1.943049
11850	-1186.007	-1304.53	118.5223	1.185305	2.043646	0.899582	0.100418	2.612731
11856	-1168.663	-1286.842	118.179	1.195286	1.769969	0.875647	0.124353	2.918085
11862	-1172.142	-1290.498	118.3569	1.15877	1.665584	0.814621	0.185379	2.874383
11868	-1173.096	-1292.139	119.0424	1.234088	1.982242	0.892975	0.107025	2.277547
11874	-1183.485	-1302.01	118.5259	1.198814	1.433408	0.761251	0.238749	2.848565
11880	-1171.231	-1289.83	118.5986	1.42345	1.59525	0.832068	0.167932	2.59405
11886	-1173.977	-1293.465	119.4886	1.462494	2.345569	0.883956	0.116044	1.691072
11892	-1172.418	-1291.416	118.9977	1.384135	1.944921	0.856214	0.143786	2.224152
11898	-1171.168	-1290.158	118.9906	1.086301	2.243503	0.925801	0.0741987	2.311278
11904	-1176.837	-1295.641	118.8036	1.165963	1.760507	0.835975	0.164025	2.557569
11910	-1184.759	-1305.063	120.3043	1.658214	1.150204	0.920402	0.0795981	1.5386
11916	-1178.469	-1298.741	120.2718	1.624578	1.102407	0.909389	0.0906108	1.619043
11922	-1180.564	-1300.76	120.196	1.29932	1.567424	0.843019	0.156981	1.637102
11928	-1174.359	-1293.571	119.2118	1.066906	1.116462	0.865007	0.134993	2.671794
11934	-1165.881	-1285.735	119.8533	1.291282	2.03419	0.910694	0.0893061	1.674521
11940	-1171.196	-1291.489	120.2929	1.443756	1.462858	0.848215	0.151785	1.516169
11946	-1170.846	-1290.774	119.9281	1.595715	1.920685	0.889915	0.110085	1.444706
11952	-1173.945	-1293.144	119.1998	1.427053	1.665362	0.913595	0.0864054	2.180766
11958	-1182.262	-1303.246	120.985	1.680286	1.041347	0.824793	0.175207	1.044322
11964	-1168.914	-1288.747	119.8333	1.963868	2.48988	0.855721	0.144279	0.9356668
11970	-1172.278	-1292.075	119.7973	1.749975	2.420726	0.917917	0.0820832	1.203873
11976	-1172.466	-1292.141	119.6746	1.579859	2.420726	0.90169	0.0983101	1.439786
11982	-1171.702	-1291.394	119.6922	1.525783	2.695317	0.80563	0.19437	1.365
11988	-1175.793	-1295.449	119.6562	1.513848	2.906942	0.852611	0.147389	1.327593
11994	-1183.735	-1302.287	118.552	1.417025	3.14416	0.799097	0.200903	2.109563
12000	-1170.611	-1289.814	119.2036	1.383622	2.253203	0.78998	0.21002	1.974814
12006	-1175.483	-1293.579	118.0957	1.309195	2.253203	0.819031	0.180969	2.727468
12012	-1177.753	-1296.942	119.1893	1.469272	2.203352	0.848828	0.151172	1.944999
12018	-1175.951	-1295.506	119.555	1.353948	2.206608	0.853827	0.146173	1.772463
12024	-1169.737	-1289.628	119.8905	1.549054	1.870918	0.953575	0.0464248	1.53109
12030	-1167.828	-1287.743	119.9148	1.512237	1.467069	0.782942	0.217058	1.73752
12036	-1175.255	-1294.701	119.4455	1.499084	2.340542	0.758821	0.241179	1.697551
12042	-1172.764	-1292.464	119.7001	1.442196	1.98268	0.910161	0.089839	1.697551
12048	-1168.335	-1287.46	119.1254	1.673383	2.747497	0.856973	0.143027	1.660693
12054	-1175.194	-1295.232	120.038	1.616681	1.980601	0.955219	0.0447811	1.313869
12060	-1171.262	-1290.767	119.5049	1.497975	2.324661	0.931876	0.0681242	1.6619
12066	-1176.112	-1296.736	120.624	1.976154	1.334678	0.81108	0.18892	0.8371257
12072	-1170.372	-1291.185	120.8129	1.797962	1.334678	0.848934	0.151066	0.8236051
12078	-1164.247	-1284.665	120.4178	1.719271	1.461244	0.957739	0.0422606	1.199332
12084	-1171.874	-1292.633	120.759	1.638012	1.220362	0.885176	0.114824	1.141084
12090	-1178.958	-1299.138	120.1805	1.596473	1.723387	0.920408	0.079592	1.344533
12096	-1174.028	-1294.39	120.3612	1.596473	1.388619	0.874347	0.125653	1.390874
12102	-1170.583	-1290.407	119.8247	1.371717	1.634016	0.857537	0.142463	1.814864
12108	-1175.683	-1295.371	119.6882	1.389093	1.814602	0.835258	0.164742	1.814864
12114	-1177.87	-1297.205	119.3348	1.291887	1.558591	0.939481	0.0605189	2.228826
12120	-1180.349	-1298.884	118.5352	1.419019	2	0.893303	0.106697	2.47508
12126	-1182.307	-1302.13	119.8226	1.57244	1.611381	0.93481	0.0651897	1.686738
12132	-1182.813	-1302.479	119.6658	1.683912	2.00739	0.791734	0.208266	1.536889
12138	-1169.594	-1289.874	120.2793	1.673662	1.496858	0.895062	0.104938	1.329857
12144	-1174.644	-1295.309	120.6654	1.750845	1.334121	0.855199	0.144801	1.03572
12150	-1186.255	-1306.779	120.5239	1.58653	1.130625	0.89692	0.10308	1.440645
12156	-1183.026	-1303.39	120.3635	1.442847	1.267484	0.845552	0.154448	1.57875
12162	-1178.553	-1298.458	119.905	1.545245	2.010009	0.950285	0.0497152	1.460325
12168	-1179.653	-1299.522	119.869	1.550927	2.010009	0.894529	0.105471	1.483287
12174	-1180.459	-1300.99	120.5314	1.731084	1.355514	0.828211	0.171789	1.161249
12180	-1183.214	-1303.23	120.0167	1.658965	1.780901	0.831883	0.168117	1.394828
12186	-1177.543	-1297.644	120.1005	1.643048	1.981155	0.880453	0.119547	1.240635
12192	-1179.927	-1299.263	119.3361	1.446809	3.340283	0.950368	0.0496325	1.489407
12198	-1174.765	-1294.506	119.7414	1.675847	2.545241	0.846432	0.153568	1.261491
12204	-1180.522	-1300.345	119.8231	1.614584	2.733884	0.881632	0.118368	1.168642
12210	-1176.132	-1295.74	119.6086	1.626595	3.205774	0.927055	0.0729452	1.168642
12216	-1170.669	-1290.11	119.441	1.478734	3.030468	0.852293	0.147707	1.480888
12222	-1175.481	-1294.546	119.0656	1.542923	2.789261	0.829692	0.170308	1.7814
12228	-1180.779	-1299.943	119.1639	1.504967	2.789261	0.822943	0.177057	1.739265
12234	-1188.235	-1306.646	118.4109	1.409713	2.789261	0.951245	0.0487553	2.303998
12240	-1179.953	-1298.761	118.8075	1.459835	2.703716	0.92293	0.0770698	2.039075
12246	-1183.266	-1302.868	119.6022	1.703276	2.153226	0.76202	0.23798	1.50803
12252	-1190.785	-1309.919	119.134	1.801419	4.403195	0.810319	0.189681	1.057255
12258	-1177.561	-1297.266	119.7052	1.814603	2.961252	0.768756	0.231244	0.9985242
12264	-1191.495	-1310.477	118.9821	1.829602	4.30859	0.77937	0.22063	1.195377
12270	-1173.185	-1291.834	118.6494	1.480693	4.08789	0.877054	0.122946	1.767452
12276	-1177.789	-1296.246	118.4569	1.229938	2.821952	0.877975	0.122025	2.379733
12282	-1183.406	-1301.46	118.0534	1.370815	4.394078	0.861152	0.138848	2.174948
12288	-1186.836	-1305.653	118.817	1.165266	2.433582	0.835834	0.164166	2.3087
12294	-1185.316	-1303.416	118.1002	1.208615	3.718756	0.857235	0.142765	2.393014
12300	-1184.608	-1302.851	118.243	1.279348	3.158494	0.808922	0.191078	2.393014
12306	-1185.385	-1302.859	117.474	1.205559	4.435079	0.912886	0.0871139	2.637288
12312	-1184.211	-1302.703	118.4918	1.213804	2.099801	0.923697	0.0763026	2.594163
12318	-1188.889	-1307.265	118.3758	1.200099	2.33973	0.815872	0.184128	2.594163
12324	-1176.149	-1295.186	119.0365	1.295853	1.736964	0.878057	0.121943	2.339277
12330	-1167.395	-1286.504	119.1088	1.269622	1.667627	0.854904	0.145096	2.339277
12336	-1176.229	-1294.598	118.3686	1.164221	3.067643	0.821371	0.178629	2.41006
12342	-1180.582	-1299.509	118.9276	1.197912	1.571607	0.839577	0.160423	2.540161
12348	-1178.056	-1296.347	118.2909	1.069784	1.590073	0.890487	0.109513	2.99912
12354	-1178.407	-1296.89	118.4825	1.250182	1.993985	0.865782	0.134218	2.615102
12360	-1170.896	-1290.023	119.1272	1.307293	2.755222	0.792802	0.207198	1.911358
12366	-1192.002	-1310.512	118.51	1.310236	2.616806	0.945958	0.0540419	2.354949
12372	-1183.317	-1301.64	118.3236	1.412293	3.255213	0.856154	0.143846	2.231896
12378	-1177.87	-1296.552	118.6826	1.176148	2.57073	0.846192	0.153808	2.344496
12384	-1182.485	-1302.042	119.5574	1.475618	2.808977	0.781433	0.218567	1.468
12390	-1178.631	-1298.105	119.4743	1.516889	2.808977	0.818424	0.181576	1.499505
12396	-1177.491	-1296.681	119.1901	1.36315	3.18083	0.82801	0.17199	1.702956
12402	-1168.645	-1287.655	119.0097	1.481939	3.025247	0.841407	0.158593	1.791148
12408	-1180.301	-1300.242	119.9406	1.638127	2.342869	0.799449	0.200551	1.210972
12414	-1169.828	-1289.696	119.868	1.678356	2.406119	0.792259	0.207741	1.210972
12420	-1184.671	-1304.013	119.3413	1.701561	3.08571	0.71817	0.28183	1.368243
12426	-1176.727	-1296.637	119.9097	1.701561	1.690659	0.825094	0.174906	1.489393
12432	-1165.607	-1283.49	117.8833	1.446368	3.783309	0.849903	0.150097	2.365324
12438	-1173.914	-1292.37	118.4562	1.384181	3.239518	0.88647	0.11353	2.168389
12444	-1170.637	-1288.747	118.1099	1.367582	3.059021	0.788638	0.211362	2.447192
12450	-1180.491	-1296.637	116.1459	1.213462	2.882804	0.720567	0.279433	3.758518
12456	-1177.994	-1295.078	117.0835	1.313484	3.02672	0.848321	0.151679	3.114857
12462	-1182.663	-1302.14	119.4764	1.720073	3.203799	0.845416	0.154584	1.202801
12468	-1183.935	-1303.197	119.2615	1.566975	3.203799	0.926038	0.0739625	1.495873
12474	-1175.187	-1295.676	120.4887	1.86787	1.474731	0.844478	0.155522	0.9872351
12480	-1182.074	-1301.635	119.5612	2.026657	3.220572	0.926311	0.0736888	0.7996414
12486	-1171.494	-1291.94	120.4459	2.130626	1.521725	0.758529	0.241471	0.6544574
12492	-1170.33	-1290.106	119.7762	1.423445	1.949682	0.876815	0.123185	1.670784
12498	-1170.364	-1289.61	119.2465	1.400354	1.949682	0.893901	0.106099	2.049237
12504	-1176.001	-1296.08	120.0787	1.497155	1.404612	0.856666	0.143334	1.66578
12510	-1171.706	-1291.671	119.9649	1.350637	2.086772	0.907088	0.0929125	1.528311
12516	-1172.419	-1291.807	119.3878	1.468169	1.892031	0.88334	0.11666	1.932953
12522	-1173.621	-1293.096	119.4749	1.405405	2.092862	0.797578	0.202422	1.835893
12528	-1169.443	-1287.54	118.097	1.312467	1.860576	0.824866	0.175134	2.86216
12534	-1167.033	-1285.51	118.4775	1.368403	1.860576	0.847948	0.152052	2.594939
12540	-1166.625	-1286.102	119.4778	1.4776	1.965058	0.898886	0.101114	1.835224
12546	-1182.791	-1302.12	119.3295	1.597798	2.190363	0.860135	0.139865	1.765845
12552	-1169.417	-1288.884	119.4675	1.60488	2.459276	0.81634	0.18366	1.561836
12558	-1174.353	-1293	118.6471	1.327552	3.449585	0.916383	0.0836172	2.026488
12564	-1172.552	-1291.682	119.1304	1.6706	2.747144	0.924939	0.0750606	1.659184
12570	-1168.477	-1288.107	119.6299	1.615138	1.903466	0.903598	0.0964023	1.658283
12576	-1170.153	-1290.272	120.1195	1.764041	2.117053	0.837239	0.162761	1.0463
12582	-1169.968	-1289.843	119.8753	1.751063	1.52167	0.850992	0.149008	1.56568
12588	-1164.392	-1284.459	120.0668	1.751063	2.046306	0.829687	0.170313	1.143833
12594	-1175.363	-1296.182	120.8186	1.668563	0.982125	0.926524	0.0734763	1.254374
12600	-1172.915	-1293.366	120.4507	1.465049	1.378988	0.911732	0.0882683	1.429216
12606	-1187.175	-1305.666	118.4909	1.304459	2.408943	0.969052	0.0309485	2.435052
12612	-1181.98	-1301.901	119.9205	1.591435	1.617297	0.718709	0.281291	1.599772
12618	-1184.357	-1303.916	119.559	1.63408	2.775815	0.8897	0.1103	1.355629
12624	-1172.436	-1292.071	119.6348	1.557034	3.001403	0.833789	0.166211	1.276865
12630	-1167.319	-1286.924	119.6048	1.752984	3.404215	0.840421	0.159579	0.9806916
12636	-1182.468	-1302.256	119.788	1.511648	3.041379	0.845493	0.154507	1.171446
12642	-1176.568	-1295.562	118.994	1.513916	3.906875	0.875415	0.124585	1.540216
12648	-1173.314	-1292.823	119.5087	1.487079	2.284409	0.858081	0.141919	1.682024
12654	-1166.296	-1286.033	119.7366	1.410303	2.281176	0.799362	0.200638	1.574196
12660	-1169.13	-1289.296	120.1656	1.608365	1.703894	0.827744	0.172256	1.357161
12666	-1182.132	-1301.134	119.0021	1.510603	4.32219	0.813827	0.186173	1.43358
12672	-1178.306	-1297.89	119.5842	1.549234	3.366276	0.929718	0.0702822	1.201898
12678	-1179.3	-1298.54	119.2394	1.446562	3.095528	0.930121	0.069879	1.633105
12684	-1159.091	-1278.097	119.006	1.343521	1.768635	0.905068	0.0949325	2.315175
12690	-1172.778	-1291.256	118.4781	1.419408	2.682792	0.935528	0.0644722	2.285995
12696	-1181.285	-1300.762	119.4771	1.394117	1.878468	0.913596	0.0864039	1.928271
12702	-1184.992	-1304.378	119.3859	1.466446	1.878468	0.881216	0.118784	1.94102
12708	-1182.427	-1302.669	120.2423	1.492339	1.747117	0.939967	0.0600334	1.36573
12714	-1185.368	-1305.393	120.025	1.744619	1.846459	0.869066	0.130934	1.286744
12720	-1190.456	-1309.74	119.2836	1.681158	3.323918	0.86168	0.13832	1.354068
12726	-1164.302	-1284.237	119.9348	1.681158	2.351506	0.895971	0.104029	1.175091
12732	-1171.777	-1289.547	117.7702	1.373314	3.565687	0.79214	0.20786	2.5316
12738	-1172.556	-1291.937	119.3803	1.619904	3.14785	0.874176	0.125824	1.381635
12744	-1166.685	-1285.543	118.8585	1.404164	2.049543	0.795744	0.204256	2.261249
12750	-1169.064	-1288.729	119.6654	1.420649	1.881746	0.795934	0.204066	1.779801
12756	-1169.521	-1288.297	118.7756	1.465314	2.730402	0.903824	0.0961765	2.048446
12762	-1168.118	-1288.107	119.9893	1.661203	1.764959	0.904971	0.0950291	1.422236
12768	-1168.562	-1288.316	119.754	1.326183	1.690763	0.854947	0.145053	1.868173
12774	-1171.406	-1290.868	119.4618	1.374839	1.79393	0.824501	0.175499	1.987134
12780	-1168.681	-1286.731	118.05	1.095808	2.017264	0.933907	0.0660926	2.964409
12786	-1167.762	-1285.007	117.2445	1.181512	1.781133	0.94453	0.0554696	3.476154
12792	-1161.517	-1280.806	119.2895	1.262117	1.602195	0.860401	0.139599	2.257366
12798	-1170.221	-1291.049	120.8279	1.651703	0.5960661	0.920632	0.0793679	1.618546
12804	-1166.904	-1287.056	120.1521	1.436587	1.524554	0.694983	0.305017	1.591742
12810	-1177.39	-1297.766	120.3759	1.790243	1.472589	0.879599	0.120401	1.166797
12816	-1189.745	-1309.545	119.8006	1.70715	1.705542	0.86795	0.13205	1.559038
12822	-1170.91	-1290.99	120.0799	1.436503	1.144291	0.839258	0.160742	1.858875
12828	-1168.669	-1288.672	120.0026	1.434372	1.214264	0.955584	0.0444162	1.870941
12834	-1166.736	-1287.352	120.6154	1.608203	1.041909	0.94767	0.0523302	1.417757
12840	-1174.776	-1295.084	120.3083	1.393876	0.849337	0.944541	0.0554588	1.934457
12846	-1168.745	-1289.188	120.4435	1.660072	1.312145	0.897012	0.102988	1.323606
12852	-1173.881	-1294.074	120.1934	1.714812	1.458886	0.90133	0.09867	1.387512
12858	-1171.439	-1291.299	119.8597	1.26955	1.873249	0.939507	0.060493	1.753265
12864	-1188.121	-1307.934	119.8124	1.523796	1.266344	0.928111	0.0718891	1.909337
12870	-1175.95	-1295.62	119.6691	1.343557	1.027957	0.909685	0.0903146	2.264027
12876	-1168.41	-1287.186	118.7766	1.333002	1.898317	0.934496	0.0655043	2.415639
12882	-1173.728	-1293.441	119.7129	1.314558	2.022502	0.970238	0.029762	1.761968
12888	-1176.318	-1296.57	120.2522	1.442135	1.582984	0.816275	0.183725	1.482496
12894	-1173.59	-1293.742	120.1524	1.626514	1.678655	0.898822	0.101178	1.366525
12900	-1188.381	-1307.268	118.8872	1.518376	4.378918	0.894146	0.105854	1.501339
12906	-1172.853	-1292.548	119.6948	1.537041	2.519988	0.811769	0.188231	1.419265
12912	-1182.259	-1301.03	118.7704	1.421882	2.287161	0.864628	0.135372	2.222347
12918	-1177.595	-1296.538	118.9429	1.294019	3.021258	0.828816	0.171184	1.965908
12924	-1174.293	-1293.638	119.3451	1.532555	1.766947	0.939059	0.0609409	1.971259
12930	-1183.444	-1302.723	119.2789	1.385553	2.121677	0.87655	0.12345	1.971259
12936	-1178.773	-1298.232	119.459	1.456351	2.121677	0.902963	0.0970373	1.800553
12942	-1178.913	-1298.153	119.2394	1.549525	1.858347	0.850118	0.149882	1.991844
12948	-1170.804	-1290.652	119.8476	1.531275	1.657172	0.869395	0.130605	1.675848
12954	-1165.388	-1284.966	119.5777	1.495072	1.75539	0.909027	0.0909727	1.844111
12960	-1172.795	-1291.498	118.7037	1.271917	1.612829	0.939097	0.0609032	2.615242
12966	-1185.336	-1304.626	119.2892	1.317293	2.885767	0.86433	0.13567	1.752909
12972	-1181.911	-1301.853	119.942	1.460709	1.607952	0.848684	0.151316	1.682996
12978	-1171.326	-1290.9	119.5736	1.426257	1.607952	0.848401	0.151599	1.960792
12984	-1182.796	-1301.359	118.5621	1.373966	2.868899	0.926551	0.0734493	2.207036
12990	-1172.505	-1290.746	118.2407	1.316919	3.368739	0.805575	0.194425	2.317627
12996	-1177.115	-1295.829	118.7137	1.400121	3.114793	0.811119	0.188881	2.022026
13002	-1176.439	-1296.902	120.463	1.692561	1.55172	0.77006	0.22994	1.124987
13008	-1171.767	-1291.986	120.219	1.561046	1.614861	0.844304	0.155696	1.399821
13014	-1178.659	-1298.627	119.9681	1.701102	1.792305	0.863201	0.136799	1.394146
13020	-1171.91	-1292.3	120.39	1.598054	1.72639	0.843909	0.156091	1.167304
13026	-1176.96	-1296.923	119.9634	1.781425	2.078684	0.811793	0.188207	1.191487
13032	-1179.572	-1299.535	119.9621	1.657763	2.195399	0.856452	0.143548	1.242427
13038	-1185.045	-1305.083	120.038	1.841626	1.757762	0.751731	0.248269	1.242427
13044	-1184.089	-1304.55	120.4616	1.589195	1.509066	0.806298	0.193702	1.242427
13050	-1182.429	-1302.615	120.1861	1.898113	2.112708	0.899446	0.100554	0.8335487
13056	-1180.562	-1301.4	120.8387	1.91801	0.9634456	0.871642	0.128358	1.031123
13062	-1193.482	-1314.392	120.9097	1.734295	0.9288609	0.871233	0.128767	1.167712
13068	-1174.168	-1294.617	120.4486	1.839864	1.749416	0.873114	0.126886	0.8523505
13074	-1177.264	-1297.31	120.0468	2.148964	1.998791	0.825405	0.174595	0.7723516
13080	-1176.845	-1296.781	119.9353	2.131484	2.437252	0.911028	0.0889717	0.4751192
13086	-1174.404	-1294.611	120.2066	1.986697	2.071093	0.919576	0.0804245	0.711962
13092	-1175.424	-1295.175	119.7515	2.035206	2.865889	0.907632	0.0923679	0.7274383
13098	-1178.995	-1299.025	120.0309	2.065598	2.374406	0.827507	0.172493	0.5424069
13104	-1199.861	-1316.328	116.4673	1.060673	1.427992	0.730933	0.269067	4.135395
13110	-1194.195	-1312.917	118.7221	1.064	2.731727	0.848579	0.151421	2.342637
13116	-1186.01	-1303.309	117.2993	1.094646	2.440996	0.898878	0.101122	3.275964
13122	-1182.187	-1300.219	118.0318	1.220929	2.455681	0.861767	0.138233	2.756626
13128	-1188.113	-1306.315	118.2021	1.270879	2.712167	0.83354	0.16646	2.545157
13134	-1175.712	-1296.552	120.8405	1.880789	1.180969	0.90958	0.0904204	0.8472
13140	-1175.64	-1296.385	120.7451	1.70612	1.180969	0.902177	0.0978231	1.123221
13146	-1168.224	-1289.126	120.9015	1.799235	1.027302	0.974071	0.0259291	1.023285
13152	-1177.097	-1298.002	120.9052	1.878161	1.026925	0.883084	0.116916	0.9392991
13158	-1172.111	-1292.289	120.1776	1.725729	2.164229	0.985293	0.0147067	1.001336
13164	-1171.166	-1291.963	120.7961	1.740081	0.9599637	0.977226	0.0227738	1.232298
13170	-1177.911	-1296.7	118.7887	1.256641	1.790905	0.92685	0.0731498	2.498187
13176	-1180.262	-1299.54	119.278	1.470112	1.790905	0.815446	0.184554	2.04727
13182	-1187.193	-1307.077	119.8841	1.769778	1.790905	0.875728	0.124272	1.406739
13188	-1171.495	-1291.629	120.1343	1.782834	1.659902	0.872901	0.127099	1.265252
13194	-1178.313	-1298.2	119.8866	1.714252	2.135569	0.796678	0.203322	1.285391
13200	-1173.661	-1293.757	120.0957	1.633754	1.415867	0.906786	0.0932141	1.547968
13206	-1183.543	-1303.775	120.2312	1.324072	1.356419	0.931873	0.0681265	1.707199
13212	-1178.341	-1299.025	120.684	1.605913	1.213263	0.964356	0.035644	1.238693
13218	-1182.45	-1302.906	120.4559	1.393367	0.7147623	0.988354	0.0116456	1.944333
13224	-1179.935	-1300.474	120.5392	1.323922	1.127583	0.978334	0.021666	1.626267
13230	-1179.162	-1299.724	120.5615	1.57058	1.080373	0.892748	0.107252	1.459703
13236	-1182.451	-1302.865	120.4142	1.582503	1.419299	0.907643	0.0923566	1.341373
13242	-1177.172	-1297.523	120.3515	1.454808	0.8781885	0.928066	0.0719341	1.841725
13248	-1169.44	-1289.361	119.921	1.467918	1.654693	0.954055	0.045945	1.669864
13254	-1169.949	-1289.84	119.8909	1.467918	2.016261	0.918125	0.0818754	1.526309
13260	-1165.507	-1285.235	119.7281	1.672608	1.945374	0.92662	0.0733799	1.526309
13266	-1171.068	-1291.253	120.1851	1.272036	0.976304	0.982285	0.0177154	2.007444
13272	-1165.565	-1284.117	118.5514	1.174087	1.582017	0.800714	0.199286	2.78195
13278	-1165.385	-1282.793	117.4072	1.147279	2.572563	0.95269	0.0473104	3.142687
13284	-1167.563	-1285.792	118.2297	1.032306	2.467089	0.848589	0.151411	2.747503
13290	-1164.283	-1282.289	118.0055	1.190203	3.179132	0.8799	0.1201	2.592088
13296	-1164.517	-1283.078	118.5608	1.298878	2.521793	0.900001	0.0999986	2.35895
13302	-1171.663	-1291.464	119.8007	1.55639	2.312601	0.905104	0.0948956	1.40347
13308	-1176.562	-1295.902	119.3402	1.677422	3.620155	0.943994	0.0560058	1.219233
13314	-1173.697	-1292.782	119.0853	1.48453	2.641697	0.921832	0.0781685	1.854928
13320	-1174.812	-1292.781	117.9689	1.345737	2.675137	0.776959	0.223041	2.653785
13326	-1179.792	-1297.95	118.1581	1.270893	2.675137	0.892014	0.107986	2.583116
13332	-1177.523	-1296.535	119.0121	1.421393	1.446828	0.801308	0.198692	2.404307
13338	-1178.582	-1298.55	119.9685	1.500452	1.532655	0.925528	0.0744723	1.673813
13344	-1185.433	-1305.596	120.1637	1.640192	1.155168	0.819387	0.180613	1.650954
13350	-1180.894	-1300.73	119.836	1.315517	1.600808	0.903923	0.0960771	1.861489
13356	-1176.968	-1297.249	120.2813	1.477867	1.003783	0.938477	0.0615231	1.783405
13362	-1172.734	-1292.664	119.9297	1.405361	1.502626	0.948455	0.0515453	1.783405
13368	-1177.564	-1297.612	120.0477	1.649217	1.502626	0.918623	0.0813775	1.523832
13374	-1183.388	-1303.378	119.9895	1.676989	1.866616	0.861332	0.138668	1.359552
13380	-1178.818	-1299.12	120.3022	1.604437	1.716803	0.854776	0.145224	1.242335
13386	-1173.563	-1294.154	120.5907	1.754017	1.146348	0.951761	0.0482386	1.242335
13392	-1176.336	-1296.891	120.5545	1.581346	1.159559	0.958757	0.0412428	1.400836
13398	-1177.732	-1298.114	120.3824	1.769752	1.573054	0.932001	0.0679985	1.114397
13404	-1190.576	-1310.688	120.1124	1.758707	2.215296	0.850834	0.149166	1.005718
13410	-1182.022	-1301.875	119.8522	1.737698	2.550378	0.963176	0.036824	1.109895
13416	-1173.526	-1293.869	120.3431	1.71698	1.968635	0.875965	0.124035	0.955425
13422	-1192.751	-1312.197	119.4457	1.222003	1.654769	0.832668	0.167332	2.158896
13428	-1178.508	-1297.202	118.6941	1.420146	2.762007	0.913204	0.0867957	2.12224
13434	-1181.912	-1300.726	118.8141	1.324877	2.215834	0.882417	0.117583	2.281114
13440	-1184.198	-1302.093	117.8948	1.36911	2.705568	0.786594	0.213406	2.676324
13446	-1183.148	-1301.773	118.625	1.206834	1.538879	0.902631	0.0973692	2.735765
13452	-1185.807	-1303.52	117.7126	1.175981	2.180547	0.858216	0.141784	3.063294
