Iteration	Posterior	Likelihood	Prior	rate_log_sd	rate_loss	root_freqs[1]	root_freqs[2]	tree_length
0	-1180.99	-1300.845	119.8546	1.48157	1.317773	0.927039	0.0729607	1.880606
6	-1166.175	-1285.279	119.104	1.374337	2.867486	0.873995	0.126005	1.847253
12	-1164.247	-1284.053	119.8064	1.545273	1.366964	0.848873	0.151127	1.843105
18	-1161.589	-1280.806	119.2169	1.601046	2.139189	0.847823	0.152177	1.860837
24	-1173.165	-1292.737	119.5724	1.650128	2.139189	0.766439	0.233561	1.575213
30	-1168.938	-1287.951	119.0124	1.316152	2.327186	0.837459	0.162541	2.120175
36	-1169.344	-1288.27	118.926	1.374134	1.721849	0.857247	0.142753	2.366046
42	-1179.152	-1298.985	119.8324	1.281185	1.572593	0.836483	0.163517	1.900836
48	-1169.344	-1288.886	119.5418	1.473822	2.378487	0.817721	0.182279	1.632856
54	-1167.067	-1286.649	119.5824	1.420243	1.421687	0.888838	0.111162	2.049406
60	-1173.088	-1292.721	119.6337	1.673972	1.194861	0.907246	0.0927539	1.969736
66	-1166.26	-1286.471	120.2115	1.515848	1.177743	0.959406	0.0405938	1.691183
72	-1176.621	-1295.537	118.9159	1.197189	1.499498	0.852431	0.147569	2.580194
78	-1179.869	-1298.872	119.0033	1.329408	2.561738	0.817983	0.182017	2.040162
84	-1171.593	-1291.013	119.4205	1.610772	1.47291	0.904412	0.0955883	2.004789
90	-1174.408	-1293.992	119.5838	1.403741	2.249678	0.906411	0.0935886	1.700998
96	-1166.188	-1285.457	119.2682	1.315487	1.822456	0.886061	0.113939	2.142093
102	-1172.248	-1291.923	119.6752	1.423968	1.822456	0.834665	0.165335	1.796286
108	-1170.208	-1289.786	119.5786	1.57649	1.863662	0.786484	0.213516	1.739342
114	-1185.076	-1304.785	119.7096	1.367057	1.991808	0.913755	0.0862446	1.740066
120	-1178.409	-1298.302	119.8931	1.367057	1.483946	0.839525	0.160475	1.844623
126	-1180.945	-1299.924	118.9788	1.258943	3.313556	0.930293	0.069707	1.885031
132	-1180.897	-1299.474	118.5769	1.205128	2.736379	0.84403	0.15597	2.34388
138	-1178.408	-1296.436	118.0288	1.236671	2.762988	0.852165	0.147835	2.659191
144	-1178.054	-1297.33	119.2758	1.603195	1.846369	0.86591	0.13409	1.936441
150	-1175.588	-1295.348	119.7599	1.503069	1.846369	0.915041	0.0849588	1.670632
156	-1170.408	-1290.109	119.7003	1.675209	2.074695	0.830846	0.169154	1.488635
162	-1161.934	-1282.213	120.2784	1.512644	1.024321	0.959526	0.0404739	1.74699
168	-1168.858	-1288.796	119.9379	1.633633	1.473599	0.917454	0.0825461	1.631278
174	-1154.778	-1274.259	119.4817	1.670068	2.147459	0.829492	0.170508	1.623332
180	-1172.078	-1292.53	120.4515	1.679705	1.596558	0.842758	0.157242	1.118328
186	-1173.033	-1292.98	119.9469	1.512947	2.305989	0.870444	0.129556	1.325016
192	-1186.734	-1306.219	119.4852	1.407662	1.553258	0.748764	0.251236	2.057684
198	-1177.699	-1297.115	119.4156	1.361508	1.981446	0.849026	0.150974	1.949836
204	-1182.866	-1302.99	120.1237	1.666325	1.741117	0.915575	0.0844248	1.324784
210	-1178.644	-1298.95	120.3068	1.916542	1.766439	0.830163	0.169837	0.9146497
216	-1178.141	-1298.929	120.7882	1.852874	1.271724	0.866849	0.133151	0.8500768
222	-1187.944	-1308.327	120.3838	1.818124	1.523995	0.950922	0.049078	1.101049
228	-1177.369	-1297.06	119.6906	1.832521	1.348708	0.909884	0.0901156	1.734177
234	-1171.137	-1291.661	120.5235	1.608992	1.412041	0.813463	0.186537	1.234939
240	-1182.198	-1302.755	120.5566	1.649479	1.318813	0.828604	0.171396	1.234939
246	-1178.864	-1298.974	120.1109	1.702622	1.511434	0.82305	0.17695	1.430793
252	-1184.648	-1304.944	120.296	1.641483	1.395422	0.901491	0.0985089	1.402459
258	-1165.52	-1286.208	120.6871	1.660161	1.0758	0.856078	0.143922	1.294007
264	-1169.374	-1289.267	119.8934	1.49178	1.592174	0.869958	0.130042	1.703266
270	-1179.358	-1298.871	119.5139	1.422519	2.506231	0.911773	0.0882267	1.643785
276	-1183.088	-1302.137	119.0486	1.393888	2.354755	0.882951	0.117049	2.035757
282	-1177.344	-1297.786	120.4422	1.445932	1.08193	0.876103	0.123897	1.638811
288	-1182.412	-1302.558	120.146	1.579761	1.317952	0.883244	0.116756	1.607168
294	-1172.036	-1291.985	119.9491	1.566874	1.640083	0.905536	0.0944635	1.58536
300	-1179.194	-1296.754	117.5601	1.452286	3.513678	0.870109	0.129891	2.624954
306	-1177.687	-1296.993	119.3065	1.523453	1.681047	0.949205	0.0507953	2.040761
312	-1173.696	-1293.087	119.3912	1.535171	2.3813	0.858685	0.141315	1.695594
318	-1176.783	-1295.146	118.3635	1.495934	2.3813	0.82495	0.17505	2.403528
324	-1178.942	-1297.611	118.669	1.432533	2.832331	0.872873	0.127127	2.109915
330	-1173.037	-1291.71	118.6724	1.429101	2.832331	0.846162	0.153838	2.109915
336	-1184.657	-1302.748	118.0905	1.464878	3.93931	0.809394	0.190606	2.185973
342	-1174.056	-1292.334	118.2777	1.339142	3.430638	0.833017	0.166983	2.264545
348	-1166.663	-1285.269	118.6067	1.352091	2.466536	0.911643	0.0883572	2.313178
354	-1170.397	-1289.603	119.206	1.289517	2.130095	0.923958	0.0760425	2.080345
360	-1173.295	-1292.577	119.2823	1.366733	1.868696	0.848682	0.151318	2.080345
366	-1170.416	-1289.6	119.1834	1.380915	2.009594	0.881198	0.118802	2.080345
372	-1182.986	-1301.668	118.682	1.299615	2.497508	0.884514	0.115486	2.288863
378	-1196.015	-1314.312	118.2962	1.432838	2.578961	0.946681	0.0533194	2.424048
384	-1175.938	-1295.823	119.8854	1.665125	2.141751	0.924726	0.0752743	1.323378
390	-1177.221	-1297.335	120.1147	1.595387	1.598491	0.96132	0.0386799	1.462319
396	-1182.649	-1302.993	120.3441	1.432018	1.207831	0.972375	0.0276254	1.637517
402	-1191.139	-1311.874	120.7353	1.523221	0.7405295	0.911581	0.0884191	1.637517
408	-1179.412	-1300.66	121.248	1.60914	0.7405295	0.808964	0.191036	1.170207
414	-1171.672	-1292.772	121.0993	1.953624	0.8328143	0.910082	0.0899182	0.8674062
420	-1178.844	-1300.234	121.3898	1.88252	0.6569218	0.899572	0.100428	0.8674062
426	-1171.844	-1292.72	120.8755	1.74405	1.195998	0.94205	0.0579503	0.947255
432	-1177.633	-1298.437	120.804	1.861263	1.199987	0.927074	0.0729264	0.8934193
438	-1174.391	-1294.973	120.5822	1.928753	1.477759	0.934634	0.0653659	0.8100408
444	-1182.456	-1303.14	120.6837	1.808443	1.419396	0.898462	0.101538	0.8865656
450	-1185.77	-1303.915	118.1449	1.203775	1.980301	0.680103	0.319897	2.855035
456	-1176.648	-1294.686	118.0382	1.193082	2.334558	0.795491	0.204509	2.807275
462	-1176.947	-1295.376	118.4289	1.134807	3.03035	0.913915	0.0860846	2.400475
468	-1177.876	-1296.661	118.7847	1.263995	2.534143	0.911124	0.0888763	2.234295
474	-1178.072	-1296.326	118.2539	1.226243	2.190345	0.930786	0.069214	2.702115
480	-1189.19	-1309.811	120.621	2.178893	1.283692	0.928669	0.0713309	0.5193248
486	-1184.444	-1305.055	120.6108	2.226992	1.23854	0.870032	0.129968	0.4821483
492	-1173.271	-1294.078	120.8065	2.095505	1.158069	0.968311	0.0316887	0.5601514
498	-1180.051	-1300.848	120.7972	2.061742	1.151879	0.91463	0.0853699	0.685232
504	-1181.037	-1302.303	121.2657	2.061742	0.7493272	0.827778	0.172222	0.5694122
510	-1176.82	-1297.701	120.8809	2.061473	1.120672	0.722918	0.277082	0.5105979
516	-1183.805	-1303.385	119.5804	2.075105	3.178634	0.830224	0.169776	0.725904
522	-1175.955	-1296.04	120.0849	2.075105	2.259347	0.898847	0.101153	0.5032143
528	-1176.692	-1296.707	120.0141	1.980567	2.558625	0.931554	0.068446	0.5874125
534	-1181.413	-1301.656	120.2439	2.116457	1.892003	0.908361	0.0916386	0.5714651
540	-1183.084	-1303.42	120.3353	2.117977	1.712873	0.84562	0.15438	0.6337507
546	-1187.534	-1307.823	120.2888	2.126257	1.793409	0.874735	0.125265	0.595714
552	-1198.927	-1319.496	120.5684	2.059352	1.439252	0.861872	0.138128	0.6745635
558	-1187.001	-1307.172	120.1709	2.026563	2.100425	0.887264	0.112736	0.6745635
564	-1175.025	-1295.054	120.0288	2.056655	2.394417	0.970073	0.0299266	0.5472268
570	-1189.724	-1310.126	120.4028	2.099504	1.632536	0.893713	0.106287	0.6457068
576	-1183.491	-1303.893	120.4025	1.99805	1.785755	0.968564	0.0314358	0.6457068
582	-1173.884	-1294.473	120.5891	1.927126	1.580983	0.882653	0.117347	0.6894381
588	-1174.334	-1295.162	120.8277	1.964647	1.14634	0.931064	0.0689362	0.7957716
594	-1171.537	-1291.327	119.7898	2.268065	2.452872	0.829173	0.170827	0.4664452
600	-1179.179	-1299.997	120.8179	2.144695	1.082547	0.905146	0.094854	0.592925
606	-1165.482	-1285.676	120.1941	2.144695	1.906611	0.973908	0.026092	0.6121796
612	-1179.691	-1299.553	119.8621	2.404676	1.971364	0.976913	0.0230866	0.3519611
618	-1166.78	-1286.585	119.8043	2.466787	1.851261	0.863573	0.136427	0.2907043
624	-1175.469	-1295.546	120.0769	2.487071	1.517385	0.855116	0.144884	0.3514306
630	-1170.868	-1290.988	120.1205	2.411694	1.615682	0.892208	0.107792	0.4124583
636	-1163.767	-1284.136	120.3695	2.460334	1.190296	0.922749	0.0772506	0.3577041
642	-1170.841	-1291.085	120.2444	2.460949	1.333586	0.87182	0.12818	0.3524814
648	-1178.003	-1298.094	120.0916	2.519001	1.385502	0.880315	0.119685	0.3019999
654	-1171.63	-1291.336	119.706	1.643132	1.9823	0.95753	0.04247	1.548256
660	-1162.737	-1283.009	120.2723	1.601944	1.48697	0.962618	0.037382	1.397716
666	-1167.411	-1287.468	120.0565	1.575279	1.944938	0.951519	0.0484812	1.349278
672	-1177.663	-1297.651	119.9887	1.72943	2.074109	0.933635	0.0663653	1.216569
678	-1185.323	-1305.601	120.2778	1.56009	1.467615	0.964863	0.0351374	1.436892
684	-1171.963	-1292.736	120.7736	1.988825	1.153783	0.903039	0.0969606	0.82607
690	-1174.736	-1295.369	120.6337	1.707883	1.54528	0.898438	0.101562	0.9494709
696	-1171.733	-1292.876	121.1429	1.860954	0.920894	0.89829	0.10171	0.8077119
702	-1166.783	-1287.315	120.5317	1.811881	1.7051	0.857647	0.142353	0.8200503
708	-1168.308	-1289.219	120.9106	1.864796	1.076035	0.850996	0.149004	0.8960657
714	-1172.122	-1291.521	119.3994	1.557205	2.75342	0.934286	0.0657144	1.543958
720	-1175.712	-1296.228	120.5165	1.568568	1.20409	0.852937	0.147063	1.409788
726	-1175.82	-1295.702	119.8822	1.578691	2.106209	0.925335	0.0746647	1.409788
732	-1172.856	-1292.023	119.167	1.37094	2.046678	0.900357	0.0996434	2.08355
738	-1170.329	-1290.536	120.2064	1.735276	1.38944	0.91338	0.0866198	1.402866
744	-1178.301	-1297.745	119.4435	1.459044	2.067941	0.901356	0.098644	1.830343
750	-1176.56	-1296.448	119.8887	1.319831	0.8485401	0.955294	0.0447055	2.259333
756	-1182.828	-1301.897	119.0688	1.357455	1.785035	0.986765	0.0132351	2.259333
762	-1166.634	-1286.301	119.6678	1.530601	1.785035	0.86817	0.13183	1.743743
768	-1165.427	-1285.018	119.5916	1.722973	1.71048	0.947969	0.0520309	1.696143
774	-1168.095	-1286.865	118.7699	1.276392	1.420911	0.952747	0.0472533	2.657894
780	-1185.291	-1303.995	118.7031	1.233566	1.836768	0.890543	0.109457	2.547789
786	-1185.704	-1306.349	120.6444	1.459326	1.117619	0.883317	0.116683	1.454847
792	-1186.064	-1305.463	119.3984	1.631214	2.468296	0.887773	0.112227	1.589875
798	-1181.412	-1301.121	119.709	1.585607	2.45921	0.844854	0.155146	1.393797
804	-1170.401	-1290.471	120.0697	1.572272	1.602566	0.921282	0.0787177	1.511473
810	-1173.261	-1292.433	119.172	1.567557	4.154724	0.873228	0.126772	1.29693
816	-1179.39	-1299.921	120.5313	1.666301	1.545799	0.832371	0.167629	1.090553
822	-1176.61	-1296.412	119.8019	1.496274	2.537988	0.868623	0.131377	1.360646
828	-1195.733	-1314.995	119.2628	1.560609	1.999856	0.807582	0.192418	1.911274
834	-1182.543	-1302.218	119.6746	1.423181	1.544309	0.873143	0.126857	1.925162
840	-1178.196	-1298.111	119.9148	1.550288	1.544309	0.807853	0.192147	1.67057
846	-1179.913	-1299.455	119.5424	1.442729	2.468101	0.796341	0.203659	1.622232
852	-1181.498	-1301.597	120.0988	1.770585	1.728168	0.777726	0.222274	1.267073
858	-1182.371	-1302.476	120.1046	1.767892	2.096006	0.876198	0.123802	1.068089
864	-1188.03	-1307.776	119.7461	1.51154	2.17425	0.806824	0.193176	1.535031
870	-1176.263	-1295.483	119.2203	1.429313	2.909057	0.833582	0.166418	1.715475
876	-1174.852	-1293.23	118.3784	1.469066	2.85646	0.790893	0.209107	2.267609
882	-1177.326	-1296.165	118.8392	1.304171	1.984928	0.897332	0.102668	2.361419
888	-1173.764	-1292.136	118.3723	1.328517	2.41227	0.862693	0.137307	2.493261
894	-1176.733	-1295.329	118.5968	1.399275	3.052198	0.834593	0.165407	2.116827
900	-1196.067	-1314.436	118.3692	1.406113	3.383656	0.828433	0.171567	2.173881
906	-1190.944	-1309.493	118.5492	1.353181	1.699431	0.875161	0.124839	2.624102
912	-1196.659	-1315.152	118.4923	1.416912	2.543325	0.691852	0.308148	2.320806
918	-1178.595	-1296.697	118.1019	1.267779	2.246472	0.889575	0.110425	2.751193
924	-1178.668	-1297.774	119.1059	1.36389	2.291392	0.881678	0.118322	2.039547
930	-1180.348	-1300.686	120.3376	1.417972	1.43319	0.942552	0.0574477	1.518774
936	-1180.508	-1300.068	119.5601	1.627419	2.487054	0.885556	0.114444	1.465575
942	-1188.598	-1308.138	119.5403	1.761078	3.433261	0.775536	0.224464	1.025889
948	-1187.014	-1306.745	119.7307	1.746452	3.158846	0.855673	0.144327	0.95758
954	-1186.627	-1306.464	119.8369	1.746452	1.992244	0.749938	0.250062	1.365358
960	-1186.942	-1306.701	119.759	1.608756	2.625778	0.915018	0.0849824	1.270543
966	-1188.468	-1308.541	120.0736	1.570972	1.283747	0.848596	0.151404	1.685603
972	-1182.483	-1300.81	118.3263	1.260297	2.96324	0.955642	0.0443578	2.404036
978	-1172.403	-1292.64	120.2365	1.459087	1.508732	0.824836	0.175164	1.521493
984	-1168.523	-1288.466	119.9426	1.748907	1.804213	0.906401	0.0935986	1.370685
990	-1173.434	-1293.85	120.4163	1.748907	1.344492	0.769285	0.230715	1.251854
996	-1173.13	-1294.249	121.1193	1.723799	0.8516596	0.875846	0.124154	1.063607
1002	-1167.037	-1287.209	120.1714	1.83456	1.727671	0.828173	0.171827	1.150775
1008	-1160.95	-1281.444	120.4937	1.842533	1.60213	0.888911	0.111089	0.9117799
1014	-1167.902	-1288.572	120.6695	1.812283	1.218221	0.873295	0.126705	1.065142
1020	-1171.995	-1292.123	120.1282	1.673828	1.361187	0.791408	0.208592	1.525716
1026	-1177.262	-1296.877	119.6149	1.638674	2.835597	0.84964	0.15036	1.285328
1032	-1171.186	-1291.096	119.9104	1.674628	2.164301	0.904094	0.0959063	1.285328
1038	-1166.031	-1285.702	119.6712	1.674628	2.371949	0.847785	0.152215	1.388269
1044	-1175.284	-1294.866	119.5821	1.603079	2.107872	0.771684	0.228316	1.615154
1050	-1177.206	-1297.053	119.8469	1.754967	2.66466	0.895196	0.104804	1.048165
1056	-1183.967	-1303.597	119.6297	1.463203	2.635342	0.864923	0.135077	1.483054
1062	-1175.24	-1293.652	118.4114	1.53087	2.477142	0.875284	0.124716	2.320401
1068	-1169.633	-1289.318	119.685	1.424898	2.477142	0.876432	0.123568	1.527524
1074	-1172.705	-1292.032	119.3266	1.469878	3.558111	0.790676	0.209324	1.415987
1080	-1177.268	-1296.225	118.9579	1.577512	3.542334	0.899684	0.100316	1.615346
1086	-1174.702	-1293.772	119.0701	1.667542	2.931579	0.778511	0.221489	1.645879
1092	-1167.621	-1286.408	118.7867	1.298449	2.464746	0.825289	0.174711	2.23278
1098	-1167.096	-1285.699	118.6036	1.36027	2.718368	0.876086	0.123914	2.23278
1104	-1168.417	-1287.49	119.0734	1.468421	3.526647	0.890638	0.109362	1.614923
1110	-1169.511	-1289.019	119.5078	1.38168	2.422869	0.847525	0.152475	1.706766
1116	-1176.904	-1295.914	119.01	1.436558	2.442568	0.873327	0.126673	2.003403
1122	-1184.279	-1303.774	119.4953	1.39608	2.571664	0.829418	0.170582	1.653321
1128	-1176.735	-1296.117	119.3812	1.380434	1.859753	0.820725	0.179275	2.009451
1134	-1173.755	-1293.412	119.6568	1.353214	1.31944	0.905944	0.0940565	2.097646
1140	-1181.13	-1301.333	120.2026	1.275578	0.979415	0.732222	0.267778	1.991335
1146	-1176.203	-1295.099	118.8964	1.341624	1.75853	0.893641	0.106359	2.390155
1152	-1174.086	-1294.375	120.2893	1.684025	1.445338	0.938672	0.0613282	1.344199
1158	-1172.252	-1292.507	120.2554	1.416108	1.418912	0.84248	0.15752	1.588757
1164	-1176.089	-1296.155	120.0655	1.449466	1.642362	0.87463	0.12537	1.584993
1170	-1166.256	-1285.737	119.4804	1.375383	2.477054	0.881797	0.118203	1.711468
1176	-1172.173	-1291.241	119.0674	1.424549	1.884787	0.872423	0.127577	2.17652
1182	-1168.467	-1287.602	119.135	1.290205	1.458216	0.916813	0.0831874	2.404109
1188	-1168.39	-1288.703	120.3127	1.644058	1.513446	0.919543	0.0804574	1.317024
1194	-1166.974	-1287.564	120.5901	1.772346	1.513446	0.961423	0.0385766	0.9517916
1200	-1177.94	-1296.819	118.8798	1.358452	2.820956	0.889363	0.110637	2.023073
1206	-1181.219	-1299.936	118.7163	1.312557	2.463847	0.773091	0.226909	2.269236
1212	-1186.147	-1304.464	118.3168	1.542496	4.350735	0.808755	0.191245	1.895407
1218	-1182.57	-1301.983	119.4125	1.478299	2.611683	0.869338	0.130662	1.63998
1224	-1179.279	-1298.951	119.6724	2.08583	2.936785	0.879269	0.120731	0.7235442
1230	-1171.983	-1292.046	120.063	2.107208	1.796031	0.903247	0.0967528	0.9513913
1236	-1166.703	-1287.04	120.3373	1.745385	1.41626	0.926885	0.0731146	1.273693
1242	-1167.827	-1288.72	120.8928	1.673295	0.9297806	0.836419	0.163581	1.233647
1248	-1171.807	-1292.471	120.6634	1.87069	1.213643	0.817861	0.182139	1.018651
1254	-1184.437	-1305.018	120.5804	1.824126	1.370976	0.884302	0.115698	1.018651
1260	-1172.35	-1292.311	119.9607	1.880931	2.405103	0.935107	0.064893	0.933471
1266	-1167.04	-1287.671	120.6311	1.614146	1.427522	0.91833	0.0816702	1.126864
1272	-1172.94	-1293.003	120.0636	1.801489	2.258074	0.822947	0.177053	0.9886649
1278	-1175.044	-1295.148	120.1045	1.819199	2.150253	0.783459	0.216541	0.9886649
1284	-1188.765	-1309.122	120.3577	1.843258	1.80785	0.974186	0.0258142	0.9099801
1290	-1178.093	-1297.442	119.3485	1.658706	2.925102	0.943407	0.0565929	1.448724
1296	-1183.238	-1302.773	119.535	1.291074	1.522536	0.826256	0.173744	2.11618
1302	-1192.982	-1311.942	118.96	1.508709	2.71516	0.938963	0.0610367	1.900569
1308	-1189.56	-1308.43	118.8705	1.477187	2.716781	0.918436	0.081564	1.981592
1314	-1183.762	-1302.784	119.0221	1.388825	2.025662	0.870361	0.129639	2.174498
1320	-1171.746	-1291.283	119.5373	1.436036	1.521724	0.856789	0.143211	2.019419
1326	-1181.675	-1301.201	119.5259	1.526046	1.357709	0.884898	0.115102	2.049763
1332	-1182.78	-1301.966	119.1863	1.339835	1.746126	0.819919	0.180081	2.211189
1338	-1184.896	-1304.043	119.1467	1.594157	1.440341	0.936346	0.0636539	2.211189
1344	-1173.624	-1293.575	119.9504	1.472113	1.723252	0.861581	0.138419	1.612724
1350	-1185.823	-1305.682	119.8584	1.270225	0.7529729	0.861581	0.138419	2.382128
1356	-1175.429	-1294.738	119.3092	1.187666	1.506173	0.915658	0.0843416	2.336207
1362	-1177.337	-1295.934	118.5975	1.229598	2.036114	0.851883	0.148117	2.541284
1368	-1175.042	-1294.574	119.5327	1.233759	1.586781	0.888993	0.111007	2.125123
1374	-1195.64	-1315.276	119.6359	1.202036	1.487641	0.707631	0.292369	2.125123
1380	-1180.848	-1299.8	118.9514	1.317471	2.217279	0.85591	0.14409	2.196949
1386	-1177.194	-1297.199	120.0051	1.47195	1.881457	0.782822	0.217178	1.498305
1392	-1180.073	-1299.563	119.4894	1.403576	1.978283	0.854803	0.145197	1.872587
1398	-1182.971	-1301.893	118.922	1.431555	3.16422	0.768603	0.231397	1.846662
1404	-1178.014	-1297.483	119.4689	1.454975	3.16422	0.835018	0.164982	1.435628
1410	-1177.791	-1297.683	119.8919	1.587258	2.254583	0.831585	0.168415	1.331389
1416	-1172.968	-1293.083	120.1152	1.740248	1.790057	0.846171	0.153829	1.245311
1422	-1175.605	-1296.183	120.5782	1.829606	1.181297	0.89237	0.10763	1.161622
1428	-1171.546	-1291.691	120.1448	1.729351	2.102141	0.86462	0.13538	1.063233
1434	-1178.125	-1298.763	120.6383	1.989093	1.433223	0.927837	0.0721634	0.6839395
1440	-1185.896	-1306.235	120.3388	1.977081	1.785603	0.921171	0.0788291	0.7870822
1446	-1180.061	-1300.422	120.3617	2.119176	1.669607	0.919762	0.0802376	0.6369407
1452	-1195.569	-1315.937	120.3675	1.815497	1.948242	0.933723	0.0662774	0.8292913
1458	-1179.308	-1300.205	120.8964	1.890258	1.025473	0.951248	0.0487517	0.9373727
1464	-1174.815	-1295.341	120.5262	1.600896	1.787139	0.963388	0.0366124	1.001382
1470	-1178.841	-1299.295	120.4537	1.891342	1.562255	0.894678	0.105322	0.932876
1476	-1172.621	-1293.173	120.5522	1.892127	1.562255	0.916012	0.083988	0.8167585
1482	-1173.644	-1293.791	120.1471	1.892127	2.330338	0.927997	0.0720028	0.7328844
1488	-1175.605	-1296.005	120.3997	1.829213	1.903863	0.940784	0.059216	0.8046899
1494	-1181.445	-1301.37	119.9244	1.723876	2.464118	0.912732	0.0872682	1.095193
1500	-1184.514	-1304.641	120.1273	1.785844	1.665326	0.849233	0.150767	1.265528
1506	-1179.442	-1298.23	118.7883	1.378939	2.505708	0.765747	0.234253	2.166567
1512	-1181.408	-1300.06	118.6517	1.47621	2.366935	0.913363	0.086637	2.237058
1518	-1186.467	-1305.276	118.8095	1.244698	2.663702	0.890587	0.109413	2.19083
1524	-1180.602	-1300.941	120.339	1.601654	1.389692	0.910648	0.0893521	1.403446
1530	-1178.029	-1298.427	120.3976	1.541569	1.503232	0.887192	0.112808	1.33713
1536	-1180.526	-1301.438	120.9115	1.470574	0.9855595	0.782785	0.217215	1.33713
1542	-1172.805	-1292.66	119.855	1.546779	1.646401	0.940594	0.0594063	1.664731
1548	-1190.673	-1310.441	119.7676	1.539011	1.665601	0.880992	0.119008	1.723019
1554	-1199.12	-1319.138	120.0172	1.689477	1.601222	0.870155	0.129845	1.463494
1560	-1181.885	-1301.963	120.078	1.588743	1.442267	0.902652	0.0973478	1.579273
1566	-1180.784	-1300.367	119.5826	1.271152	1.704596	0.856404	0.143596	2.014482
1572	-1170.931	-1290.437	119.506	1.376544	1.397053	0.946502	0.0534982	2.140787
1578	-1181.424	-1301.058	119.634	1.248496	1.397053	0.897438	0.102562	2.140787
1584	-1173.205	-1292.423	119.2184	1.417388	1.952359	0.922495	0.0775051	2.055524
1590	-1172.181	-1291.741	119.56	1.3073	1.37419	0.922746	0.0772541	2.162321
1596	-1182.341	-1301.545	119.2035	1.182102	1.362785	0.840358	0.159642	2.47523
1602	-1191.206	-1310.896	119.69	1.478649	1.686674	0.954693	0.0453068	1.809296
1608	-1176.788	-1295.851	119.0632	1.495849	1.691703	0.832344	0.167656	2.213181
1614	-1177.345	-1297.232	119.8864	1.366887	1.628969	0.812508	0.187492	1.77783
1620	-1177.081	-1297.422	120.3404	1.920965	1.691703	0.878908	0.121092	0.9268191
1626	-1166.816	-1286.745	119.9289	1.768432	2.508163	0.898488	0.101512	1.028305
1632	-1178.673	-1299.073	120.3999	1.809335	1.581091	0.783081	0.216919	1.056135
1638	-1175.5	-1295.547	120.0475	1.665741	2.417918	0.865746	0.134254	1.056135
1644	-1172.13	-1291.943	119.813	1.775865	2.282886	0.799066	0.200934	1.229013
1650	-1183.549	-1303.505	119.9555	1.707087	2.768898	0.866484	0.133516	0.9385967
1656	-1171.367	-1291.124	119.7574	1.656954	2.645651	0.850576	0.149424	1.22385
1662	-1165.241	-1285.295	120.0535	1.554346	1.746951	0.882582	0.117418	1.463851
1668	-1167.809	-1287.417	119.6088	1.539566	1.746951	0.91652	0.0834795	1.795781
1674	-1170.83	-1290.902	120.0727	1.495614	1.977382	0.875907	0.124093	1.384066
1680	-1176.237	-1296.065	119.8283	1.555912	1.468157	0.920638	0.0793621	1.766901
1686	-1178.832	-1297.956	119.1243	1.546455	2.698696	0.951711	0.048289	1.766901
1692	-1188.005	-1307.838	119.8338	1.546455	2.138601	0.849631	0.150369	1.457801
1698	-1178.485	-1298.245	119.7605	1.480429	1.716581	0.843155	0.156845	1.745212
1704	-1183.204	-1302.976	119.7723	1.525673	2.190185	0.843813	0.156187	1.498472
1710	-1186.627	-1306.537	119.9096	1.833719	1.898369	0.826823	0.173177	1.282023
1716	-1188.462	-1306.907	118.4448	1.356325	4.003866	0.83551	0.16449	2.010326
1722	-1181.084	-1299.547	118.4635	1.20517	1.906485	0.818164	0.181836	2.686799
1728	-1171.749	-1289.379	117.63	1.289965	3.916923	0.922708	0.0772917	2.59288
1734	-1170.715	-1289.916	119.2005	1.338284	2.640656	0.879032	0.120968	1.876469
1740	-1178.607	-1298.562	119.9553	1.68435	2.381503	0.779181	0.220819	1.140703
1746	-1167.416	-1287.038	119.6218	1.620245	2.152283	0.879784	0.120216	1.555544
1752	-1168.368	-1288.069	119.7002	1.465559	1.907809	0.8514	0.1486	1.712752
1758	-1180.05	-1300.133	120.0836	1.586705	1.874307	0.899383	0.100617	1.352743
1764	-1174.378	-1293.616	119.2372	1.669097	2.359363	0.896739	0.103261	1.717738
1770	-1174.144	-1293.718	119.5738	1.724031	1.797756	0.95115	0.0488503	1.667689
1776	-1178.917	-1299.193	120.2762	1.726473	2.267909	0.906323	0.0936769	0.8295137
1782	-1179.486	-1299.627	120.1414	1.726473	1.906249	0.971142	0.0288579	1.172811
1788	-1182.961	-1303.177	120.2159	1.789654	1.906249	0.811742	0.188258	1.047458
1794	-1169.148	-1289.507	120.3592	1.682552	1.906249	0.929738	0.070262	1.012289
1800	-1170.447	-1290.864	120.4176	1.589688	1.994903	0.931542	0.0684582	0.9937303
1806	-1169.611	-1289.429	119.8182	1.925044	2.820355	0.899432	0.100568	0.8178443
1812	-1172.439	-1292.494	120.0549	1.828991	2.446334	0.890299	0.109701	0.8623406
1818	-1171.067	-1291.417	120.35	1.615968	1.750835	0.847812	0.152188	1.172586
1824	-1178.136	-1298.209	120.0732	1.629351	2.499301	0.898725	0.101275	1.027416
1830	-1181.065	-1301.835	120.7696	1.468797	1.203543	0.803214	0.196786	1.288352
1836	-1187.527	-1307.229	119.7017	1.664258	2.344256	0.899965	0.100035	1.383644
1842	-1178.367	-1296.448	118.0806	1.300893	2.684755	0.892981	0.107019	2.609789
1848	-1178.52	-1296.985	118.4655	1.186328	2.513495	0.88509	0.11491	2.492397
1854	-1178.516	-1298.343	119.827	1.604249	1.882085	0.892851	0.107149	1.532156
1860	-1178.48	-1298.492	120.0117	1.604802	1.616379	0.842579	0.157421	1.52332
1866	-1176.848	-1296.864	120.0158	1.624148	1.616379	0.862021	0.137979	1.505827
1872	-1170.354	-1289.834	119.48	1.46021	2.047674	0.878741	0.121259	1.812389
1878	-1164.246	-1284.683	120.4372	1.579033	1.340469	0.851405	0.148595	1.374757
1884	-1173.93	-1294.024	120.0947	1.616976	0.9127003	0.912006	0.0879938	1.880821
1890	-1177.505	-1295.513	118.0083	1.475379	1.869413	0.949664	0.0503359	2.813794
1896	-1178.525	-1297.718	119.193	1.499865	1.712162	0.921701	0.0782987	2.11734
1902	-1175.336	-1294.166	118.8296	1.450592	3.264738	0.838042	0.161958	1.86918
1908	-1170.872	-1290.498	119.6259	1.472012	1.667685	0.77907	0.22093	1.866665
1914	-1173.714	-1293.389	119.6751	1.393817	1.961845	0.911883	0.0881168	1.757929
1920	-1164.012	-1282.94	118.9288	1.441773	2.138085	0.98314	0.0168605	2.159183
1926	-1175.238	-1294.409	119.1714	1.387346	1.713096	0.876277	0.123723	2.204176
1932	-1178.743	-1298.767	120.0242	1.392951	1.626057	0.808258	0.191742	1.663757
1938	-1181.145	-1299.944	118.7997	1.303984	1.505961	0.928835	0.0711652	2.583114
1944	-1167.6	-1286.558	118.9579	1.401271	2.049896	0.887386	0.112614	2.198932
1950	-1177.889	-1297.715	119.8262	1.40954	1.091944	0.917774	0.0822265	2.079327
1956	-1170.099	-1289.868	119.7693	1.624337	1.938123	0.872709	0.127291	1.534799
1962	-1179.878	-1298.149	118.2708	1.475019	2.814787	0.813607	0.186393	2.344332
1968	-1175.048	-1293.362	118.314	1.449554	2.386914	0.914204	0.0857965	2.462076
1974	-1169.225	-1288.935	119.7105	1.60821	1.543191	0.956344	0.0436558	1.774296
1980	-1173.092	-1292.953	119.8613	1.659975	2.210938	0.916443	0.0835566	1.316372
1986	-1175.258	-1294.51	119.2521	1.443417	2.834933	0.91723	0.0827702	1.706098
1992	-1183.793	-1302.875	119.0826	1.422641	2.883753	0.885708	0.114292	1.823832
1998	-1184.185	-1303.759	119.574	1.465098	2.603216	0.945153	0.0548465	1.534622
2004	-1195.91	-1316.031	120.1216	1.47127	1.986279	0.782439	0.217561	1.360628
2010	-1181.408	-1300.516	119.1081	1.362595	2.364507	0.834089	0.165911	2.013704
2016	-1179.686	-1298.897	119.2109	1.254766	2.393325	0.861994	0.138006	2.007229
2022	-1172.066	-1290.303	118.2369	1.457162	2.393325	0.887768	0.112232	2.503539
2028	-1174.35	-1292.104	117.7541	1.065817	3.234723	0.907377	0.0926226	2.808989
2034	-1176.363	-1295.18	118.8171	1.184572	1.976398	0.854385	0.145615	2.45404
2040	-1177.832	-1297.346	119.5145	1.502784	2.165256	0.889967	0.110033	1.712332
2046	-1186.927	-1306.279	119.3528	1.502784	3.103539	0.892163	0.107837	1.506168
2052	-1176.388	-1296.869	120.4809	1.703109	1.380181	0.876222	0.123778	1.212253
2058	-1182.625	-1302.537	119.912	1.427637	1.500991	0.819486	0.180514	1.781061
2064	-1188.436	-1308.118	119.6826	1.318945	2.019828	0.914702	0.0852981	1.781061
2070	-1186.401	-1305.308	118.907	1.230886	1.886351	0.961305	0.038695	2.402465
2076	-1177.177	-1296.481	119.3046	1.155987	1.734572	0.967145	0.032855	2.258331
2082	-1179.334	-1297.622	118.2881	1.274744	1.549083	0.862321	0.137679	2.894892
2088	-1178.525	-1298.715	120.1891	1.207837	0.9919472	0.940486	0.0595143	2.036927
2094	-1178.998	-1297.671	118.6733	1.299088	3.460052	0.889422	0.110578	2.025405
2100	-1184.897	-1304.399	119.5016	1.107979	1.339224	0.905707	0.0942927	2.345781
2106	-1182.488	-1300.901	118.4123	1.38609	2.694209	0.955382	0.0446182	2.345781
2112	-1180.652	-1299.53	118.8782	1.280172	2.63296	0.921361	0.0786391	2.132447
2118	-1178.455	-1297.215	118.7592	1.421985	1.94518	0.901923	0.0980768	2.352447
2124	-1182.95	-1302.597	119.6472	1.554711	1.892233	0.923568	0.0764317	1.693927
2130	-1172.753	-1292.312	119.5598	1.397339	2.108902	0.895209	0.104791	1.776487
2136	-1173.567	-1293.445	119.8777	1.544743	2.144592	0.847953	0.152047	1.422893
2142	-1172.348	-1292.246	119.8986	1.596793	2.144592	0.941685	0.0583145	1.366058
2148	-1182.796	-1302.744	119.9482	1.482311	1.166043	0.858554	0.141446	1.904116
2154	-1171.553	-1290.724	119.171	1.260427	2.065551	0.879279	0.120721	2.146204
2160	-1177.035	-1297.32	120.2851	1.409532	1.75121	0.825258	0.174742	1.394996
2166	-1179.299	-1299.448	120.1493	1.466272	1.75121	0.839708	0.160292	1.45585
2172	-1183.099	-1302.391	119.2916	1.300929	2.529654	0.699339	0.300661	1.876065
2178	-1190.654	-1310.359	119.7045	1.381947	2.632597	0.832887	0.167113	1.488874
2184	-1180.18	-1300.25	120.0705	1.854215	2.080058	0.870547	0.129453	1.026792
2190	-1178.564	-1299.091	120.5261	1.771492	1.489553	0.856743	0.143257	1.03473
2196	-1176.363	-1296.104	119.7414	1.634281	2.17457	0.954029	0.0459713	1.446085
2202	-1182.31	-1302.466	120.1553	1.791602	1.772158	0.731155	0.268845	1.177153
2208	-1166.583	-1286.972	120.3887	1.791602	1.960245	0.86801	0.13199	0.8236579
2214	-1176.887	-1296.735	119.8481	1.817401	2.465857	0.891443	0.108557	1.078458
2220	-1170.632	-1290.842	120.21	1.50437	1.899477	0.724379	0.275621	1.305079
2226	-1169.811	-1288.76	118.9495	1.384263	3.009518	0.860857	0.139143	1.903958
2232	-1176.719	-1296.556	119.8372	1.511765	2.272904	0.85728	0.14272	1.425864
2238	-1175.191	-1294.556	119.365	1.593755	2.151407	0.833207	0.166793	1.758867
2244	-1177.314	-1297.329	120.0153	1.591277	2.503321	0.894675	0.105325	1.115598
2250	-1175.067	-1295.413	120.3463	1.677684	1.362151	0.969566	0.0304342	1.35506
2256	-1171.667	-1291.985	120.3177	1.6472	1.473683	0.911285	0.0887145	1.333989
2262	-1168.47	-1288.832	120.3613	1.659473	1.54946	0.881961	0.118039	1.243097
2268	-1180.54	-1300.271	119.7308	1.63855	2.318283	0.931369	0.068631	1.391567
2274	-1186.644	-1306.41	119.7665	1.610067	1.875155	0.847274	0.152726	1.575637
2280	-1176.284	-1296	119.7164	1.360626	1.702865	0.937494	0.0625061	1.86484
2286	-1173.288	-1292.944	119.6558	1.47388	1.625095	0.882934	0.117066	1.86484
2292	-1167.843	-1287.631	119.7878	1.580992	2.012842	0.879947	0.120053	1.520313
2298	-1177	-1296.699	119.6992	1.486765	2.183493	0.821266	0.178734	1.584101
2304	-1168.318	-1288.618	120.2997	1.684091	1.725043	0.884809	0.115191	1.171829
2310	-1162.583	-1281.637	119.0539	1.478442	1.734111	0.965214	0.0347859	2.212259
2316	-1163.709	-1283.891	120.1815	1.50991	1.734111	0.874181	0.125819	1.406177
2322	-1168.459	-1288.631	120.1718	1.658472	1.611301	0.898833	0.101167	1.362333
2328	-1182.394	-1302.034	119.6401	1.514336	1.805146	0.887887	0.112113	1.765502
2334	-1172.068	-1291.641	119.5728	1.536046	2.173931	0.837159	0.162841	1.643752
2340	-1179.689	-1298.079	118.3896	1.46142	2.938582	0.858974	0.141026	2.242279
2346	-1173.945	-1293.472	119.5268	1.499713	2.015208	0.900829	0.0991708	1.76556
2352	-1181.355	-1300.328	118.9722	1.493874	2.273887	0.826988	0.173012	2.048111
2358	-1175.513	-1294.613	119.1	1.536577	2.273887	0.850635	0.149365	1.934308
2364	-1171.8	-1288.291	116.4904	1.190394	2.273887	0.80404	0.19596	3.742161
2370	-1173	-1291.23	118.2302	1.375477	3.413218	0.940904	0.059096	2.275969
2376	-1178.615	-1297.301	118.6862	1.377394	2.123597	0.799274	0.200726	2.361496
2382	-1164.432	-1283.978	119.5461	1.691345	2.776897	0.87994	0.12006	1.319807
2388	-1163.318	-1283.562	120.2443	1.745412	1.61164	0.799864	0.200136	1.232359
2394	-1167.984	-1287.731	119.7472	1.742212	2.469374	0.884238	0.115762	1.232359
2400	-1167.965	-1287.602	119.6373	1.738479	2.55375	0.884666	0.115334	1.292216
2406	-1167.522	-1287.66	120.1378	1.696836	1.681993	0.87878	0.12122	1.32043
2412	-1168.282	-1288.762	120.4795	1.945498	1.767471	0.894049	0.105951	0.6149951
2418	-1172.358	-1292.84	120.4822	2.233533	1.383178	0.734132	0.265868	0.5508923
2424	-1169.395	-1290.229	120.834	2.194817	1.016949	0.776747	0.223253	0.5831413
2430	-1166.196	-1286.501	120.3053	2.106467	1.753114	0.844359	0.155641	0.6664393
2436	-1165.878	-1286.007	120.129	1.666659	1.946572	0.77993	0.22007	1.213976
2442	-1165.422	-1285.233	119.8105	1.939367	2.512463	0.897833	0.102167	0.9736445
2448	-1161.078	-1281.317	120.2394	1.955904	1.72432	0.855099	0.144901	0.9736445
2454	-1170.961	-1290.891	119.9301	1.87355	2.337988	0.759257	0.240743	1.00812
2460	-1173.328	-1292.938	119.6101	1.702154	1.755861	0.879254	0.120746	1.676591
2466	-1179.884	-1299.832	119.9477	1.540394	2.353943	0.826441	0.173559	1.281881
2472	-1176.012	-1294.451	118.4381	1.45387	2.819815	0.921286	0.078714	2.249507
2478	-1172.328	-1291.016	118.6879	1.307332	2.525273	0.889271	0.110729	2.271433
2484	-1166.714	-1286.404	119.6901	1.462241	1.352208	0.863068	0.136932	1.985919
2490	-1175.934	-1295.507	119.5737	1.236275	1.295773	0.919636	0.0803635	2.240205
2496	-1184.456	-1303.457	119.0007	1.594205	2.541729	0.774921	0.225079	1.870461
2502	-1179.188	-1298.526	119.3382	1.382631	2.93837	0.914442	0.0855582	1.655851
2508	-1178.904	-1298.492	119.5873	1.560114	2.93837	0.923892	0.0761084	1.334746
2514	-1182.938	-1302.308	119.3698	1.369246	1.882957	0.868575	0.131425	2.014976
2520	-1182.987	-1303.087	120.0993	1.825532	2.230446	0.816562	0.183438	0.9420019
2526	-1179.658	-1300.18	120.5225	1.593762	1.647027	0.793102	0.206898	1.100182
2532	-1170.335	-1290.233	119.8977	1.498969	1.505501	0.852903	0.147097	1.738897
2538	-1176.591	-1297.252	120.6604	1.555698	1.191775	0.904851	0.0951486	1.314778
2544	-1177.781	-1298.362	120.5806	2.073562	1.422764	0.954455	0.0455452	0.6461217
2550	-1181.125	-1298.844	117.7187	1.165026	2.460378	0.77822	0.22178	2.978666
2556	-1178.789	-1297.99	119.2007	1.194344	1.294838	0.866804	0.133196	2.503629
2562	-1169.098	-1288.793	119.6949	1.555315	1.603208	0.917423	0.0825767	1.792396
2568	-1167.516	-1286.759	119.243	1.234047	1.778801	0.880113	0.119887	2.22925
2574	-1170.606	-1290.673	120.0677	1.522928	1.43223	0.877365	0.122635	1.639949
2580	-1174.644	-1293.22	118.576	1.411103	2.943347	0.826062	0.173938	2.15289
2586	-1174.825	-1293.313	118.4874	1.42819	2.498805	0.867934	0.132066	2.330546
2592	-1172.839	-1291.81	118.9705	1.354125	2.836128	0.916605	0.083395	1.960853
2598	-1169.517	-1289.011	119.4942	1.389622	2.120257	0.925234	0.0747658	1.822838
2604	-1170.08	-1289.942	119.862	1.403894	1.643246	0.854522	0.145478	1.762195
2610	-1182.483	-1302	119.5168	1.361263	1.995789	0.877382	0.122618	1.875713
2616	-1190.573	-1310.427	119.8544	1.471604	1.372957	0.896862	0.103138	1.857478
2622	-1176.51	-1295.756	119.2464	1.340502	2.610509	0.905051	0.094949	1.853363
2628	-1166.186	-1285.66	119.4741	1.354536	2.139497	0.879418	0.120582	1.853363
2634	-1163.967	-1283.247	119.2804	1.38392	1.593611	0.840352	0.159648	2.188538
2640	-1163.052	-1281.88	118.8286	1.210971	1.868755	0.886663	0.113337	2.471135
2646	-1168.485	-1287.408	118.923	1.484269	2.589698	0.896269	0.103731	1.981598
2652	-1176.116	-1295.973	119.8572	1.663779	1.490515	0.83936	0.16064	1.658587
2658	-1183.168	-1302.943	119.775	1.543456	1.85757	0.906704	0.093296	1.625832
2664	-1172.056	-1291.763	119.7062	1.562901	1.549289	0.874071	0.125929	1.805687
2670	-1171.644	-1291.061	119.4173	1.56381	2.821481	0.876795	0.123205	1.502924
2676	-1166.41	-1286.589	120.1787	1.641209	1.701774	0.904374	0.0956264	1.321596
2682	-1167.134	-1287.871	120.7368	1.736865	1.308213	0.931608	0.068392	0.9999642
2688	-1174.028	-1293.956	119.9279	1.667379	1.943978	0.812379	0.187621	1.378543
2694	-1169.706	-1290.072	120.3658	1.646301	1.602435	0.909699	0.0903012	1.218935
2700	-1163.048	-1283.221	120.1731	1.670154	1.878445	0.903996	0.0960041	1.208707
2706	-1173.083	-1293.168	120.0847	1.670154	1.617146	0.833285	0.166715	1.418101
2712	-1179.072	-1300.29	121.2183	1.598996	0.9022984	0.907864	0.0921355	1.034849
2718	-1185.219	-1305.488	120.2691	1.808495	1.352195	0.945631	0.054369	1.318542
2724	-1168.18	-1288.13	119.9498	1.700307	2.578822	0.829115	0.170885	1.04086
2730	-1174.975	-1295.371	120.3961	1.85059	1.842204	0.797579	0.202421	0.8308341
2736	-1178.343	-1298.047	119.7048	2.007782	3.042151	0.893751	0.106249	0.7247136
2742	-1185.631	-1305.933	120.3018	1.852807	2.068095	0.815092	0.184908	0.7737469
2748	-1181.036	-1301.487	120.4508	1.98943	1.75259	0.9582	0.0417999	0.5993442
2754	-1185.618	-1306.071	120.4528	1.819824	1.54333	0.85221	0.14779	1.020981
2760	-1180.573	-1300.931	120.3577	1.764246	1.843445	0.958777	0.0412229	0.9705204
2766	-1182.174	-1302.249	120.0751	1.764246	2.291367	0.745896	0.254104	0.9967819
2772	-1168.721	-1289.431	120.7106	2.047842	1.304306	0.859509	0.140491	0.6207833
2778	-1174.436	-1295.02	120.5834	1.988708	1.516347	0.924508	0.0754921	0.6713934
2784	-1174.724	-1295.055	120.3303	1.88003	1.872511	0.915099	0.0849006	0.8524039
2790	-1171.683	-1292.33	120.6469	1.843162	1.460426	0.840381	0.159619	0.8524039
2796	-1178.399	-1299.321	120.9221	1.964786	0.9969045	0.889799	0.110201	0.855947
2802	-1181.525	-1302.176	120.6504	1.688086	0.8249403	0.911843	0.0881566	1.504521
2808	-1167.273	-1286.665	119.3916	1.267912	1.550225	0.90881	0.0911902	2.211489
2814	-1177.78	-1297.513	119.7323	1.427937	2.019099	0.897595	0.102405	1.6696
2820	-1183.698	-1302.456	118.7575	1.11035	1.694464	0.911449	0.0885514	2.647413
2826	-1181.103	-1300.469	119.3662	1.20185	1.342695	0.883956	0.116044	2.370334
2832	-1170.688	-1290.754	120.0657	1.533074	1.59476	0.849976	0.150024	1.547611
2838	-1176.263	-1296.132	119.8697	1.41016	2.148354	0.845473	0.154527	1.529144
2844	-1179.026	-1299.015	119.9893	1.507038	1.486227	0.914851	0.0851488	1.678455
2850	-1171.395	-1291.34	119.9442	1.627539	1.773581	0.838549	0.161451	1.478099
2856	-1172.071	-1292.082	120.011	1.509453	1.773581	0.766986	0.233014	1.51666
2862	-1176.526	-1296.775	120.2483	2.026108	1.921432	0.87475	0.12525	0.7231778
2868	-1189.474	-1309.577	120.103	1.985262	2.052567	0.91727	0.0827296	0.8699926
2874	-1184.357	-1304.549	120.1922	1.672334	1.877714	0.899281	0.100719	1.190864
2880	-1179.544	-1300.084	120.5399	1.653915	1.347357	0.871926	0.128074	1.225945
2886	-1185.27	-1305.259	119.9882	1.77471	2.056834	0.869372	0.130628	1.186651
2892	-1180.578	-1299.873	119.2947	1.47261	2.240609	0.867483	0.132517	1.857562
2898	-1182.081	-1301.677	119.5966	1.334912	2.525675	0.815898	0.184102	1.64044
2904	-1182.409	-1302.23	119.8214	1.563042	1.669255	0.898813	0.101187	1.666055
2910	-1183.872	-1303.585	119.7132	1.580902	2.373861	0.89163	0.10837	1.427641
2916	-1182.644	-1300.915	118.2705	1.379091	2.287625	0.905648	0.0943522	2.56534
2922	-1176.455	-1294.957	118.5015	1.309209	2.281787	0.938139	0.061861	2.466688
2928	-1182.36	-1300.213	117.8528	1.172862	2.487272	0.910308	0.0896925	2.88508
2934	-1184.8	-1302.463	117.663	1.122693	2.313491	0.801479	0.198521	3.082297
2940	-1178.579	-1295.991	117.4122	1.334315	2.855028	0.79622	0.20378	2.949939
2946	-1178.785	-1298.12	119.3349	1.411289	2.630656	0.899844	0.100156	1.736348
2952	-1184.718	-1303.583	118.8659	1.378688	2.610488	0.882113	0.117887	2.082925
2958	-1192.059	-1311.049	118.9898	1.419594	2.278562	0.839434	0.160566	2.083906
2964	-1181.896	-1302.077	120.1812	1.647922	1.827957	0.775668	0.224332	1.247154
2970	-1167.456	-1286.88	119.4243	1.50896	2.360022	0.894409	0.105591	1.698456
2976	-1166.909	-1286.835	119.9262	1.501082	1.83984	0.949407	0.0505932	1.554485
2982	-1166.467	-1284.516	118.0482	1.209946	2.759723	0.845726	0.154274	2.664597
2988	-1173.033	-1291.265	118.2315	1.460207	2.388264	0.806289	0.193711	2.506601
2994	-1177.324	-1296.716	119.3919	1.237848	1.649324	0.938312	0.0616878	2.185941
3000	-1170.335	-1289.751	119.4163	1.403244	1.406614	0.937529	0.0624711	2.176942
3006	-1167.253	-1287.022	119.7689	1.317662	1.620579	0.948923	0.0510772	1.896372
3012	-1178.233	-1296.868	118.6348	1.262101	1.986247	0.913364	0.0866361	2.515956
3018	-1189.657	-1308.14	118.4829	1.084127	2.611307	0.966833	0.0331666	2.515956
3024	-1186.91	-1306.627	119.717	1.462823	2.738772	0.880343	0.119657	1.379341
3030	-1186.057	-1305.282	119.2242	1.247338	2.76168	0.938937	0.0610629	1.884231
3036	-1179.549	-1298.635	119.0864	1.487375	2.255891	0.863218	0.136782	1.982902
3042	-1182.419	-1301.489	119.0699	1.48821	1.786704	0.843809	0.156191	2.173505
3048	-1181.694	-1301.684	119.9896	1.584175	1.694474	0.922015	0.0779851	1.515568
3054	-1168.007	-1287.827	119.8204	1.736234	1.926906	0.867202	0.132798	1.41657
3060	-1173.739	-1293.185	119.4457	1.438525	1.664802	0.780799	0.219201	2.011996
3066	-1176.431	-1296.289	119.8582	1.736255	1.149978	0.818686	0.181314	1.801648
3072	-1167.764	-1287.516	119.7516	1.523841	1.548559	0.936155	0.0638447	1.801648
3078	-1164.932	-1284.436	119.5044	1.68831	1.863038	0.929262	0.0707378	1.713138
3084	-1161.153	-1281.206	120.0529	1.548183	1.359939	0.840877	0.159123	1.672702
3090	-1173.317	-1293.853	120.536	1.728076	1.307783	0.953198	0.0468022	1.1933
3096	-1180.15	-1300.238	120.0876	1.885927	1.921997	0.879596	0.120404	1.068727
3102	-1177.138	-1297.109	119.9706	1.913575	2.457764	0.785423	0.214577	0.8551027
3108	-1177.233	-1296.492	119.2592	1.913575	3.637912	0.807964	0.192036	1.075879
3114	-1177.967	-1297.769	119.8022	1.787869	3.031443	0.903861	0.0961393	0.8921906
3120	-1182.786	-1302.992	120.2065	1.527651	1.642513	0.775176	0.224824	1.420581
3126	-1175.81	-1295.026	119.2163	1.453172	2.080188	0.907796	0.0922039	1.983598
3132	-1177.146	-1296.609	119.4621	1.335652	1.396871	0.883962	0.116038	2.195939
3138	-1177.575	-1296.723	119.1476	1.469898	2.126793	0.870096	0.129904	2.000744
3144	-1173.735	-1293.492	119.7573	1.561588	1.996548	0.935539	0.064461	1.564364
3150	-1176.738	-1296.542	119.8042	1.745947	1.348904	0.862324	0.137676	1.71504
3156	-1165.021	-1283.437	118.416	1.587426	1.556091	0.941588	0.0584123	2.622728
3162	-1169.849	-1289.39	119.5414	1.668198	1.679024	0.946268	0.0537323	1.784505
3168	-1182.525	-1302.297	119.7718	1.289777	1.679024	0.853362	0.146638	1.886278
3174	-1174.15	-1294.012	119.8614	1.453752	1.333466	0.933787	0.0662132	1.886278
3180	-1176.541	-1296.299	119.7573	1.780143	2.066025	0.818264	0.181736	1.367814
3186	-1170.146	-1290.401	120.2552	1.700548	1.429306	0.849907	0.150093	1.367814
3192	-1171.209	-1291.244	120.0352	1.434184	1.37922	0.917506	0.082494	1.754967
3198	-1173.296	-1292.961	119.6648	1.368147	1.780413	0.900444	0.0995564	1.860322
3204	-1174.468	-1292.994	118.5255	1.291193	1.874764	0.947113	0.0528874	2.607578
3210	-1186.634	-1306.212	119.5774	1.459037	1.845598	0.904282	0.0957181	1.82959
3216	-1182.821	-1302.178	119.3569	1.458331	2.128177	0.879993	0.120007	1.86685
3222	-1176.608	-1296.214	119.6057	1.479239	2.759674	0.886381	0.113619	1.445425
3228	-1176.921	-1296.901	119.98	1.479239	2.280411	0.834064	0.165936	1.336317
3234	-1175.367	-1295.602	120.2349	1.727572	2.229259	0.836896	0.163104	0.9016005
3240	-1182.067	-1301.515	119.4485	1.378309	2.06884	0.873994	0.126006	1.881801
3246	-1180.463	-1299.861	119.3979	1.625543	2.116587	0.826816	0.173184	1.727065
3252	-1177.404	-1297.517	120.1138	1.549683	1.850924	0.843749	0.156251	1.369643
3258	-1180.3	-1299.296	118.9955	1.394922	2.463582	0.917301	0.0826994	2.033717
3264	-1176.802	-1294.731	117.9287	1.237908	2.098922	0.851993	0.148007	2.923699
3270	-1169.37	-1287.326	117.9562	1.39054	1.798443	0.912846	0.0871542	2.923699
3276	-1178.45	-1295.867	117.4169	1.402305	2.789667	0.847221	0.152779	2.923699
3282	-1172.691	-1291.274	118.5836	1.5788	2.789667	0.856496	0.143504	2.082489
3288	-1174.683	-1294.204	119.5218	1.432044	1.282512	0.981947	0.0180526	2.154118
3294	-1177.553	-1297.392	119.8396	1.361048	1.00979	0.880211	0.119789	2.154118
3300	-1173.344	-1293.09	119.7461	1.495761	1.911179	0.862705	0.137295	1.657199
3306	-1167.368	-1286.976	119.6081	1.463524	1.195915	0.965005	0.034995	2.125307
3312	-1177.125	-1297.722	120.5971	1.503561	0.6721446	0.825152	0.174848	1.811004
3318	-1177.222	-1297.421	120.1992	1.724388	1.53166	0.849353	0.150647	1.333048
3324	-1190.636	-1310.541	119.9053	1.426026	1.591429	0.851432	0.148568	1.741563
3330	-1176.498	-1296.483	119.9847	1.837128	2.438726	0.937711	0.0622891	0.9365137
3336	-1174.214	-1293.3	119.0859	1.799484	1.460957	0.863937	0.136063	2.10708
3342	-1168.084	-1287.322	119.2381	1.702346	1.388894	0.875613	0.124387	2.10708
3348	-1182.171	-1300.392	118.2209	1.59091	2.833904	0.907793	0.0922066	2.296885
3354	-1173.941	-1293.266	119.3249	1.391505	1.626211	0.929083	0.0709171	2.139922
3360	-1184.431	-1302.607	118.1763	1.295151	2.629377	0.875635	0.124365	2.570111
3366	-1181.399	-1300.396	118.9971	1.568936	2.737152	0.889924	0.110076	1.827157
3372	-1174.875	-1293.234	118.3583	1.26405	2.297915	0.833143	0.166857	2.578885
3378	-1167.88	-1286.7	118.8208	1.302233	2.297915	0.923462	0.0765382	2.263255
3384	-1164.395	-1283.727	119.3322	1.302233	1.474486	0.774686	0.225314	2.263255
3390	-1191.232	-1308.117	116.8852	1.003662	1.901251	0.842348	0.157652	3.744254
3396	-1189.067	-1306.651	117.5839	1.243082	2.257534	0.807844	0.192156	3.075279
3402	-1189.259	-1307.116	117.8572	1.17068	1.904668	0.89244	0.10756	3.075279
3408	-1181.396	-1300.934	119.5376	1.483454	1.484318	0.913594	0.0864064	2.005963
3414	-1188.096	-1307.823	119.7265	1.574246	1.690637	0.937708	0.0622919	1.715279
3420	-1179.511	-1299.939	120.4286	1.738912	1.190523	0.923098	0.0769025	1.354478
3426	-1172.867	-1292.127	119.2604	1.4642	2.208319	0.895519	0.104481	1.898535
3432	-1197.464	-1316.394	118.9301	1.441883	2.370382	0.827551	0.172449	2.077003
3438	-1198.063	-1318.136	120.0727	1.633204	2.19401	0.831221	0.168779	1.169558
3444	-1182.204	-1302.565	120.3607	1.619479	1.756623	0.859314	0.140686	1.156899
3450	-1185.54	-1305.167	119.6271	1.704817	3.642091	0.766433	0.233567	0.9140503
3456	-1186.724	-1306.564	119.8401	1.759309	2.371658	0.92461	0.07539	1.180454
3462	-1180.869	-1300.976	120.1069	1.474236	1.906651	0.795567	0.204433	1.407123
3468	-1175.629	-1294.902	119.2724	1.321973	2.379366	0.803312	0.196688	1.925743
3474	-1174.958	-1293.496	118.5379	1.36044	2.413962	0.790548	0.209452	2.368402
3480	-1170.557	-1289.81	119.2529	1.499218	2.045097	0.924244	0.0757561	1.941629
3486	-1180.249	-1298.442	118.1932	1.342353	1.68531	0.82491	0.17509	2.854279
3492	-1169.595	-1287.899	118.3042	1.303451	2.368421	0.843913	0.156087	2.565249
3498	-1163.338	-1282.444	119.1063	1.29097	2.114506	0.894168	0.105832	2.150358
3504	-1159.725	-1279.161	119.436	1.403574	1.884028	0.885682	0.114318	1.947307
3510	-1169.549	-1289.612	120.0631	1.40698	1.806172	0.868089	0.131911	1.538575
3516	-1168.885	-1287.481	118.5958	1.374243	2.15755	0.800134	0.199866	2.408711
3522	-1175.434	-1294.069	118.6352	1.230342	2.595578	0.923679	0.0763209	2.332615
3528	-1174.189	-1291.512	117.323	1.204495	2.477892	0.860661	0.139339	3.18614
3534	-1185.569	-1303.796	118.2276	1.134065	2.111754	0.87963	0.12037	2.801103
3540	-1180.553	-1299.185	118.6316	1.280594	2.732192	0.829767	0.170233	2.261935
3546	-1183.313	-1301.744	118.4309	1.565437	2.754752	0.808058	0.191942	2.201109
3552	-1176.363	-1295.143	118.7796	1.277621	2.158205	0.834221	0.165779	2.353277
3558	-1175.111	-1293.969	118.858	1.412728	1.926381	0.924733	0.0752669	2.302603
3564	-1180.572	-1299.28	118.7084	1.214399	2.283382	0.854809	0.145191	2.395627
3570	-1170.474	-1288.71	118.2362	1.121925	2.781523	0.887031	0.112969	2.596774
3576	-1174.263	-1293.33	119.0668	1.329616	2.282818	0.85286	0.14714	2.090977
3582	-1178.4	-1298.022	119.6216	1.361067	1.374521	0.819301	0.180699	2.086743
3588	-1179.067	-1297.267	118.1999	1.100436	2.321321	0.798765	0.201235	2.769375
3594	-1169.882	-1288.265	118.3828	1.275086	2.061251	0.84882	0.15118	2.637203
3600	-1172.685	-1291.239	118.5546	1.193955	2.909959	0.890296	0.109704	2.315902
3606	-1180.012	-1298.348	118.3353	1.22442	1.763492	0.860372	0.139628	2.808273
3612	-1176.701	-1293.544	116.843	1.260071	2.349305	0.809901	0.190099	3.474118
3618	-1168.023	-1287.449	119.4265	1.31349	2.349305	0.844599	0.155401	1.837039
3624	-1164.508	-1284.1	119.5914	1.484908	2.084314	0.832552	0.167448	1.702662
3630	-1165.79	-1285.481	119.6914	1.475006	1.698438	0.895326	0.104674	1.805466
3636	-1172.304	-1292.727	120.4239	1.686057	1.041076	0.950702	0.0492982	1.504709
3642	-1176.952	-1297.005	120.053	1.736878	1.65383	0.89545	0.10455	1.371192
3648	-1176.778	-1296.415	119.6374	1.58727	1.035427	0.923942	0.0760582	2.122007
3654	-1175.471	-1295.454	119.9836	1.58727	1.679195	0.826913	0.173087	1.525402
3660	-1165.457	-1286.039	120.5823	1.698818	1.349589	0.900194	0.099806	1.14899
3666	-1173.91	-1294.516	120.6059	1.714722	1.300691	0.878141	0.121859	1.14899
3672	-1165.66	-1285.815	120.1546	1.463816	1.538117	0.832503	0.167497	1.562834
3678	-1176.712	-1296.128	119.416	1.447435	1.899632	0.889322	0.110678	1.924778
3684	-1184.1	-1302.866	118.7657	1.325762	1.417332	0.90739	0.0926105	2.631715
3690	-1182.903	-1303.446	120.5429	1.850393	1.552517	0.841823	0.158177	0.8869697
3696	-1171.643	-1291.867	120.2247	1.854839	1.992246	0.868178	0.131822	0.9197053
3702	-1171.608	-1291.256	119.6482	1.514154	1.992246	0.829045	0.170955	1.679357
3708	-1170.94	-1290.644	119.7035	1.520131	1.903732	0.929422	0.0705777	1.673449
3714	-1174.489	-1293.668	119.179	1.392137	3.508757	0.910679	0.089321	1.598495
3720	-1173.932	-1292.983	119.0516	1.49056	1.720918	0.864519	0.135481	2.211551
3726	-1165.796	-1285.359	119.5625	1.578464	1.866369	0.839297	0.160703	1.748043
3732	-1174.353	-1291.789	117.4364	1.256923	2.201191	0.962307	0.0376929	3.172878
3738	-1164.117	-1283.2	119.0826	1.327836	1.439167	0.945783	0.0542171	2.422478
3744	-1173.208	-1292.284	119.0763	1.364681	2.302833	0.959108	0.040892	2.054628
3750	-1180.1	-1299.184	119.0838	1.387848	2.244913	0.922312	0.0776875	2.054628
3756	-1180.357	-1299.041	118.6834	1.329663	1.88625	0.895698	0.104302	2.48093
3762	-1173.622	-1292.91	119.2885	1.697224	2.330456	0.908652	0.0913476	1.672008
3768	-1182.511	-1302.298	119.7873	1.679265	2.016325	0.843911	0.156089	1.44506
3774	-1180.141	-1299.309	119.1688	1.654052	2.628036	0.891977	0.108023	1.683005
3780	-1179.71	-1299.303	119.5923	1.647485	2.522662	0.833775	0.166225	1.412138
3786	-1186.958	-1305.985	119.0268	1.627462	2.637265	0.860198	0.139802	1.798286
3792	-1182.634	-1301.898	119.2637	1.699647	3.432535	0.898299	0.101701	1.321733
3798	-1184.136	-1303.541	119.4045	1.664654	3.422264	0.896064	0.103936	1.238045
3804	-1169.715	-1289.516	119.801	1.701429	2.898181	0.820293	0.179707	1.042387
3810	-1176.324	-1296.417	120.0928	2.103065	1.926751	0.830249	0.169751	0.829396
3816	-1170.926	-1291.002	120.0753	2.021618	2.04208	0.865748	0.134252	0.8668759
3822	-1171.366	-1291.266	119.9	2.170258	2.375933	0.844499	0.155501	0.6299634
3828	-1165.344	-1285.065	119.7216	1.993608	3.154966	0.919253	0.0807465	0.6299634
3834	-1174.811	-1295.041	120.2297	2.129072	1.850689	0.889034	0.110966	0.6474023
3840	-1172.267	-1292.262	119.9951	2.104286	2.291447	0.821977	0.178023	0.6626178
3846	-1178.681	-1299.03	120.3497	2.036564	1.734655	0.872997	0.127003	0.7324297
3852	-1188.493	-1308.803	120.3103	2.029968	1.889078	0.8848	0.1152	0.6355733
3858	-1178.314	-1298.763	120.449	1.815961	1.550978	0.907176	0.0928238	1.023089
3864	-1182.413	-1300.729	118.3162	1.466565	1.982351	0.777789	0.222211	2.588345
3870	-1169.181	-1289.195	120.0146	1.503341	1.982351	0.929657	0.0703431	1.420939
3876	-1160.549	-1280.596	120.0476	1.53401	1.876824	0.827227	0.172773	1.420939
3882	-1164.096	-1283.441	119.345	1.595619	2.221186	0.902285	0.0977151	1.744808
3888	-1171.634	-1291.302	119.6687	1.595619	1.347443	0.96118	0.0388196	1.913184
3894	-1171.183	-1291.229	120.0454	1.524487	1.587921	0.756565	0.243435	1.572422
3900	-1168.658	-1288.243	119.5853	1.735811	1.974145	0.869404	0.130596	1.572422
3906	-1175.436	-1295.587	120.1513	1.563163	1.581356	0.930756	0.0692441	1.468102
3912	-1176.797	-1296.499	119.7017	1.544181	2.162401	0.829296	0.170704	1.54857
3918	-1170.044	-1289.591	119.5476	1.500133	1.906913	0.954124	0.0458762	1.79569
3924	-1182.332	-1301.717	119.385	1.354874	1.123535	0.961464	0.0385361	2.380224
3930	-1178.939	-1296.114	117.1753	1.064473	1.441627	0.888453	0.111547	3.721599
3936	-1190.755	-1308.338	117.5824	0.9410886	1.584195	0.962307	0.0376935	3.496477
3942	-1173.55	-1292.071	118.5213	1.267143	2.189664	0.840286	0.159714	2.511621
3948	-1173.779	-1291.942	118.1632	1.120099	1.575414	0.946641	0.053359	3.051627
3954	-1165.902	-1284.799	118.8968	1.114734	1.813377	0.962245	0.0377548	2.510365
3960	-1171.568	-1290.505	118.937	1.165251	2.218661	0.859603	0.140397	2.303623
3966	-1167.786	-1288.463	120.6765	1.694847	1.13563	0.948279	0.0517209	1.228055
3972	-1168.227	-1289.289	121.0619	2.00429	0.7916868	0.912379	0.0876206	0.9072342
3978	-1165.826	-1286.574	120.7475	1.993394	1.314472	0.825562	0.174438	0.642865
3984	-1185.932	-1305.838	119.9055	2.107774	2.548237	0.930904	0.069096	0.4962554
3990	-1183.419	-1303.562	120.1427	2.01083	2.241624	0.843785	0.156215	0.5948168
3996	-1173.739	-1293.822	120.0827	2.07204	2.239216	0.945455	0.0545452	0.5948168
4002	-1178.408	-1298.393	119.9852	2.056711	2.474816	0.907824	0.0921757	0.5633742
4008	-1176.097	-1296.164	120.0666	2.180971	2.093171	0.953585	0.0464149	0.544025
4014	-1176.03	-1296.417	120.3876	2.180971	1.579681	0.867264	0.132736	0.5576723
4020	-1169.068	-1289.625	120.5571	1.734461	1.460337	0.897832	0.102168	1.061266
4026	-1174.426	-1294.693	120.2671	1.981303	1.460337	0.973225	0.0267755	1.101409
4032	-1173.426	-1293.475	120.0493	1.536472	2.227065	0.984128	0.0158717	1.256498
4038	-1180.319	-1300.727	120.4083	1.57934	1.77541	0.953646	0.0463539	1.139517
4044	-1174.588	-1295.317	120.7293	1.848551	1.025254	0.899155	0.100845	1.139517
4050	-1182.531	-1303.347	120.816	1.883842	1.281336	0.921296	0.0787037	0.7620787
4056	-1174.549	-1295.251	120.7017	1.894617	1.261507	0.852253	0.147747	0.9117615
4062	-1177.012	-1297.262	120.25	1.879126	2.233035	0.932724	0.0672758	0.6651902
4068	-1170.976	-1291.483	120.5069	2.109499	1.47188	0.889818	0.110182	0.6474408
4074	-1175.055	-1295.187	120.1313	2.051093	2.189911	0.868388	0.131612	0.5917723
4080	-1175.938	-1295.897	119.9597	2.182045	2.189911	0.868264	0.131736	0.6858951
4086	-1184.031	-1304.164	120.1324	2.202627	1.936121	0.87079	0.12921	0.5653847
4092	-1181.983	-1302.158	120.1743	1.814767	1.966534	0.838744	0.161256	1.028348
4098	-1185.141	-1305.26	120.1195	1.728212	1.966534	0.872038	0.127962	1.158675
4104	-1179.865	-1297.94	118.0745	1.210509	2.850773	0.769627	0.230373	2.622865
4110	-1187.649	-1306.503	118.8536	1.268866	2.850773	0.84876	0.15124	2.090801
4116	-1187.493	-1306.607	119.1139	1.346324	1.884299	0.887836	0.112164	2.197261
4122	-1186.758	-1305.586	118.8281	1.289722	1.858286	0.887244	0.112756	2.426032
4128	-1196.022	-1315.119	119.0967	1.155824	2.513573	0.836168	0.163832	2.108371
4134	-1177.022	-1296.53	119.5089	1.325426	2.039637	0.868442	0.131558	1.888101
4140	-1177.418	-1297.275	119.8571	1.529132	1.565841	0.932511	0.0674894	1.715643
4146	-1177.535	-1297.083	119.5485	1.55734	1.775216	0.91769	0.0823101	1.812513
4152	-1183.028	-1303.063	120.0349	1.489192	1.561264	0.897362	0.102638	1.619507
4158	-1184.451	-1304.138	119.6873	1.682082	1.853842	0.837533	0.162467	1.590501
4164	-1169.823	-1290.053	120.23	1.581294	1.657238	0.896302	0.103698	1.352382
4170	-1169.766	-1289.941	120.175	1.400641	1.743134	0.9004	0.0996002	1.49009
4176	-1180.291	-1300.138	119.8472	1.622828	1.910694	0.861282	0.138718	1.49009
4182	-1171.257	-1291.622	120.365	1.459506	0.9773535	0.854828	0.145172	1.756447
4188	-1177.234	-1297.697	120.4631	1.49302	1.194765	0.919753	0.0802468	1.514033
4194	-1171.061	-1291.168	120.1074	1.600344	1.198569	0.909218	0.090782	1.692171
4200	-1179.515	-1299.474	119.9582	1.567049	1.383215	0.922386	0.0776144	1.713463
4206	-1183.412	-1303.532	120.1204	1.389976	1.402412	0.909809	0.090191	1.713463
4212	-1183.925	-1302.728	118.8028	1.336397	2.589155	0.874067	0.125933	2.158532
4218	-1176.047	-1295.592	119.545	1.477582	1.886517	0.906537	0.093463	1.821681
4224	-1179.665	-1298.677	119.0118	1.528346	3.220584	0.773274	0.226726	1.700844
4230	-1173.76	-1293.69	119.9299	1.622211	2.148254	0.880291	0.119709	1.319242
4236	-1181.166	-1301.835	120.6686	1.876569	1.259849	0.886676	0.113324	0.9679085
4242	-1182.053	-1302.321	120.2678	1.644812	1.30358	0.853495	0.146505	1.47759
4248	-1182.044	-1301.558	119.5145	1.749455	3.165664	0.857617	0.142383	1.157729
4254	-1174.309	-1294.671	120.3621	1.870594	1.678852	0.833905	0.166095	0.9663658
4260	-1171.743	-1292.218	120.4755	1.772923	1.77155	0.94771	0.0522896	0.88261
4266	-1175.506	-1295.577	120.0706	1.777722	2.317509	0.85437	0.14563	0.9737983
4272	-1176.523	-1296.06	119.5369	1.87072	3.245213	0.719453	0.280547	0.9931739
4278	-1181.323	-1300.936	119.6131	1.933353	2.984373	0.813061	0.186939	0.9611785
4284	-1175.1	-1295.014	119.9143	1.865332	2.476553	0.813002	0.186998	0.9611785
4290	-1178.959	-1299.263	120.3035	1.8539	2.146584	0.887011	0.112989	0.7005969
4296	-1177.262	-1297.801	120.5384	1.896833	1.586625	0.871451	0.128549	0.8060976
4302	-1180.441	-1300.89	120.4484	1.948962	1.641253	0.89187	0.10813	0.8060976
4308	-1182.459	-1301.976	119.5167	1.863596	3.600848	0.866304	0.133696	0.8762955
4314	-1183.448	-1303.448	119.9999	1.691336	2.117576	0.840474	0.159526	1.218518
4320	-1168.801	-1287.611	118.8097	1.298834	2.117576	0.829944	0.170056	2.335081
4326	-1176.994	-1296.186	119.1925	1.455675	2.854957	0.886714	0.113286	1.733244
4332	-1169.046	-1288.064	119.0185	1.542237	3.574972	0.923594	0.0764064	1.588131
4338	-1179.921	-1298.832	118.9111	1.317306	2.944604	0.85181	0.14819	1.993487
4344	-1182.974	-1300.497	117.5235	1.540339	2.199482	0.737029	0.262971	2.952045
4350	-1178.3	-1296.564	118.2644	1.261644	2.645184	0.838298	0.161702	2.531534
4356	-1178.565	-1297.026	118.4603	1.210042	2.24243	0.813136	0.186864	2.567335
4362	-1178.704	-1298.389	119.685	1.378984	1.958559	0.836508	0.163492	1.762759
4368	-1174.504	-1294.305	119.801	1.293553	1.591644	0.779286	0.220714	1.904593
4374	-1174.004	-1293.593	119.5892	1.296267	1.516957	0.876653	0.123347	2.079807
4380	-1169.042	-1288.387	119.3453	1.192828	1.104503	0.883649	0.116351	2.51797
4386	-1172.826	-1292.869	120.0427	1.456212	1.433403	0.863764	0.136236	1.704749
4392	-1170.907	-1291.189	120.2827	1.579256	1.329057	0.908041	0.0919592	1.500108
4398	-1182.754	-1302.137	119.3837	1.363063	2.397661	0.863293	0.136707	1.815361
4404	-1189.569	-1308.644	119.0751	1.511939	2.728786	0.796416	0.203584	1.815361
4410	-1187.249	-1303.351	116.1024	0.9101146	3.884108	0.931316	0.0686836	3.734691
4416	-1180.542	-1298.442	117.8999	1.278757	3.190167	0.898656	0.101344	2.599897
4422	-1187.197	-1305.627	118.4302	1.247941	2.050555	0.880805	0.119195	2.628472
4428	-1181.043	-1299.112	118.0695	1.183555	2.902821	0.888043	0.111957	2.628472
4434	-1178.701	-1299.134	120.4331	1.659975	1.491123	0.834935	0.165065	1.217911
4440	-1178.162	-1298.427	120.2656	1.666129	1.25297	0.824215	0.175785	1.494814
4446	-1169.176	-1289.045	119.8694	1.666129	2.124508	0.849473	0.150527	1.343074
4452	-1172.227	-1292.928	120.701	1.666129	1.270212	0.922899	0.0771008	1.130013
4458	-1173.961	-1294.405	120.4444	1.836692	1.21155	0.91948	0.08052	1.247373
4464	-1167.544	-1287.484	119.9398	1.952736	2.380631	0.833934	0.166066	0.8908736
4470	-1171.95	-1292.961	121.0112	1.892941	0.9178142	0.915654	0.0843457	0.9293604
4476	-1172.09	-1292.885	120.795	1.932555	1.182175	0.930068	0.0699318	0.8381332
4482	-1180.5	-1300.092	119.5925	1.821732	2.643993	0.938699	0.0613008	1.224634
4488	-1191.466	-1310.818	119.3518	1.593377	3.00256	0.950058	0.0499421	1.470599
4494	-1178.342	-1298.451	120.1086	1.495681	1.885794	0.848607	0.151393	1.399109
4500	-1182.798	-1302.978	120.1808	1.626057	1.621029	0.896338	0.103662	1.375459
4506	-1166.779	-1286.455	119.6765	1.348081	1.548622	0.900678	0.0993218	1.97229
4512	-1169.69	-1289.069	119.3787	1.551503	2.162695	0.819473	0.180527	1.774383
4518	-1177.945	-1298.147	120.202	1.749673	1.651802	0.908765	0.0912351	1.241138
4524	-1175.608	-1294.964	119.3562	1.429445	1.804102	0.845502	0.154498	2.016769
4530	-1170.125	-1289.58	119.4547	1.621382	1.845491	0.903959	0.0960409	1.802264
4536	-1169.787	-1289.401	119.6141	1.450193	2.043016	0.834413	0.165587	1.727811
4542	-1182.948	-1301.785	118.837	1.273007	3.205066	0.89778	0.10222	2.000055
4548	-1186.078	-1304.355	118.2768	1.248389	2.601381	0.879217	0.120783	2.544924
4554	-1189.774	-1310.02	120.2465	1.314874	1.218994	0.882108	0.117892	1.782484
4560	-1177.307	-1295.214	117.9068	0.9764769	2.298989	0.854754	0.145246	3.028457
4566	-1172.913	-1290.108	117.1943	0.9763598	2.210269	0.864373	0.135627	3.477632
4572	-1192.883	-1311.728	118.845	1.542738	3.215786	0.823008	0.176992	1.808793
4578	-1180.575	-1298.913	118.338	1.332277	5.022198	0.871718	0.128282	1.888705
4584	-1186.768	-1305.369	118.6005	1.169256	3.23478	0.843383	0.156617	2.215351
4590	-1183.985	-1303.689	119.7039	1.369416	2.732337	0.840041	0.159959	1.463768
4596	-1178.818	-1298.445	119.6269	1.507348	2.601907	0.877055	0.122945	1.463768
4602	-1183.081	-1302.011	118.9295	1.418692	1.995011	0.835863	0.164137	2.22667
4608	-1176.284	-1294.909	118.6253	1.402984	2.454399	0.830989	0.169011	2.272625
4614	-1166.903	-1286.107	119.204	1.535442	2.065007	0.928299	0.0717006	1.942459
4620	-1169.268	-1288.368	119.0998	1.453743	2.260032	0.925878	0.0741218	1.99495
4626	-1172.51	-1291.748	119.2379	1.664917	1.814313	0.885901	0.114099	1.934009
4632	-1180	-1299.748	119.748	1.498595	1.94843	0.86336	0.13664	1.637643
4638	-1179.459	-1299.609	120.1508	1.643927	1.933612	0.793543	0.206457	1.221383
4644	-1172.605	-1291.444	118.8391	1.165987	2.425559	0.899143	0.100857	2.296717
4650	-1173.201	-1293.32	120.1189	1.487705	1.408404	0.910687	0.0893133	1.641581
4656	-1169.195	-1289.14	119.9447	1.487705	1.293754	0.822849	0.177151	1.828159
4662	-1168.24	-1288.428	120.1881	1.367401	1.06665	0.720725	0.279275	1.881347
4668	-1170.675	-1291.252	120.5766	1.44935	1.066035	0.946548	0.0534517	1.549358
4674	-1167.619	-1287.984	120.3652	1.815864	1.56675	0.828069	0.171931	1.092023
4680	-1177.688	-1298.254	120.5657	1.815864	1.305507	0.883829	0.116171	1.090338
4686	-1178.785	-1299.071	120.2857	1.753133	2.021612	0.945007	0.0549927	0.9449927
4692	-1192.783	-1312.592	119.809	1.608589	2.336826	0.824547	0.175453	1.345947
4698	-1193.513	-1312.966	119.4528	1.163343	1.990147	0.897741	0.102259	2.053639
4704	-1179.107	-1299.027	119.9198	1.520635	1.990147	0.896607	0.103393	1.476583
4710	-1177.194	-1296.411	119.2173	1.381812	2.188085	0.853307	0.146693	1.990407
4716	-1174.544	-1293.586	119.0413	1.490055	1.585049	0.797029	0.202971	2.278077
4722	-1175.363	-1294.972	119.6095	1.502225	1.595948	0.923484	0.0765162	1.890893
4728	-1176.013	-1294.409	118.3964	1.48048	2.787304	0.954803	0.0451965	2.26853
4734	-1176.25	-1293.441	117.1917	1.451455	2.101513	0.85448	0.14552	3.235326
4740	-1177.842	-1295.855	118.0138	1.431956	2.377161	0.95914	0.0408603	2.662609
4746	-1167.065	-1285.185	118.1197	1.265645	2.458042	0.875608	0.124392	2.674645
4752	-1175.459	-1292.742	117.2833	1.018369	2.581414	0.877805	0.122195	3.289818
4758	-1183.667	-1300.992	117.3245	1.15995	2.661943	0.838468	0.161532	3.1591
4764	-1184.741	-1303.033	118.2924	1.071011	1.712779	0.853551	0.146449	2.947198
4770	-1180.524	-1299.128	118.6045	1.30996	1.712779	0.830971	0.169029	2.611165
4776	-1184.269	-1303.322	119.0531	1.357178	1.7693	0.84066	0.15934	2.276111
4782	-1173.082	-1293.144	120.0617	1.455044	1.552415	0.934108	0.0658923	1.629377
4788	-1165.901	-1285.864	119.9631	1.537558	2.028258	0.864433	0.135567	1.413486
4794	-1171.498	-1291.706	120.2086	1.579537	1.295849	0.848011	0.151989	1.574873
4800	-1169.824	-1289.35	119.5258	1.409327	1.716348	0.80549	0.19451	1.954872
4806	-1173.419	-1292.742	119.3223	1.409327	2.046555	0.903572	0.0964278	1.954872
4812	-1180.524	-1301.149	120.6248	1.945146	1.564124	0.916563	0.0834371	0.5942068
4818	-1170.688	-1291.585	120.8971	1.977782	1.097275	0.95	0.0499999	0.742121
4824	-1181.435	-1301.961	120.5264	1.79182	1.476129	0.904454	0.0955462	1.024355
4830	-1176.083	-1296.215	120.1321	1.921564	2.254257	0.892018	0.107982	0.7711707
4836	-1176.659	-1296.812	120.1529	1.821084	2.235028	0.902883	0.0971168	0.8850645
4842	-1177.639	-1297.597	119.9583	1.826463	2.331694	0.912302	0.0876982	1.029839
4848	-1186.416	-1307.231	120.8155	1.9299	1.228001	0.794268	0.205732	0.7611778
4854	-1184.979	-1304.979	120.0003	1.446212	1.68226	0.813127	0.186873	1.615073
4860	-1190.584	-1310.903	120.3188	2.028867	1.860783	0.883321	0.116679	0.6577647
4866	-1180.078	-1300.172	120.0941	2.059259	2.039261	0.872483	0.127517	0.7982608
4872	-1177.62	-1297.847	120.2274	1.899109	1.869585	0.782616	0.217384	0.9487124
4878	-1170.625	-1289.661	119.036	1.830978	3.824817	0.910035	0.089965	1.283862
4884	-1171.916	-1291.658	119.7422	1.619891	2.258469	0.86904	0.13096	1.42172
4890	-1172.051	-1291.089	119.0387	1.411145	2.322311	0.903601	0.0963985	2.042003
4896	-1168.851	-1287.527	118.676	1.506796	2.706962	0.797832	0.202168	2.093851
4902	-1174.799	-1295.192	120.393	1.70509	1.789895	0.821105	0.178895	1.028224
4908	-1175.461	-1295.679	120.2184	1.912825	1.811076	0.854139	0.145861	0.981866
4914	-1176.785	-1295.806	119.0207	1.421524	2.476897	0.921607	0.0783928	1.994903
4920	-1176.783	-1295.099	118.3157	1.261189	4.085875	0.807234	0.192766	2.139984
4926	-1177.235	-1295.576	118.3409	1.097953	3.509473	0.880622	0.119378	2.359117
4932	-1180.945	-1300.311	119.3661	1.359319	2.927382	0.911706	0.0882943	1.655917
4938	-1185.469	-1304.627	119.1582	1.472931	1.746221	0.785998	0.214002	2.143014
4944	-1180.499	-1298.809	118.3102	1.200728	2.929312	0.912776	0.0872244	2.460867
4950	-1178.23	-1296.748	118.5187	1.430439	4.007601	0.875909	0.124091	1.910081
4956	-1176.256	-1295.556	119.2999	1.351035	2.313001	0.881139	0.118861	1.910641
4962	-1172.929	-1292.753	119.824	1.565121	1.690198	0.887075	0.112925	1.652622
4968	-1178.571	-1298.923	120.3514	1.641022	1.009753	0.862842	0.137158	1.613856
4974	-1175.095	-1294.89	119.7944	1.663328	2.299828	0.944045	0.0559546	1.329309
4980	-1172.345	-1292.821	120.4761	1.696571	1.652049	0.867868	0.132132	1.044176
4986	-1169.692	-1289.709	120.0171	1.719466	1.854227	0.782607	0.217393	1.309705
4992	-1163.302	-1282.542	119.2399	1.41429	2.328676	0.875838	0.124162	1.90293
4998	-1173.275	-1292.158	118.8831	1.516296	2.86117	0.827489	0.172511	1.90293
5004	-1177.36	-1297.738	120.3774	1.699323	1.436141	0.964785	0.035215	1.266027
5010	-1183.964	-1304.183	120.2182	1.655396	2.042817	0.885046	0.114954	1.095243
5016	-1169.999	-1290.114	120.1156	1.561119	1.652813	0.890179	0.109821	1.459222
5022	-1162.921	-1281.767	118.8469	1.222025	1.754387	0.910991	0.0890087	2.498162
5028	-1164.252	-1283.157	118.9049	1.291622	2.032686	0.918439	0.0815613	2.309833
5034	-1168.077	-1287.242	119.1651	1.542132	1.696307	0.913486	0.0865139	2.114842
5040	-1173.284	-1292.452	119.1685	1.308813	1.798141	0.926785	0.0732148	2.221082
5046	-1175.039	-1292.896	117.8573	1.178778	2.362338	0.844002	0.155998	2.916841
5052	-1182.213	-1299.813	117.5997	1.285429	2.747575	0.841236	0.158764	2.895451
5058	-1167.869	-1285.762	117.8929	1.225043	2.763155	0.871504	0.128496	2.749658
5064	-1180.438	-1299.691	119.2532	1.472492	2.39885	0.890681	0.109319	1.829456
5070	-1176.99	-1296.477	119.4871	1.693181	2.926863	0.908452	0.0915484	1.31233
5076	-1173.452	-1293.3	119.8484	1.755017	1.604927	0.853585	0.146415	1.538933
5082	-1175.582	-1295.86	120.2782	1.744364	1.547392	0.806259	0.193741	1.2429
5088	-1176.712	-1297.127	120.4153	1.667636	1.634747	0.830488	0.169512	1.1379
5094	-1183.621	-1303.547	119.9254	1.621567	2.259528	0.876564	0.123436	1.274238
5100	-1184.213	-1303.848	119.6353	1.721921	3.42941	0.776178	0.223822	0.9713587
5106	-1168.541	-1288.001	119.4599	1.625281	2.577133	0.808995	0.191005	1.50963
5112	-1162.167	-1281.457	119.2903	1.392407	1.928142	0.937551	0.0624486	2.034078
5118	-1174.832	-1294.056	119.2238	1.477603	1.871826	0.907326	0.0926742	2.044473
5124	-1178.253	-1297.464	119.211	1.572089	2.649042	0.945544	0.0544563	1.704256
5130	-1169.287	-1289.752	120.4648	1.522506	1.225612	0.954008	0.0459919	1.47048
5136	-1180.955	-1300.436	119.4811	1.536563	2.205811	0.908736	0.0912641	1.696368
5142	-1182.309	-1302.183	119.8734	1.503506	2.205811	0.873192	0.126808	1.432075
5148	-1180.616	-1300.636	120.0207	1.668215	2.205811	0.880329	0.119671	1.178701
5154	-1174.48	-1293.912	119.432	1.699055	3.027201	0.859512	0.140488	1.317493
5160	-1171.688	-1291.806	120.1184	1.661693	1.732617	0.899962	0.100038	1.337129
5166	-1169.604	-1288.351	118.7477	1.341447	2.100106	0.848914	0.151086	2.353659
5172	-1178.271	-1298.28	120.0089	1.284519	1.283758	0.78519	0.21481	1.928529
5178	-1178.421	-1297.473	119.0515	1.261602	2.010012	0.882234	0.117766	2.243576
5184	-1182.586	-1301.458	118.8727	1.361	2.308759	0.876754	0.123246	2.188245
5190	-1197.309	-1315.939	118.6302	1.330702	2.571327	0.949891	0.0501086	2.279094
5196	-1177.229	-1295.938	118.709	1.104704	2.892502	0.872722	0.127278	2.279094
5202	-1178.155	-1297.738	119.5837	1.220831	1.324382	0.91254	0.0874595	2.228681
5208	-1177.111	-1297.261	120.1502	1.5145	1.253522	0.88207	0.11793	1.689232
5214	-1194.165	-1313.813	119.6475	1.640073	2.28758	0.869753	0.130247	1.466884
5220	-1169.835	-1289.72	119.8849	1.407542	1.708462	0.927471	0.0725286	1.712745
5226	-1187.708	-1308.187	120.4783	1.407087	1.589126	0.926398	0.0736024	1.330854
5232	-1179.833	-1300.29	120.4565	1.63224	1.319168	0.793684	0.206316	1.330854
5238	-1174.417	-1294.767	120.3502	1.624373	1.93567	0.703094	0.296906	1.060026
5244	-1159.472	-1280.18	120.7073	1.739885	1.265358	0.81711	0.18289	1.060026
5250	-1166.221	-1287.096	120.8756	1.524852	1.265358	0.891311	0.108689	1.10353
5256	-1167.552	-1287.232	119.6794	1.635224	2.20031	0.877139	0.122861	1.481767
5262	-1166.75	-1286.417	119.667	1.470641	1.761405	0.8559	0.1441	1.796717
5268	-1180.592	-1300.816	120.2238	1.665053	1.412916	0.893448	0.106552	1.429613
5274	-1175.046	-1294.471	119.4251	1.461535	2.532571	0.788702	0.211298	1.670187
5280	-1168.742	-1288.233	119.4911	1.493318	2.064849	0.859241	0.140759	1.7749
5286	-1175.764	-1295.127	119.3634	1.741913	1.804617	0.772089	0.227911	1.799902
5292	-1166.128	-1286.432	120.3038	1.864507	1.77888	0.83645	0.16355	0.9648352
5298	-1179.144	-1298.838	119.6938	1.858542	2.976983	0.788957	0.211043	0.9583672
5304	-1194.907	-1312.834	117.9277	1.237531	3.862776	0.813806	0.186194	2.45153
5310	-1179.711	-1300.23	120.5194	1.917239	1.51513	0.837948	0.162052	0.8679583
5316	-1172.715	-1292.593	119.8778	1.756864	2.15174	0.89919	0.10081	1.250075
5322	-1170.478	-1290.202	119.724	1.687661	3.164122	0.802925	0.197075	1.021602
5328	-1162.31	-1282.144	119.8342	1.728071	2.360001	0.9137	0.0863004	1.217479
5334	-1165.831	-1286.105	120.2744	1.753683	1.894532	0.821854	0.178146	1.032624
5340	-1163.582	-1283.472	119.8895	1.868205	2.382714	0.859116	0.140884	1.030656
5346	-1175.909	-1295.654	119.7447	1.78163	2.382714	0.889624	0.110376	1.237938
5352	-1176.75	-1296.77	120.0196	1.74112	2.055381	0.851743	0.148257	1.189259
5358	-1168.624	-1288.297	119.6728	1.622207	2.474559	0.88999	0.11001	1.387603
5364	-1172.12	-1290.309	118.1894	1.636464	3.253913	0.870542	0.129458	2.174068
5370	-1168.033	-1286.767	118.7335	1.435909	2.314964	0.924959	0.0750414	2.227699
5376	-1161.331	-1280.577	119.2461	1.306531	2.010308	0.896626	0.103374	2.087763
5382	-1165.961	-1285.275	119.3132	1.788651	2.922528	0.80302	0.19698	1.376282
5388	-1167.098	-1287.102	120.0038	1.705646	2.579343	0.883369	0.116631	0.9819284
5394	-1178.197	-1297.835	119.6379	2.001686	2.629463	0.869343	0.130657	1.027733
5400	-1169.813	-1289.473	119.66	1.78615	1.947918	0.836569	0.163431	1.491176
5406	-1173.349	-1292.326	118.9772	1.45685	1.805267	0.863083	0.136917	2.246055
5412	-1178.285	-1296.609	118.3236	1.350226	2.843482	0.847482	0.152518	2.381878
5418	-1188.783	-1309.076	120.2936	1.469701	1.847977	0.859687	0.140313	1.291125
5424	-1187.571	-1307.294	119.7225	1.658028	2.095519	0.848241	0.151759	1.475906
5430	-1190.528	-1309.683	119.1549	1.941552	2.642135	0.916508	0.083492	1.47792
5436	-1192.958	-1312.131	119.173	1.710315	1.844283	0.856248	0.143752	1.934445
5442	-1177.555	-1297.257	119.7019	1.402794	1.737606	0.856567	0.143433	1.830171
5448	-1178.07	-1297.95	119.8804	1.597498	2.425088	0.888215	0.111785	1.260427
5454	-1165.476	-1284.987	119.5112	1.362162	1.622088	0.784883	0.215117	2.038619
5460	-1168.36	-1288.498	120.1381	1.417424	1.469845	0.941053	0.0589467	1.644873
5466	-1164.928	-1284.778	119.8499	1.568712	1.66242	0.859103	0.140897	1.644873
5472	-1176.555	-1296.386	119.8306	1.545988	2.12027	0.928478	0.0715224	1.468349
5478	-1181.434	-1301.719	120.2849	1.782602	1.641361	0.876403	0.123597	1.1476
5484	-1188.272	-1308.569	120.2964	1.705163	2.194779	0.85071	0.14929	0.8782658
5490	-1183.217	-1303.501	120.2842	1.902021	1.57833	0.934513	0.0654866	1.079666
5496	-1170.643	-1291.123	120.48	2.129366	1.491218	0.865173	0.134827	0.630671
5502	-1167.714	-1287.674	119.9599	2.023363	2.430136	0.852386	0.147614	0.7406568
5508	-1174.554	-1294.37	119.8161	1.905497	2.873126	0.907946	0.0920539	0.815598
5514	-1172.658	-1292.574	119.9158	1.993997	2.705612	0.882324	0.117676	0.6306068
5520	-1170.154	-1290.404	120.2498	2.101632	1.908775	0.886906	0.113094	0.5659919
5526	-1170.006	-1290.366	120.3598	2.101632	1.724438	0.876915	0.123085	0.5907143
5532	-1175.264	-1296.028	120.7639	2.209785	1.084437	0.927469	0.0725308	0.5368087
5538	-1176.634	-1296.941	120.3072	2.086738	1.804714	0.853813	0.146187	0.6330693
5544	-1175.087	-1295.913	120.8262	2.061233	1.169333	0.903094	0.0969056	0.5786055
5550	-1169.542	-1290.612	121.0703	1.982947	0.9920821	0.932581	0.0674186	0.5844682
5556	-1169.83	-1290.937	121.1069	1.985121	0.9296697	0.922963	0.0770367	0.6516202
5562	-1173.18	-1293.168	119.9881	1.322903	1.054723	0.943502	0.0564982	2.05293
5568	-1175.13	-1295.425	120.2954	1.656112	1.184457	0.918045	0.081955	1.524174
5574	-1175.067	-1295.204	120.1368	1.541462	1.340535	0.869004	0.130996	1.628431
5580	-1179.677	-1299.928	120.2507	1.427469	1.340535	0.848682	0.151318	1.628431
5586	-1170.161	-1290.294	120.1334	1.552153	1.595014	0.877553	0.122447	1.482745
5592	-1175.151	-1293.125	117.9748	1.382766	2.011376	0.877751	0.122249	2.838558
5598	-1180.925	-1300.036	119.1109	1.282141	1.771954	0.866144	0.133856	2.285994
5604	-1171.792	-1290.454	118.6611	1.429778	2.291557	0.815558	0.184442	2.285994
5610	-1173.483	-1292.624	119.1404	1.411056	1.9868	0.888143	0.111857	2.097582
5616	-1181.917	-1300.988	119.0711	1.546823	3.112831	0.873599	0.126401	1.67672
5622	-1179.556	-1298.342	118.7856	1.678541	4.525064	0.833726	0.166274	1.422508
5628	-1186.923	-1306.412	119.4885	1.747712	3.616772	0.936903	0.0630971	1.022665
5634	-1186.582	-1306.416	119.834	1.928258	2.95499	0.877618	0.122382	0.7036492
5640	-1179.738	-1299.727	119.9887	1.918135	1.835068	0.906954	0.0930456	1.177178
5646	-1172.069	-1291.507	119.4384	1.833608	3.204138	0.881648	0.118352	1.13671
5652	-1185.606	-1305.541	119.9354	1.669341	2.0402	0.861991	0.138009	1.326106
5658	-1176.403	-1295.095	118.6918	1.575292	3.922245	0.815543	0.184457	1.710401
5664	-1175.448	-1294.994	119.5454	1.635293	2.616448	0.876261	0.123739	1.422913
5670	-1182.064	-1301.229	119.1653	1.522422	3.415123	0.786238	0.213762	1.538957
5676	-1176.765	-1295.98	119.2151	1.560952	2.774613	0.918586	0.0814144	1.668081
5682	-1183.241	-1303.03	119.7891	1.577134	2.308831	0.948564	0.0514365	1.397845
5688	-1173.732	-1292.606	118.8741	1.54408	2.765342	0.871376	0.128624	1.919302
5694	-1183.14	-1303.785	120.6453	1.54408	1.476594	0.838583	0.161417	1.143701
5700	-1178.858	-1298.799	119.9414	1.483905	1.979408	0.875131	0.124869	1.492719
5706	-1170.27	-1290.38	120.1106	1.620975	2.205103	0.922909	0.0770912	1.141615
5712	-1176.013	-1296.03	120.0169	1.854318	2.205103	0.936597	0.0634028	1.011055
5718	-1173.717	-1293.462	119.7453	1.428172	1.991534	0.918973	0.0810268	1.671689
5724	-1175.508	-1294.461	118.9532	1.214002	1.991534	0.953717	0.0462827	2.343832
5730	-1174.873	-1293.466	118.5926	1.279252	2.545687	0.841167	0.158833	2.343832
5736	-1176.404	-1294.196	117.7922	1.291056	2.696148	0.934414	0.0655864	2.789575
5742	-1175.551	-1294.195	118.6444	1.377041	2.696148	0.949908	0.0500915	2.202259
5748	-1177.006	-1296.523	119.5174	1.666613	2.741696	0.922844	0.0771559	1.374951
5754	-1171.305	-1290.885	119.5794	1.467108	2.154196	0.848743	0.151257	1.695993
5760	-1174.83	-1294.252	119.4219	1.473373	2.12624	0.816144	0.183856	1.81262
5766	-1168.869	-1288.236	119.3673	1.239712	2.694022	0.880549	0.119451	1.81262
5772	-1174.082	-1292.848	118.7662	1.279768	2.183971	0.891387	0.108613	2.351426
5778	-1182.009	-1299.95	117.9417	1.239364	2.142604	0.879293	0.120707	2.900168
5784	-1173.434	-1292.157	118.7223	1.275407	2.198627	0.881846	0.118154	2.376979
5790	-1176.007	-1295.238	119.2311	1.27202	2.025114	0.76496	0.23504	2.114578
5796	-1175.636	-1293.906	118.2707	1.36178	4.243316	0.707127	0.292873	2.069899
5802	-1173.243	-1291.514	118.2709	1.253589	3.231918	0.84492	0.15508	2.372894
5808	-1188.664	-1305.574	116.91	1.022571	3.834088	0.816559	0.183441	3.20717
5814	-1187.987	-1307.151	119.1648	1.546072	2.325053	0.996112	0.00388791	1.865653
5820	-1187.838	-1307.345	119.5066	1.476515	2.660878	0.794081	0.205919	1.555949
5826	-1180.98	-1300.19	119.2103	1.431754	3.474705	0.840832	0.159168	1.555949
5832	-1174.793	-1294.197	119.4035	1.267714	1.392804	0.921764	0.0782363	2.279465
5838	-1172.354	-1292.041	119.6876	1.328531	1.432915	0.872773	0.127227	2.034838
5844	-1175.999	-1295.692	119.6923	1.557368	2.622887	0.956324	0.0436759	1.36675
5850	-1173.98	-1293.297	119.3171	1.524749	3.816657	0.92332	0.0766798	1.306651
5856	-1182.179	-1302.106	119.9264	1.541272	2.132565	0.89397	0.10603	1.392989
5862	-1171.378	-1290.736	119.3571	1.394641	2.305752	0.975532	0.0244678	1.844536
5868	-1177.622	-1297.375	119.7534	1.645475	1.769746	0.90514	0.0948598	1.607833
5874	-1176.626	-1296.44	119.8138	1.452987	1.769746	0.812882	0.187118	1.702475
5880	-1167.437	-1286.375	118.9379	1.285308	2.106818	0.885394	0.114606	2.2657
5886	-1175.796	-1295.791	119.9948	1.422506	1.611499	0.835035	0.164965	1.670807
5892	-1182.571	-1301.576	119.0046	1.500522	2.451241	0.961004	0.0389961	1.961337
5898	-1185.625	-1305.185	119.5599	1.60878	1.73357	0.981197	0.0188031	1.787784
5904	-1176.503	-1296.416	119.9131	1.553242	1.838749	0.842722	0.157278	1.526076
5910	-1175.79	-1294.824	119.0333	1.625161	3.113285	0.801348	0.198652	1.647616
5916	-1175.945	-1296.347	120.4017	1.375387	1.347144	0.939993	0.0600072	1.552461
5922	-1175.59	-1295.934	120.3442	1.70369	1.038827	0.887257	0.112743	1.552461
5928	-1173.955	-1293.853	119.8979	1.70369	1.562367	0.933151	0.0668486	1.562414
5934	-1174.95	-1295.287	120.3374	1.807668	1.568106	0.920916	0.079084	1.123951
5940	-1172.942	-1293.347	120.4042	1.763065	1.819207	0.875399	0.124601	0.9389194
5946	-1168.341	-1288.255	119.914	1.763065	2.236236	0.839828	0.160172	1.174757
5952	-1176.534	-1296.207	119.6735	1.679747	3.209552	0.88046	0.11954	1.060179
5958	-1166.695	-1287.136	120.4409	1.682345	1.471578	0.809086	0.190914	1.204544
5964	-1175.004	-1295.012	120.0074	1.492439	2.169594	0.830597	0.169403	1.351612
5970	-1165.911	-1286.436	120.5249	1.672626	1.018845	0.853335	0.146665	1.455042
5976	-1165.473	-1285.869	120.3956	1.651543	1.629589	0.912339	0.0876608	1.172584
5982	-1179.983	-1300.207	120.2238	1.647222	1.629589	0.754718	0.245282	1.319762
5988	-1166.646	-1287.248	120.6022	1.75695	0.9661789	0.918811	0.0811887	1.370929
5994	-1170.295	-1290.731	120.4359	2.02792	0.9620573	0.94074	0.0592598	1.290474
6000	-1177.94	-1298.195	120.2559	1.970145	1.354912	0.932153	0.067847	1.193334
6006	-1181.17	-1301.459	120.2893	1.791722	1.528701	0.957058	0.0429423	1.204836
6012	-1170.293	-1290.355	120.0613	1.380602	1.478972	0.978203	0.0217967	1.720822
6018	-1173.87	-1293.958	120.088	1.34123	0.9587832	0.911969	0.0880309	2.037936
6024	-1170.914	-1291.439	120.5252	1.575887	1.146164	0.953634	0.0463661	1.436958
6030	-1173.209	-1292.992	119.783	1.708595	1.824427	0.961605	0.0383953	1.51395
6036	-1175.838	-1296.879	121.0414	1.84758	0.9263475	0.938957	0.061043	0.935963
6042	-1184.676	-1305.083	120.4068	1.92263	1.497739	0.931423	0.0685767	0.9975092
6048	-1176.063	-1296.47	120.4071	1.981632	1.625399	0.881382	0.118618	0.8312547
6054	-1172.145	-1292.259	120.1144	2.062812	2.023802	0.944165	0.0558349	0.7778737
6060	-1171.527	-1291.896	120.3684	2.119352	1.651242	0.89421	0.10579	0.649413
6066	-1173.411	-1293.545	120.1337	2.093284	2.028885	0.962488	0.0375118	0.6957399
6072	-1170.817	-1291.403	120.5855	1.902474	1.543843	0.85361	0.14639	0.775756
6078	-1176.694	-1296.518	119.8235	1.84138	2.085106	0.954339	0.0456606	1.256027
6084	-1178.928	-1298.287	119.3589	1.44905	3.048551	0.919195	0.0808051	1.558552
6090	-1178.013	-1296.979	118.9659	1.392859	3.048551	0.865278	0.134722	1.875778
6096	-1172.807	-1292.068	119.2612	1.419311	1.871941	0.884622	0.115378	2.058223
6102	-1177.126	-1297.358	120.232	1.522908	1.22973	0.930999	0.0690007	1.639221
6108	-1170.09	-1289.418	119.3284	1.398029	1.806864	0.921483	0.0785173	2.054833
6114	-1175.246	-1294.348	119.1029	1.381303	2.029817	0.83503	0.16497	2.125153
6120	-1172.806	-1291.845	119.039	1.23777	2.029817	0.90178	0.0982195	2.2595
6126	-1165.089	-1283.684	118.5945	1.454528	2.625771	0.92136	0.0786396	2.205702
6132	-1183.642	-1303.097	119.4555	1.525369	2.360977	0.878224	0.121776	1.664186
6138	-1180.663	-1300.474	119.8112	1.280185	2.153934	0.80794	0.19206	1.664186
6144	-1171.963	-1291.53	119.5672	1.433744	1.485016	0.842513	0.157487	2.018949
6150	-1177.384	-1297.578	120.194	1.621983	1.381637	0.840676	0.159324	1.503286
6156	-1174.892	-1294.859	119.9671	1.609356	2.626837	0.823419	0.176581	1.088736
6162	-1181.02	-1300.363	119.3435	1.761402	2.626837	0.851705	0.148295	1.476981
6168	-1174.4	-1294.151	119.7509	1.697852	2.626837	0.883775	0.116225	1.202108
6174	-1177.943	-1298.493	120.5501	1.592584	1.40853	0.972329	0.0276708	1.228635
6180	-1180.744	-1300.468	119.7247	1.597643	1.86776	0.9022	0.0978	1.618412
6186	-1184.856	-1304.729	119.8724	1.596814	1.762833	0.84406	0.15594	1.559742
6192	-1182.574	-1302.753	120.1793	1.487323	1.106078	0.939475	0.0605253	1.779443
6198	-1182.752	-1303.027	120.2749	1.380046	1.389317	0.859414	0.140586	1.61739
6204	-1169.049	-1288.811	119.7615	1.450453	2.122406	0.967793	0.0322075	1.589781
6210	-1169.973	-1289.684	119.7108	1.713278	2.113358	0.928964	0.0710356	1.435057
6216	-1169.14	-1289.806	120.6657	1.67132	1.060855	0.856832	0.143168	1.313888
6222	-1180.68	-1300.819	120.1391	2.045013	1.862627	0.838508	0.161492	0.8902744
6228	-1174.932	-1295.138	120.2064	2.019623	1.862627	0.875889	0.124111	0.8406302
6234	-1171.019	-1291.331	120.3114	1.708748	1.59302	0.940437	0.0595627	1.217638
6240	-1182.22	-1302.572	120.3523	1.827035	1.673648	0.91898	0.0810195	1.02346
6246	-1176.167	-1296.496	120.329	1.991546	1.673648	0.928044	0.0719564	0.8738253
6252	-1171.432	-1291.509	120.0777	1.943677	2.242815	0.916974	0.083026	0.8227717
6258	-1172.302	-1292.046	119.7441	1.937464	2.793454	0.826309	0.173691	0.9057896
6264	-1173.339	-1293.605	120.2666	1.765534	2.096247	0.780277	0.219723	0.9057896
6270	-1175.251	-1295.554	120.3035	1.744135	2.158332	0.877075	0.122925	0.8473182
6276	-1178.312	-1298.565	120.253	1.760934	1.981774	0.936694	0.0633059	0.9947992
6282	-1180.593	-1300.256	119.6636	1.432399	2.392952	0.847991	0.152009	1.569038
6288	-1176.766	-1296.238	119.4728	1.494425	2.44983	0.814405	0.185595	1.641706
6294	-1181.126	-1301.362	120.2358	1.741642	2.254132	0.881792	0.118208	0.8691419
6300	-1178.747	-1298.35	119.6023	1.821675	3.259565	0.942769	0.0572306	0.9707283
6306	-1179.058	-1298.703	119.6448	1.648656	2.85395	0.884748	0.115252	1.24564
6312	-1181.846	-1301.364	119.5174	1.439756	1.584374	0.809464	0.190536	2.000423
6318	-1182.412	-1300.108	117.6956	1.205967	2.550969	0.830391	0.169609	2.941189
6324	-1173.409	-1291.881	118.4716	1.193849	1.78485	0.895901	0.104099	2.735427
6330	-1165.454	-1284.211	118.7567	1.33695	2.344084	0.858717	0.141283	2.266649
6336	-1182.999	-1300.719	117.7201	1.221092	3.109021	0.829953	0.170047	2.766199
6342	-1181.502	-1300.19	118.6877	1.719042	3.444912	0.818294	0.181706	1.733137
6348	-1193.428	-1312.081	118.653	1.426103	2.259956	0.805028	0.194972	2.304233
6354	-1176.546	-1295.679	119.1331	1.245196	1.750731	0.881213	0.118787	2.304233
6360	-1181.77	-1299.689	117.919	1.181439	2.00381	0.869298	0.130702	2.996396
6366	-1183.78	-1302.297	118.5173	1.270028	2.076504	0.862063	0.137937	2.551632
6372	-1202.54	-1321.642	119.1019	1.300923	2.444911	0.854544	0.145456	2.031716
6378	-1191.661	-1310.956	119.295	1.429735	2.267727	0.898932	0.101068	1.876773
6384	-1181.509	-1300.486	118.9774	1.42838	2.267727	0.884912	0.115088	2.090079
6390	-1173.741	-1293.417	119.6758	1.523056	1.642672	0.881748	0.118252	1.809046
6396	-1178.39	-1298.231	119.8408	1.460715	1.734848	0.813717	0.186283	1.693962
6402	-1182.377	-1302.245	119.8676	1.539879	1.89496	0.870639	0.129361	1.543916
6408	-1174.52	-1294.119	119.5984	1.688512	1.766334	0.893455	0.106545	1.689789
6414	-1172.583	-1291.154	118.5712	1.509585	2.687189	0.821568	0.178432	2.166449
6420	-1174.265	-1293.398	119.1324	1.857173	3.284658	0.869494	0.130506	1.346651
6426	-1176.431	-1296.16	119.7289	1.685186	1.922783	0.890551	0.109449	1.526431
6432	-1167.518	-1287.301	119.7838	1.713702	2.29181	0.826698	0.173302	1.300626
6438	-1175.835	-1296.377	120.5418	1.748036	1.575905	0.797202	0.202798	0.9805913
6444	-1181.754	-1302.316	120.5621	1.852283	1.575905	0.884678	0.115322	0.8422222
6450	-1180.105	-1300.464	120.3598	1.726555	1.575905	0.934623	0.0653774	1.171102
6456	-1181.988	-1302.255	120.2667	1.880527	1.780388	0.894077	0.105923	0.9855309
6462	-1177.428	-1298.114	120.686	1.7757	1.34068	0.923942	0.0760585	0.9855309
6468	-1185.284	-1305.601	120.3174	1.701802	1.539468	0.920504	0.0794955	1.250403
6474	-1172.395	-1292.904	120.5083	1.591753	1.430299	0.900727	0.099273	1.250403
6480	-1163.202	-1283.525	120.3236	1.787246	1.789896	0.898667	0.101333	1.015735
6486	-1172.879	-1293.32	120.441	1.655314	1.320673	0.925984	0.0740157	1.323825
6492	-1173.552	-1292.815	119.2629	1.341086	1.157803	0.927738	0.0722618	2.446361
6498	-1163.49	-1283.623	120.1331	1.412844	1.406794	0.93137	0.0686304	1.685844
6504	-1172.288	-1291.149	118.8617	1.207613	2.207048	0.903011	0.0969887	2.32862
6510	-1182.281	-1299.967	117.6863	1.253454	2.627999	0.939055	0.0609449	2.895953
6516	-1172.278	-1291.214	118.9364	1.297952	2.305239	0.831219	0.168781	2.189006
6522	-1181.197	-1300.294	119.0963	1.283485	3.109306	0.817671	0.182329	1.844138
6528	-1184.05	-1302.47	118.4206	1.390846	3.262769	0.835799	0.164201	2.18113
6534	-1183.882	-1302.93	119.0479	1.510416	3.262769	0.880634	0.119366	1.675957
6540	-1175.757	-1294.882	119.1244	1.220694	2.615702	0.902832	0.0971678	2.014807
6546	-1196.035	-1313.317	117.2813	1.25102	3.812241	0.760327	0.239673	2.852571
6552	-1188.765	-1307.896	119.1306	1.278646	3.01043	0.841873	0.158127	1.852286
6558	-1182.783	-1301.937	119.1547	1.441545	3.234764	0.869341	0.130659	1.656835
6564	-1172.098	-1291.041	118.9424	1.466556	2.798937	0.908259	0.0917411	1.915248
6570	-1174.142	-1293.746	119.6037	1.272473	2.568148	0.943077	0.056923	1.665413
6576	-1175.793	-1294.319	118.5258	1.217883	2.848035	0.857112	0.142888	2.33627
6582	-1179.758	-1298.871	119.1131	1.14824	2.367448	0.84302	0.15698	2.150511
6588	-1172.098	-1291.812	119.714	1.297308	1.325888	0.849211	0.150789	2.093358
6594	-1172.19	-1291.277	119.0868	1.374816	2.148349	0.880586	0.119414	2.095906
6600	-1175.357	-1295.649	120.292	1.345967	1.022654	0.966299	0.0337013	1.854155
6606	-1174.328	-1293.877	119.5492	1.497379	1.969061	0.851781	0.148219	1.77053
6612	-1189.972	-1310.11	120.1382	1.812318	2.251306	0.889992	0.110008	0.9017732
6618	-1188.163	-1307.655	119.4919	1.703088	3.404599	0.858862	0.141138	1.135148
6624	-1185.602	-1305.574	119.9723	1.5151	2.23266	0.81352	0.18648	1.33414
6630	-1186.706	-1306.806	120.101	1.867006	1.991109	0.865842	0.134158	1.03474
6636	-1174.87	-1295.272	120.4023	1.945905	1.736554	0.846312	0.153688	0.7864468
6642	-1185.367	-1306.031	120.6636	1.957867	1.440024	0.914854	0.0851462	0.6853431
6648	-1185.296	-1305.486	120.1894	2.051537	1.977511	0.932981	0.0670191	0.7230049
6654	-1171.027	-1291.379	120.3524	1.901207	1.977511	0.924408	0.0755917	0.7018648
6660	-1163.763	-1284.024	120.2609	1.589716	1.459434	0.864418	0.135582	1.431864
6666	-1170.132	-1290.343	120.2105	1.485314	1.704414	0.901453	0.0985468	1.417962
6672	-1170.489	-1290.669	120.1801	1.6886	1.951949	0.953846	0.0461541	1.147832
6678	-1171.485	-1292.243	120.758	1.922465	1.252704	0.915465	0.0845355	0.8208675
6684	-1174.661	-1294.069	119.4079	1.663795	2.475038	0.857164	0.142836	1.556574
6690	-1172.185	-1292.08	119.8943	1.635219	2.070648	0.935133	0.064867	1.371911
6696	-1185.587	-1304.094	118.5074	1.448528	4.795889	0.851788	0.148212	1.735918
6702	-1184.091	-1301.424	117.3332	0.9347245	1.640211	0.825512	0.174488	3.622539
6708	-1178.928	-1297.713	118.7852	1.327393	2.400042	0.921999	0.0780005	2.236046
6714	-1197.074	-1316.652	119.5774	1.57634	1.974853	0.809832	0.190168	1.692746
6720	-1191.369	-1311.023	119.6538	1.771572	1.655215	0.897039	0.102961	1.643519
6726	-1180.796	-1301.215	120.4184	1.838965	1.400019	0.85667	0.14333	1.134916
6732	-1163.553	-1284.323	120.7695	1.456998	1.047274	0.848167	0.151833	1.41148
6738	-1160.506	-1280.152	119.6455	1.631653	2.340625	0.917812	0.0821877	1.453696
6744	-1173.923	-1294.296	120.3726	1.686144	1.492242	0.809288	0.190712	1.24609
6750	-1169.893	-1290.494	120.6017	1.554092	1.593268	0.884675	0.115325	1.098069
6756	-1166.649	-1286.467	119.818	1.783941	2.55224	0.823084	0.176916	1.098069
6762	-1176.394	-1296.238	119.8435	1.845416	2.808341	0.872608	0.127392	0.8898836
6768	-1180.485	-1300.632	120.1467	1.887587	1.946495	0.904478	0.0955215	0.9954912
6774	-1176.894	-1296.73	119.8358	1.884018	2.532241	0.858731	0.141269	0.9944071
6780	-1177.838	-1298.042	120.2038	1.959104	2.14593	0.83535	0.16465	0.6914444
6786	-1174.564	-1294.4	119.8352	1.897751	2.995254	0.878508	0.121492	0.723857
6792	-1170.207	-1289.901	119.6937	1.877152	2.8351	0.883674	0.116326	1.002568
6798	-1163.333	-1283.228	119.8952	1.736709	2.497526	0.876332	0.123668	1.095066
6804	-1177.431	-1297.336	119.9057	1.789718	2.478149	0.956622	0.043378	1.044388
6810	-1173.852	-1294.116	120.2648	1.960098	1.879036	0.859486	0.140514	0.829454
6816	-1172.396	-1292.984	120.5882	1.964388	1.378796	0.843038	0.156962	0.8525018
6822	-1168.708	-1289.291	120.5831	1.964388	1.385342	0.866938	0.133062	0.8525018
6828	-1168.325	-1288.525	120.2	1.744278	1.842857	0.853187	0.146813	1.139961
6834	-1169.561	-1288.55	118.9894	1.437451	1.42562	0.790157	0.209843	2.418646
6840	-1173.673	-1292.675	119.0015	1.385523	2.368885	0.849106	0.150894	2.0676
6846	-1179.334	-1298.029	118.6955	1.320539	2.368885	0.799349	0.200651	2.308161
6852	-1179.144	-1296.611	117.4666	1.476304	2.393676	0.851387	0.148613	2.963291
6858	-1170.768	-1289.786	119.0185	1.635129	1.874717	0.911348	0.0886518	2.074872
6864	-1163.015	-1283.331	120.3161	1.658607	1.132173	0.813411	0.186589	1.541714
6870	-1168.127	-1288.177	120.0499	1.664857	1.509241	0.92705	0.0729505	1.506899
6876	-1176.603	-1296.763	120.1601	1.822522	1.175449	0.848365	0.151635	1.506899
6882	-1178.957	-1299.336	120.3787	1.519617	1.276277	0.924547	0.0754533	1.505252
6888	-1174.706	-1293.734	119.0287	1.387249	2.348512	0.879054	0.120946	2.05543
6894	-1171.721	-1291.351	119.6304	1.278684	1.535483	0.755795	0.244205	2.05543
6900	-1170.874	-1290.844	119.9696	1.503671	2.541274	0.904638	0.0953616	1.216177
6906	-1170.603	-1291.451	120.8476	1.713723	1.015892	0.861481	0.138519	1.162241
6912	-1181.283	-1301.304	120.0206	1.73054	1.845364	0.785878	0.214122	1.302385
6918	-1175.87	-1296.023	120.1529	1.787028	1.561896	0.82542	0.17458	1.302385
6924	-1169.461	-1289.09	119.6295	1.536819	1.943069	0.862745	0.137255	1.697255
6930	-1171.681	-1291.736	120.0549	1.399958	1.689134	0.79918	0.20082	1.605703
6936	-1180.86	-1300.258	119.3977	1.77711	2.234794	0.835532	0.164468	1.571889
6942	-1182.422	-1302.757	120.3346	1.574978	1.381038	0.930285	0.0697155	1.432661
6948	-1168.668	-1289.019	120.3511	1.642714	1.415321	0.878403	0.121597	1.346152
6954	-1167.093	-1287.619	120.5256	1.590187	1.26316	0.851154	0.148846	1.346152
6960	-1168.284	-1288.013	119.7293	1.659241	2.547874	0.869456	0.130544	1.284078
6966	-1165.412	-1285.411	119.9993	1.725233	1.953973	0.865972	0.134028	1.269872
6972	-1165.187	-1285.466	120.279	1.728217	1.493558	0.799648	0.200352	1.287877
6978	-1169.251	-1289.686	120.4355	1.637377	1.644044	0.909264	0.0907356	1.141256
6984	-1170.529	-1290.887	120.358	1.847342	1.514181	0.913572	0.0864276	1.104441
6990	-1178.114	-1297.289	119.1744	1.503994	2.010355	0.823667	0.176333	2.004532
6996	-1179.498	-1298.874	119.3758	1.463073	2.084077	0.881243	0.118757	1.867706
7002	-1181.129	-1301.442	120.3129	2.114056	1.749312	0.97179	0.0282097	0.6392483
7008	-1179.742	-1300.381	120.639	2.106238	1.290121	0.773208	0.226792	0.67533
7014	-1180.173	-1300.244	120.0713	2.088963	2.075569	0.853906	0.146094	0.7595814
7020	-1170.098	-1290.701	120.603	1.959959	1.404175	0.881995	0.118005	0.814841
7026	-1168.873	-1289.336	120.4629	1.886993	1.70166	0.972527	0.027473	0.814841
7032	-1173.916	-1294.268	120.3517	1.773682	2.104544	0.833855	0.166145	0.7856868
7038	-1185.048	-1305.314	120.266	1.972952	1.858669	0.982862	0.0171384	0.8276468
7044	-1182.009	-1302.062	120.0532	1.859105	2.054991	0.901218	0.0987817	1.052468
7050	-1166.362	-1286.051	119.6888	1.578361	2.424519	0.904593	0.095407	1.428578
7056	-1175.346	-1294.693	119.3469	1.497988	3.014798	0.868633	0.131367	1.541758
7062	-1178.125	-1297.642	119.517	1.676986	2.524347	0.799236	0.200764	1.446725
7068	-1175.32	-1294.348	119.028	1.359254	2.561931	0.902175	0.0978251	2.003818
7074	-1177.838	-1297.7	119.862	1.246279	1.705185	0.804508	0.195492	1.842374
7080	-1176.962	-1295.852	118.8905	1.160223	2.239959	0.796904	0.203096	2.329169
7086	-1181.537	-1301.499	119.9622	1.465416	1.373934	0.874796	0.125204	1.786903
7092	-1177.572	-1297.337	119.7654	1.445479	1.839228	0.851119	0.148881	1.710809
7098	-1183.599	-1303.592	119.9924	1.618188	1.28191	0.877005	0.122995	1.710809
7104	-1181.635	-1301.924	120.2887	1.72541	1.73032	0.872212	0.127788	1.142001
7110	-1175.609	-1295.367	119.7571	1.613653	2.952804	0.913144	0.0868564	1.142001
7116	-1172.558	-1292.95	120.3917	1.600534	1.636686	0.895253	0.104747	1.215607
7122	-1169.844	-1289.759	119.9157	1.49672	2.205712	0.915761	0.0842391	1.404668
7128	-1179.866	-1300.253	120.387	1.690299	1.519341	0.825543	0.174457	1.213779
7134	-1170.086	-1289.497	119.4114	1.403136	1.658246	0.883096	0.116904	2.061155
7140	-1175.503	-1294.884	119.3808	1.350392	1.784498	0.893029	0.106971	2.061155
7146	-1179.84	-1299.614	119.7742	1.2866	1.572266	0.915339	0.0846609	1.936647
7152	-1179.254	-1299.108	119.8534	1.274251	1.088548	0.889674	0.110326	2.152169
7158	-1176.641	-1296.314	119.6725	1.276525	1.466891	0.918949	0.0810514	2.062255
7164	-1185.824	-1306.079	120.2553	1.267185	0.9475965	0.898041	0.101959	1.983606
7170	-1181.589	-1301.743	120.1533	1.442021	1.246176	0.826272	0.173728	1.742568
7176	-1185.057	-1304.906	119.8492	1.442021	2.040506	0.880674	0.119326	1.565882
7182	-1178.608	-1298.263	119.6546	1.512972	2.040506	0.775435	0.224565	1.655489
7188	-1182.478	-1302.302	119.8238	1.513659	1.267679	0.864413	0.135587	1.907784
7194	-1180.555	-1300.12	119.5645	1.401101	1.82118	0.872792	0.127208	1.888539
7200	-1183.343	-1303.312	119.969	1.495183	2.009138	0.85162	0.14838	1.450037
7206	-1187.098	-1306.617	119.5192	1.852142	3.077075	0.892676	0.107324	1.093836
7212	-1179.095	-1298.423	119.3274	1.504226	3.077075	0.817721	0.182279	1.53221
7218	-1189.184	-1307.918	118.7345	1.257345	3.00411	0.902406	0.0975938	2.132817
7224	-1168.262	-1287.452	119.1895	1.399305	2.36075	0.821544	0.178456	1.9359
7230	-1168.073	-1287.088	119.0155	1.399305	2.489779	0.883924	0.116076	2.008895
7236	-1169.327	-1288.399	119.0719	1.302018	1.666656	0.964194	0.0358064	2.342587
7242	-1166.994	-1285.191	118.1971	1.250119	1.860284	0.929281	0.0707187	2.839365
7248	-1176.906	-1296.016	119.1092	1.239966	1.887578	0.898254	0.101746	2.267531
7254	-1176.044	-1296.132	120.0872	1.859902	1.865204	0.867159	0.132841	1.125009
7260	-1183.352	-1303.124	119.7717	1.544403	2.0938	0.928837	0.071163	1.524938
7266	-1164.679	-1285.112	120.4325	1.541989	1.55579	0.925916	0.0740844	1.277715
7272	-1174.776	-1295.081	120.3054	2.150889	1.72651	0.857777	0.142223	0.6021728
7278	-1173.576	-1293.755	120.1792	2.023194	2.147618	0.853153	0.146847	0.6018126
7284	-1173.745	-1293.9	120.1549	2.253595	1.828413	0.843716	0.156284	0.4816379
7290	-1170.82	-1290.514	119.6943	2.400716	2.316026	0.786123	0.213877	0.3790449
7296	-1170.14	-1290.132	119.9921	2.447197	1.734138	0.862897	0.137103	0.3866419
7302	-1165.758	-1286.08	120.3212	1.786249	1.740999	0.905595	0.0944055	1.049715
7308	-1169.559	-1290.542	120.9834	1.997381	0.9497254	0.927985	0.0720149	0.7981053
7314	-1178.322	-1298.848	120.5258	2.112644	1.468175	0.892509	0.107491	0.5984915
7320	-1181.907	-1302.463	120.5558	2.112644	1.428461	0.859712	0.140288	0.5984915
7326	-1186.595	-1307.158	120.5621	2.022263	1.54214	0.911067	0.0889335	0.5984915
7332	-1187.799	-1308.218	120.4186	1.731994	1.489544	0.847259	0.152741	1.169477
7338	-1193.166	-1313.223	120.0571	1.696542	1.718566	0.891221	0.108779	1.365494
7344	-1189.304	-1309.254	119.9495	1.637124	1.517441	0.788409	0.211591	1.596989
7350	-1175.364	-1296.053	120.6889	1.687425	1.051077	0.895482	0.104518	1.289568
7356	-1174.81	-1294.811	120.001	1.532371	2.089627	0.887385	0.112615	1.36038
7362	-1183.959	-1304.176	120.2171	1.688779	1.508672	0.816961	0.183039	1.36038
7368	-1180.565	-1301.017	120.4518	1.796471	1.714255	0.950949	0.0490507	0.9247549
7374	-1171.391	-1292.183	120.7925	1.826639	1.371766	0.848091	0.151909	0.773159
7380	-1165.845	-1285.644	119.7992	1.862321	2.68782	0.914075	0.0859253	0.9785689
7386	-1168.568	-1288.455	119.8874	1.728258	2.855738	0.875054	0.124946	0.947159
7392	-1165.244	-1285.405	120.161	1.8028	1.661655	0.900421	0.0995786	1.225274
7398	-1167.761	-1288.219	120.4577	1.661911	1.443993	0.927575	0.0724248	1.225274
7404	-1167.96	-1288.71	120.7496	1.550608	1.086261	0.873969	0.126031	1.324126
7410	-1170.637	-1291.147	120.5097	1.707673	1.204179	0.805884	0.194116	1.30496
7416	-1177.258	-1297.3	120.0423	1.691282	2.504513	0.836219	0.163781	0.9941762
7422	-1181.359	-1302.255	120.8954	1.779819	1.231853	0.899255	0.100745	0.8495403
7428	-1171.762	-1291.922	120.1594	1.842102	1.874135	0.868746	0.131254	1.069912
7434	-1168.171	-1288.585	120.4136	1.937998	1.502063	0.862787	0.137213	0.9716937
7440	-1177.618	-1297.882	120.2637	1.937285	2.045756	0.874255	0.125745	0.7231997
7446	-1177.164	-1296.646	119.4819	1.753161	2.830912	0.869561	0.130439	1.302157
7452	-1172.91	-1292.188	119.2781	1.35215	2.384504	0.949408	0.0505916	1.899668
7458	-1171.78	-1289.468	117.6878	1.196173	3.696319	0.891692	0.108308	2.662851
7464	-1173.225	-1290.948	117.7229	1.196173	2.925716	0.906968	0.0930318	2.826894
7470	-1182.91	-1299.311	116.4013	1.066451	2.794249	0.821763	0.178237	3.718667
7476	-1177.352	-1295.87	118.5187	1.135178	2.800421	0.896325	0.103675	2.406664
7482	-1185.447	-1304.395	118.9481	1.296142	2.246295	0.859555	0.140445	2.202782
7488	-1178.068	-1297.263	119.1945	1.39355	1.672461	0.928182	0.0718178	2.202782
7494	-1176.857	-1296.201	119.3444	1.275744	1.414396	0.868286	0.131714	2.30147
7500	-1175.303	-1295.419	120.1155	1.581053	1.234529	0.91447	0.0855302	1.678039
7506	-1165.125	-1284.606	119.4817	1.390092	1.434175	0.877411	0.122589	2.129196
7512	-1175.165	-1294.06	118.8942	1.418864	1.948364	0.931956	0.0680437	2.267029
7518	-1170.478	-1289.503	119.0244	1.4324	2.105952	0.962363	0.0376371	2.114632
7524	-1170.18	-1289.309	119.1286	1.380629	1.957606	0.932715	0.0672847	2.136528
7530	-1169.72	-1288.503	118.7833	1.388129	1.957606	0.908435	0.0915653	2.353862
7536	-1179.447	-1298.113	118.6663	1.388129	1.551505	0.807652	0.192348	2.593225
7542	-1176.124	-1295.5	119.3752	1.495748	2.733648	0.914139	0.0858613	1.613289
7548	-1171.173	-1290.575	119.4012	1.358059	1.741574	0.874488	0.125512	2.060939
7554	-1175.281	-1294.333	119.0514	1.248371	2.808614	0.819254	0.180746	1.985778
7560	-1167.179	-1286.447	119.2673	1.296037	2.154441	0.877629	0.122371	2.026576
7566	-1172.217	-1291.816	119.5992	1.321185	1.233642	0.797651	0.202349	2.202486
7572	-1173.998	-1293.334	119.3362	1.318468	1.254329	0.850895	0.149105	2.36141
7578	-1170.885	-1290.732	119.8467	1.463303	1.549625	0.891541	0.108459	1.77713
7584	-1192.596	-1313.567	120.9712	1.621406	0.7199984	0.908496	0.0915036	1.407859
7590	-1184.119	-1304.66	120.541	1.614938	1.127388	0.861724	0.138276	1.407859
7596	-1169.404	-1290.086	120.6816	1.611196	1.093329	0.764325	0.235675	1.324732
7602	-1172.992	-1293.378	120.3856	1.738582	1.608687	0.838489	0.161511	1.117019
7608	-1169.795	-1289.31	119.5143	1.613565	2.360539	0.835724	0.164276	1.557813
7614	-1167.756	-1287.785	120.0298	1.590824	1.615684	0.878182	0.121818	1.520602
7620	-1163.739	-1283.455	119.7158	1.714892	2.140865	0.818276	0.181724	1.418141
7626	-1160.881	-1280.43	119.5484	1.646762	2.112218	0.89705	0.10295	1.606142
7632	-1166.471	-1286.668	120.1976	1.632462	1.77775	0.92188	0.07812	1.272897
7638	-1178.085	-1298.406	120.3212	1.506561	1.581034	0.879865	0.120135	1.380968
7644	-1172.551	-1289.811	117.2598	1.100134	1.856133	0.788536	0.211464	3.487053
7650	-1169.754	-1286.921	117.1669	1.088058	2.030991	0.839292	0.160708	3.487053
7656	-1178.921	-1297.782	118.8612	1.432438	2.661125	0.817623	0.182377	2.034747
7662	-1177.313	-1296.837	119.5236	1.348999	1.686473	0.87824	0.12176	2.009981
7668	-1184.374	-1303.5	119.1262	1.428934	1.88673	0.829778	0.170222	2.134622
7674	-1183.748	-1302.36	118.6121	1.334472	1.968219	0.817008	0.182992	2.491605
7680	-1179.841	-1299.587	119.7459	1.778273	1.668563	0.770315	0.229685	1.565209
7686	-1175.491	-1295.667	120.176	1.869597	1.880171	0.881191	0.118809	1.024209
7692	-1163.261	-1283.233	119.9725	1.777961	2.156879	0.850453	0.149547	1.148293
7698	-1177.631	-1297.319	119.6872	1.830893	2.606254	0.786782	0.213218	1.150316
7704	-1165.145	-1284.758	119.6131	1.832728	2.606254	0.83509	0.16491	1.212952
7710	-1164.96	-1285.123	120.1627	1.832728	2.098898	0.923915	0.0760848	0.9440585
7716	-1165.862	-1285.91	120.0479	1.832728	2.212317	0.896031	0.103969	0.9977806
7722	-1169.677	-1290.311	120.6345	1.954934	1.388775	0.810673	0.189327	0.7956554
7728	-1166.18	-1287.197	121.0167	1.894106	1.007411	0.792448	0.207552	0.8131132
7734	-1177.72	-1297.852	120.132	1.924548	2.027111	0.877258	0.122742	0.9224796
7740	-1180.363	-1300.222	119.8593	1.875254	2.850757	0.859386	0.140614	0.8116388
7746	-1176.05	-1295.539	119.4893	1.542999	3.219902	0.830423	0.169577	1.333099
7752	-1173.232	-1293.427	120.195	1.749793	1.382354	0.967864	0.0321359	1.404707
7758	-1166.565	-1287.16	120.5947	2.083343	1.39539	0.895531	0.104469	0.6398162
7764	-1165.829	-1286.137	120.3076	1.936121	1.653542	0.905053	0.0949468	0.972619
7770	-1172.452	-1293.013	120.5618	1.846859	1.284762	0.73908	0.26092	1.081109
7776	-1173.32	-1293.34	120.0205	1.810528	2.270112	0.768111	0.231889	1.016247
7782	-1172.745	-1292.818	120.073	1.593526	2.454655	0.873384	0.126616	1.082687
7788	-1174.309	-1294.269	119.9605	1.688681	1.59932	0.831574	0.168426	1.507792
7794	-1167.601	-1287.63	120.029	1.620178	1.59932	0.861709	0.138291	1.507792
7800	-1170.586	-1290.117	119.5304	1.532246	2.18795	0.78872	0.21128	1.671321
7806	-1167.607	-1287.629	120.0222	1.547174	1.9182	0.866103	0.133897	1.410783
7812	-1169.109	-1288.413	119.3036	1.499668	2.298566	0.751397	0.248603	1.811718
7818	-1177.305	-1295.77	118.4649	1.207907	1.520637	0.87556	0.12444	2.840706
7824	-1172.193	-1291.406	119.2128	1.265323	1.698636	0.957199	0.0428013	2.262329
7830	-1173.401	-1291.261	117.8599	1.200673	2.473558	0.903082	0.0969176	2.868089
7836	-1176.977	-1296.36	119.3829	1.594286	2.473558	0.915501	0.0844992	1.626043
7842	-1178.52	-1297.932	119.4121	1.738193	2.691289	0.807573	0.192427	1.419329
7848	-1178.068	-1298.345	120.2766	1.647034	1.385296	0.95719	0.0428096	1.419329
7854	-1186.262	-1305.518	119.2558	1.585609	3.42706	0.931885	0.0681146	1.419329
7860	-1188.562	-1308.263	119.7006	1.254733	1.334485	0.904845	0.0951551	2.125482
7866	-1176.281	-1296.286	120.0053	1.675669	1.522327	0.931085	0.068915	1.524963
7872	-1185.514	-1305.655	120.1411	1.688785	1.838868	0.884344	0.115656	1.240826
7878	-1178.2	-1298.316	120.1157	1.646767	1.676544	0.863514	0.136486	1.380595
7884	-1183.552	-1303.68	120.1285	1.633672	1.730783	0.851941	0.148059	1.352412
7890	-1183.669	-1303.545	119.8763	1.779898	1.953277	0.938484	0.0615156	1.32579
7896	-1182.421	-1302.232	119.8111	1.56033	1.966565	0.843361	0.156639	1.538641
7902	-1171.021	-1290.847	119.8264	1.601356	1.966565	0.862621	0.137379	1.49662
7908	-1173.555	-1293.609	120.054	1.602801	1.868228	0.922584	0.077416	1.366396
7914	-1170.851	-1290.814	119.9633	1.275521	1.650559	0.929038	0.0709616	1.777574
7920	-1182.026	-1301.879	119.8528	1.59153	2.074716	0.895062	0.104938	1.436329
7926	-1190.361	-1309.218	118.8567	1.359762	2.03124	0.868729	0.131271	2.297626
7932	-1188.36	-1307.834	119.4735	1.445921	2.275402	0.795686	0.204314	1.73934
7938	-1188.147	-1307.86	119.7129	1.406254	1.977543	0.86912	0.13088	1.716109
7944	-1178.885	-1299.203	120.3178	1.678734	1.955881	0.940542	0.0594576	1.027254
7950	-1178.961	-1299.479	120.5179	1.77642	1.504543	0.971555	0.0284455	1.027254
7956	-1182.549	-1302.864	120.3142	1.580136	1.504543	0.929475	0.0705245	1.37187
7962	-1177.787	-1298.254	120.4669	1.51301	1.073434	0.947192	0.0528084	1.578009
7968	-1163.477	-1283.328	119.8506	1.57134	1.686635	0.90997	0.0900302	1.630759
7974	-1170.878	-1290.881	120.0037	1.548217	1.441145	0.946867	0.0531329	1.662922
7980	-1171.236	-1291.005	119.7689	1.4087	1.404249	0.903532	0.0964677	1.941637
7986	-1176.748	-1295.976	119.2271	1.473519	1.819378	0.902726	0.0972741	2.066636
7992	-1180.968	-1300.516	119.5472	1.495967	1.819378	0.833027	0.166973	1.836262
7998	-1172.959	-1292.906	119.9467	1.520179	1.64638	0.878599	0.121401	1.617927
8004	-1181.587	-1301.208	119.6209	1.50466	2.145605	0.951866	0.0481335	1.642937
8010	-1184.236	-1302.891	118.655	1.336728	3.082186	0.909709	0.0902907	2.111473
8016	-1193.463	-1312.286	118.8222	1.293809	1.531517	0.901423	0.0985769	2.56393
8022	-1169.714	-1288.54	118.8262	1.423817	1.336053	0.929686	0.0703144	2.573076
8028	-1178.865	-1298.905	120.0397	1.646283	1.982526	0.949642	0.0503583	1.28752
8034	-1177.281	-1297.651	120.3698	1.82564	1.85169	0.779945	0.220055	0.8851862
8040	-1172.062	-1292.37	120.3088	1.723324	1.788508	0.791045	0.208955	1.091554
8046	-1179.82	-1299.996	120.1763	1.770382	1.788508	0.846693	0.153307	1.168258
8052	-1180.448	-1299.991	119.5427	1.779542	2.467433	0.920156	0.0798442	1.368975
8058	-1163.179	-1283.02	119.841	1.432386	1.456551	0.814547	0.185453	1.849518
8064	-1182.381	-1301.858	119.4778	1.496211	1.800091	0.915769	0.0842311	1.891915
8070	-1170.371	-1289.764	119.3923	1.511612	1.968586	0.902977	0.0970226	1.869061
8076	-1177.214	-1297.087	119.8733	1.55146	1.242999	0.883448	0.116552	1.862506
8082	-1175.441	-1293.859	118.4184	1.587622	2.661025	0.93996	0.0600396	2.22278
8088	-1175.096	-1293.53	118.4342	1.571773	2.661025	0.885411	0.114589	2.22278
8094	-1169.584	-1288.875	119.2919	1.654783	1.843229	0.931734	0.0682659	1.892
8100	-1177.257	-1295.877	118.6198	1.650828	1.715517	0.977637	0.0223634	2.387326
8106	-1172.446	-1292.168	119.7216	1.47236	1.772617	0.883215	0.116785	1.752448
8112	-1172.261	-1290.619	118.358	1.348545	1.617093	0.969173	0.030827	2.778579
8118	-1175.78	-1295.255	119.4749	1.60197	1.744919	0.815875	0.184125	1.845957
8124	-1179.888	-1298.523	118.636	1.45593	1.89459	0.802008	0.197992	2.428247
8130	-1180.833	-1300.747	119.9134	1.427878	1.708532	0.84102	0.15898	1.678046
8136	-1178.075	-1296.323	118.2479	1.449569	2.464147	0.920649	0.0793508	2.479103
8142	-1178.408	-1297.132	118.7231	1.444288	2.558347	0.882893	0.117107	2.149809
8148	-1177.068	-1296.893	119.8247	1.558912	2.177404	0.765087	0.234913	1.438802
8154	-1183.677	-1303.522	119.845	1.777507	2.192006	0.889634	0.110366	1.24174
8160	-1179.715	-1299.01	119.2941	1.665442	3.706849	0.802281	0.197719	1.24174
8166	-1182.843	-1302.177	119.3341	1.769699	2.823781	0.929663	0.0703368	1.408701
8172	-1189.547	-1309.691	120.1437	1.998717	2.249788	0.813372	0.186628	0.6143011
8178	-1184.322	-1304.663	120.341	1.95148	2.012202	0.879801	0.120199	0.5530194
8184	-1186.447	-1305.782	119.3356	1.884988	2.950101	0.85248	0.14752	1.271325
8190	-1180.874	-1299.723	118.8488	1.469489	2.546958	0.79707	0.20293	2.054419
8196	-1179.372	-1298.829	119.4572	1.568926	2.956208	0.890216	0.109784	1.423912
8202	-1178.655	-1297.51	118.8549	1.356722	2.812847	0.883723	0.116277	2.043086
8208	-1182.836	-1301.441	118.6054	1.24056	2.604143	0.816931	0.183069	2.342417
8214	-1177.104	-1296.42	119.3156	1.419958	2.283781	0.789638	0.210362	1.86357
8220	-1174.154	-1293.182	119.0287	1.549899	3.230992	0.911314	0.0886859	1.670562
8226	-1168.901	-1288.316	119.4158	1.49598	2.598831	0.908697	0.0913025	1.6293
8232	-1170.855	-1289.861	119.0057	1.212035	2.477491	0.863228	0.136772	2.142712
8238	-1193.464	-1312.398	118.9342	1.297035	2.086633	0.860015	0.139985	2.267866
8244	-1183.281	-1303.246	119.9651	1.538019	1.952297	0.875798	0.124202	1.445974
8250	-1182.159	-1303.002	120.8432	1.849871	1.232327	0.858602	0.141398	0.8268911
8256	-1168.861	-1289.309	120.4472	1.934718	1.640261	0.859351	0.140649	0.8268911
8262	-1185.022	-1305.187	120.1647	2.14938	1.98037	0.876157	0.123843	0.4662389
8268	-1172.165	-1292.255	120.0895	2.040061	2.305836	0.935056	0.0649443	0.5562737
8274	-1173.71	-1294.395	120.6848	1.82975	1.461963	0.871759	0.128241	0.8205315
8280	-1168.291	-1288.856	120.5649	1.836601	1.633339	0.929336	0.070664	0.8077676
8286	-1174.283	-1294.765	120.4815	1.931521	1.633339	0.89037	0.10963	0.7924269
8292	-1165.068	-1285.855	120.7874	1.88078	1.263578	0.887554	0.112446	0.8249696
8298	-1169.113	-1290.196	121.0829	1.857684	0.9686801	0.850706	0.149294	0.8249696
8304	-1173.072	-1293.878	120.8059	1.823744	1.310192	0.897177	0.102823	0.8249696
8310	-1175.954	-1296.689	120.7349	1.852883	0.9910651	0.968494	0.0315057	1.160764
8316	-1180.679	-1301.409	120.73	1.676965	1.056661	0.834565	0.165435	1.25997
8322	-1177.841	-1297.812	119.9709	1.348807	1.292089	0.915118	0.0848817	1.906077
8328	-1176.134	-1294.855	118.7205	1.348807	1.366949	0.794342	0.205658	2.669528
8334	-1173.424	-1293.687	120.2627	1.578407	1.688112	0.796966	0.203034	1.311844
8340	-1177.633	-1296.805	119.1717	1.67908	2.055881	0.88045	0.11955	1.87055
8346	-1172.52	-1292.402	119.8814	1.654384	2.545226	0.903696	0.0963041	1.160545
8352	-1168.997	-1288.639	119.642	1.609584	2.141622	0.944523	0.0554774	1.552868
8358	-1161.79	-1282.133	120.3435	1.748434	1.341201	0.924398	0.0756023	1.314091
8364	-1171.658	-1292.04	120.3817	1.765789	1.273083	0.912843	0.087157	1.314091
8370	-1184.754	-1304.608	119.8546	1.575879	1.643989	0.884413	0.115587	1.645365
8376	-1172.396	-1292.45	120.054	1.586854	1.75351	0.867232	0.132768	1.435428
8382	-1175.745	-1296.145	120.4001	1.702766	1.614547	0.853391	0.146609	1.132561
8388	-1168.302	-1288.615	120.3136	1.920815	1.614547	0.95679	0.0432103	1.009036
8394	-1184.811	-1305.366	120.5548	1.82534	1.614547	0.957018	0.0429816	0.8510038
8400	-1172.175	-1292.746	120.5713	1.692816	1.35627	0.861955	0.138045	1.159302
8406	-1171.309	-1291.629	120.3195	1.700248	1.35627	0.889144	0.110856	1.362117
8412	-1175.585	-1295.583	119.9986	1.723959	1.603672	0.777715	0.222285	1.450046
8418	-1178.671	-1298.79	120.1193	1.506096	1.766226	0.843893	0.156107	1.440949
8424	-1168.149	-1287.637	119.4879	1.489568	1.568297	0.874286	0.125714	1.994419
8430	-1174.038	-1294.208	120.1702	1.658102	1.170418	0.812411	0.187589	1.623602
8436	-1171.607	-1291.408	119.8002	1.622408	1.371864	0.901779	0.098221	1.791499
8442	-1175.937	-1296.68	120.743	1.665331	1.063182	0.83657	0.16343	1.253587
8448	-1163.099	-1283.692	120.5928	1.562528	1.33402	0.914189	0.0858112	1.267027
8454	-1171.423	-1291.932	120.5091	1.587595	1.520979	0.928816	0.0711843	1.196225
8460	-1163.702	-1284.141	120.439	1.75419	1.520979	0.899475	0.100525	1.11102
8466	-1165.591	-1286.512	120.9206	1.792046	1.050615	0.890421	0.109579	0.9889205
8472	-1171.657	-1292.63	120.9727	1.728349	1.066724	0.849469	0.150531	0.9849614
8478	-1171.111	-1290.83	119.7184	1.447382	1.066724	0.936436	0.0635636	2.140768
8484	-1175.968	-1294.651	118.6836	1.229931	2.234524	0.845123	0.154877	2.417926
8490	-1169.477	-1289.036	119.559	1.312301	2.144906	0.844066	0.155934	1.821977
8496	-1180.658	-1300.494	119.8354	1.443215	2.05724	0.915822	0.0841785	1.568033
8502	-1184.444	-1304.134	119.6897	1.438838	2.064399	0.825442	0.174558	1.673621
8508	-1177.173	-1296.967	119.7937	1.501123	2.085736	0.762126	0.237874	1.544137
8514	-1178.853	-1298.789	119.9362	1.524944	1.808463	0.853627	0.146373	1.544137
8520	-1184.545	-1302.963	118.4175	1.346568	2.743705	0.82659	0.17341	2.353136
8526	-1188.367	-1308.495	120.1276	1.454919	2.21084	0.733003	0.266997	1.266422
8532	-1181.403	-1300.384	118.9806	1.515672	3.44114	0.855003	0.144997	1.670816
8538	-1177.15	-1295.098	117.9479	1.231755	2.749028	0.853959	0.146041	2.715843
8544	-1181.997	-1300.66	118.6626	1.403274	2.970443	0.819208	0.180792	2.093737
8550	-1178.378	-1298.246	119.8677	1.593571	1.938866	0.81555	0.18445	1.483864
8556	-1168.907	-1288.839	119.9317	1.778705	2.464316	0.783035	0.216965	1.036621
8562	-1180.21	-1300.708	120.4983	1.954183	1.515045	0.920638	0.0793617	0.8490563
8568	-1169.478	-1289.444	119.9658	1.836175	2.434389	0.809896	0.190104	0.9598446
8574	-1175.598	-1295.369	119.7706	1.836175	2.150229	0.864447	0.135553	1.273853
8580	-1172.685	-1292.903	120.2176	1.629165	1.765863	0.773627	0.226373	1.265434
8586	-1172.555	-1292.625	120.0694	1.709751	1.607585	0.864123	0.135877	1.404426
8592	-1172.311	-1292.761	120.45	2.050965	1.561002	0.78284	0.21716	0.7385823
8598	-1179.816	-1300.016	120.2002	1.975469	2.035038	0.857404	0.142596	0.7708122
8604	-1186.66	-1306.642	119.9827	2.070375	2.12164	0.800155	0.199845	0.8653321
8610	-1175.995	-1295.958	119.9636	2.225458	2.190457	0.903536	0.0964644	0.4392117
8616	-1174.503	-1294.539	120.0359	1.960992	2.519056	0.89837	0.10163	0.634285
8622	-1179.956	-1299.96	120.0038	2.092072	2.197344	0.900157	0.0998425	0.7544036
8628	-1178.679	-1299.048	120.369	1.956836	1.806013	0.901722	0.0982783	0.7544036
8634	-1184.406	-1304.731	120.3252	1.892222	2.108728	0.887963	0.112037	0.6204239
8640	-1174.257	-1294.864	120.6066	1.78508	1.65193	0.940078	0.059922	0.8039708
8646	-1180.391	-1300.92	120.5293	1.818163	1.636511	0.853507	0.146493	0.8719263
8652	-1177.801	-1298.399	120.5986	1.989538	1.342234	0.828032	0.171968	0.8444375
8658	-1174.188	-1294.721	120.5327	1.527649	1.261068	0.855793	0.144207	1.3912
8664	-1171.547	-1290.437	118.8895	1.452837	2.376162	0.888601	0.111399	2.094598
8670	-1176.391	-1296.773	120.3816	1.470887	1.000999	0.853813	0.146187	1.720069
8676	-1184.703	-1303.587	118.8846	1.408447	1.058776	0.899606	0.100394	2.696271
8682	-1171.974	-1290.739	118.7648	1.119767	1.451679	0.939887	0.0601129	2.742777
8688	-1183.257	-1300.923	117.6663	1.297371	2.355621	0.931915	0.0680854	2.962508
8694	-1168.724	-1288.037	119.3122	1.315236	2.039196	0.894803	0.105197	2.027251
8700	-1176.872	-1296.293	119.4208	1.271623	2.270008	0.914523	0.0854773	1.897899
8706	-1183.93	-1303.663	119.7337	1.444582	1.483292	0.870807	0.129193	1.900765
8712	-1176.514	-1295.239	118.7253	1.190567	1.931746	0.871787	0.128213	2.524408
8718	-1187.32	-1305.829	118.5092	1.254127	1.185522	0.871349	0.128651	2.947558
8724	-1173.229	-1292.097	118.8683	1.597944	1.311713	0.931725	0.0682747	2.450341
8730	-1183.815	-1302.779	118.9635	1.361224	2.237078	0.939294	0.0607059	2.153794
8736	-1174.631	-1293.79	119.1591	1.305498	1.988201	0.888194	0.111806	2.153794
8742	-1171.911	-1291.049	119.1379	1.472595	1.710153	0.787379	0.212621	2.171928
8748	-1180.963	-1299.748	118.7849	1.246768	2.599349	0.877068	0.122932	2.225013
8754	-1184.631	-1304.181	119.5507	1.445426	2.221547	0.886235	0.113765	1.705609
8760	-1175.206	-1294.954	119.7481	1.352746	2.034221	0.838474	0.161526	1.705609
8766	-1181.638	-1301.49	119.8516	1.464427	2.110082	0.829707	0.170293	1.518166
8772	-1171.552	-1291.252	119.7003	1.680507	1.997323	0.759206	0.240794	1.518166
8778	-1173.877	-1293.807	119.9304	1.81836	1.877477	0.837541	0.162459	1.288039
8784	-1182.044	-1302.485	120.4402	1.757069	0.973004	0.850887	0.149113	1.49004
8790	-1183.143	-1300.351	117.2083	1.477826	1.478715	0.914543	0.0854572	3.446048
8796	-1171.779	-1290.133	118.3538	1.280916	1.687996	0.917626	0.0823737	2.792936
8802	-1168.685	-1289.043	120.3588	1.425777	1.138196	0.955542	0.0444583	1.67567
8808	-1161.966	-1282.751	120.7846	1.731764	0.9957364	0.925305	0.0746948	1.218318
8814	-1168.132	-1288.635	120.5028	1.723345	1.258152	0.93768	0.06232	1.259973
8820	-1180.424	-1300.769	120.3447	1.723345	1.204797	0.96649	0.0335095	1.422487
8826	-1177.867	-1298.042	120.1755	1.605905	1.40931	0.939829	0.0601711	1.513079
8832	-1173.487	-1292.649	119.1619	1.502281	1.283061	0.900186	0.0998141	2.340167
8838	-1169.71	-1290.168	120.4576	1.585536	1.224232	0.945804	0.0541961	1.428744
8844	-1169.86	-1290.028	120.1674	1.585536	1.522795	0.861454	0.138546	1.470678
8850	-1170.054	-1290.064	120.0099	1.922579	2.191169	0.942321	0.0576795	0.9565092
8856	-1176.706	-1297.017	120.3113	1.922579	1.872282	0.928669	0.0713315	0.8233691
8862	-1172.634	-1292.302	119.6684	1.922579	2.548083	0.878857	0.121143	1.109998
8868	-1177.17	-1297.666	120.4962	1.877605	1.681911	0.820189	0.179811	0.8007689
8874	-1178.626	-1299.01	120.3833	1.852133	1.897913	0.949684	0.050316	0.8007689
8880	-1178.111	-1298.628	120.5163	1.986987	1.581159	0.864915	0.135085	0.7118052
8886	-1175.12	-1295.031	119.9107	1.773936	2.320398	0.784933	0.215067	1.12872
8892	-1172.635	-1292.025	119.3891	1.654338	2.069505	0.875432	0.124568	1.731776
8898	-1176.657	-1296.457	119.7998	1.689492	1.638823	0.886452	0.113548	1.605483
8904	-1166.865	-1286.58	119.7146	1.656891	2.292865	0.88426	0.11574	1.40027
8910	-1166.138	-1286.533	120.3958	1.871907	1.618843	0.930851	0.0691488	0.9724425
8916	-1163.391	-1283.485	120.094	1.804524	2.225342	0.923071	0.0769293	0.9724425
8922	-1168.506	-1288.531	120.0256	1.800766	2.029786	0.834343	0.165657	1.144789
8928	-1167.133	-1287.357	120.224	1.68248	1.691164	0.867295	0.132705	1.256695
8934	-1171.007	-1291.079	120.0713	1.831835	1.657529	0.887075	0.112925	1.278143
8940	-1186.459	-1306.408	119.9494	2.129128	2.383751	0.980085	0.0199154	0.5967726
8946	-1183.864	-1304.187	120.3231	2.146863	1.683443	0.771698	0.228302	0.6406735
8952	-1181.195	-1301.476	120.2806	2.145519	1.677647	0.825543	0.174457	0.7293446
8958	-1171.307	-1291.707	120.4	1.944305	1.721797	0.927122	0.0728783	0.8046448
8964	-1173.225	-1294.136	120.9106	2.112812	0.9713409	0.894792	0.105208	0.7001938
8970	-1181.365	-1302.483	121.1184	1.923761	0.8636227	0.804236	0.195764	0.8383304
8976	-1181.148	-1301.921	120.7728	2.062677	1.203163	0.936088	0.0639117	0.6405386
8982	-1171.535	-1291.435	119.8994	1.717485	2.050324	0.831683	0.168317	1.31162
8988	-1173.931	-1292.885	118.9545	1.388379	3.081351	0.831351	0.168649	1.877241
8994	-1171.25	-1291.411	120.1618	1.982212	2.095513	0.848188	0.151812	0.766615
9000	-1172.647	-1291.898	119.2502	1.713371	3.452405	0.876967	0.123033	1.315465
9006	-1178.226	-1297.666	119.4409	1.552878	3.525398	0.857414	0.142586	1.268425
9012	-1181.951	-1300.882	118.9309	1.553881	4.336914	0.952559	0.0474405	1.451393
9018	-1177.64	-1296.604	118.9643	1.209781	2.504063	0.817304	0.182696	2.162667
9024	-1183.096	-1301.594	118.4978	1.241663	1.775692	0.830726	0.169274	2.693672
9030	-1186.424	-1304.073	117.6484	1.095299	2.696038	0.882833	0.117167	2.994839
9036	-1177.283	-1296.322	119.039	1.236016	2.44151	0.916959	0.0830405	2.117022
9042	-1169.118	-1288.502	119.3844	1.271598	1.769198	0.977667	0.0223332	2.117022
9048	-1172.704	-1292.01	119.3057	1.271598	1.721285	0.85027	0.14973	2.188676
9054	-1170.361	-1290.786	120.4257	1.562464	1.431807	0.937647	0.0623535	1.340564
9060	-1191.442	-1309.294	117.8517	1.470166	5.127955	0.857548	0.142452	2.101698
9066	-1181.391	-1300.469	119.078	1.487696	4.71144	0.836356	0.163644	1.29806
9072	-1179.906	-1299.366	119.4602	1.762863	3.424177	0.781146	0.218854	1.103026
9078	-1181.017	-1300.503	119.486	1.618238	3.435272	0.804505	0.195495	1.204158
9084	-1188.038	-1306.952	118.9146	1.981854	5.460743	0.851341	0.148659	0.763776
9090	-1182.208	-1301.815	119.6077	1.804311	3.393228	0.720443	0.279557	0.9281579
9096	-1179.939	-1299.446	119.507	1.747801	3.325112	0.877472	0.122528	1.108978
9102	-1184.073	-1303.4	119.3266	1.345736	1.675219	0.877537	0.122463	2.146852
9108	-1190.507	-1309.28	118.7735	1.402103	2.550704	0.925145	0.0748555	2.146852
9114	-1182.1	-1301.985	119.885	1.703516	1.93107	0.812886	0.187114	1.389854
9120	-1182.021	-1301.664	119.6425	1.288333	1.93107	0.887258	0.112742	1.86603
9126	-1177.34	-1296.311	118.971	1.184424	1.567251	0.739025	0.260975	2.523479
9132	-1166.59	-1284.923	118.3329	1.103407	2.148779	0.896086	0.103914	2.742979
9138	-1168.225	-1286.605	118.3802	1.258286	2.82878	0.880019	0.119981	2.408351
9144	-1172.149	-1290.949	118.7996	1.275203	2.40599	0.86873	0.13127	2.258385
9150	-1169.394	-1288.055	118.6606	1.283548	2.638007	0.887006	0.112994	2.269551
9156	-1170.811	-1289.106	118.2951	1.165407	4.192368	0.891689	0.108311	2.192987
9162	-1167.543	-1287.233	119.6903	1.539438	1.675596	0.846263	0.153737	1.772124
9168	-1170.844	-1289.257	118.4127	1.191189	3.439703	0.893364	0.106636	2.270648
9174	-1176.707	-1295.532	118.8259	1.293103	2.283706	0.82066	0.17934	2.270648
9180	-1179.824	-1298.622	118.7978	1.362328	2.269287	0.87546	0.12454	2.249138
9186	-1178.866	-1297.143	118.2768	1.320588	3.418164	0.793555	0.206445	2.280043
9192	-1173.647	-1292.123	118.4756	1.30121	3.410167	0.839788	0.160212	2.166271
9198	-1185.202	-1304.436	119.2343	1.139834	2.761912	0.799386	0.200614	1.950007
9204	-1181.964	-1300.603	118.639	1.397242	3.886496	0.851367	0.148633	1.878936
9210	-1180.404	-1299.009	118.6048	1.167292	1.954066	0.75414	0.24586	2.605381
9216	-1178.064	-1295.749	117.6859	1.089246	2.497084	0.850888	0.149112	3.032906
9222	-1186.562	-1306.123	119.561	1.57316	2.706016	0.870452	0.129548	1.426481
9228	-1174.189	-1294.41	120.2215	1.599218	1.651427	0.889513	0.110487	1.348027
9234	-1190.401	-1309.609	119.2087	1.467499	1.680402	0.913561	0.0864386	2.142081
9240	-1180.133	-1298.805	118.6722	1.290726	2.997463	0.901626	0.0983743	2.153548
9246	-1173.072	-1292.023	118.9513	1.422258	2.037892	0.846049	0.153951	2.194098
9252	-1178.258	-1296.839	118.5817	1.352146	2.060272	0.897086	0.102914	2.465942
9258	-1184.328	-1302.937	118.6086	1.095029	2.014328	0.910413	0.089587	2.625689
9264	-1177.982	-1296.716	118.7342	1.320805	2.503338	0.848215	0.151785	2.239905
9270	-1186.138	-1305.473	119.3353	1.572094	2.885457	0.680195	0.319805	1.536745
9276	-1175.916	-1294.853	118.9364	1.42813	2.885457	0.881877	0.118123	1.919363
9282	-1176.357	-1295.485	119.1285	1.288213	3.00192	0.841462	0.158538	1.849635
9288	-1176.297	-1294.242	117.9443	1.329686	4.425936	0.86553	0.13447	2.265533
9294	-1174.89	-1293.946	119.0562	1.575488	3.376635	0.889861	0.110139	1.590948
9300	-1170.326	-1289.809	119.4836	1.577037	2.301068	0.901628	0.0983717	1.629312
9306	-1176.795	-1296.466	119.6709	1.719907	2.301068	0.908257	0.091743	1.381817
9312	-1174.546	-1293.964	119.4177	1.56595	2.769127	0.92101	0.0789897	1.518626
9318	-1175.645	-1294.843	119.1986	1.468538	1.902102	0.943599	0.0564013	2.054836
9324	-1182.004	-1302.023	120.0188	1.494269	1.624761	0.853033	0.146967	1.595164
9330	-1173.742	-1292.01	118.2673	1.254009	3.005702	0.901242	0.0987583	2.433773
9336	-1175.145	-1294.023	118.8775	1.254363	2.288161	0.82439	0.17561	2.260893
9342	-1191.147	-1308.982	117.8355	1.079623	2.599049	0.910147	0.0898534	2.919123
9348	-1170.546	-1289.616	119.0703	1.26371	1.807926	0.834445	0.165555	2.309017
9354	-1168.032	-1287.821	119.7893	1.467206	1.69177	0.89633	0.10367	1.74582
9360	-1174.697	-1294.102	119.4043	1.400781	1.69177	0.862702	0.137298	2.052464
9366	-1175.539	-1295.076	119.5368	1.287607	1.69177	0.800687	0.199313	2.039684
9372	-1182.269	-1301.37	119.1003	1.520693	2.486576	0.885453	0.114547	1.871055
9378	-1184.764	-1304.28	119.5159	1.349045	2.030031	0.903781	0.0962192	1.871055
9384	-1187.806	-1305.77	117.9641	1.285955	3.044191	0.890148	0.109852	2.592936
9390	-1187.168	-1305.404	118.236	1.118782	2.844785	0.857965	0.142035	2.581321
9396	-1184.438	-1302.701	118.2622	1.14316	2.342681	0.908943	0.0910574	2.698339
9402	-1185.378	-1303.072	117.6941	1.04069	2.878289	0.824302	0.175698	2.95085
9408	-1183.905	-1302.159	118.254	1.264426	2.211604	0.829652	0.170348	2.671497
9414	-1184.962	-1305.163	120.2012	1.645467	1.712501	0.832934	0.167066	1.294203
9420	-1173.515	-1293.384	119.8698	1.708734	2.50072	0.862178	0.137822	1.141966
9426	-1178.488	-1298.577	120.0883	1.663432	2.304258	0.832653	0.167347	1.075008
9432	-1180.789	-1300.87	120.0813	1.817381	2.175592	0.916533	0.0834673	0.9997699
9438	-1188.215	-1308.484	120.269	1.86923	1.967885	0.896053	0.103947	0.8693951
9444	-1171.523	-1290.67	119.1477	1.515058	2.857452	0.858632	0.141368	1.722187
9450	-1175.826	-1295.612	119.7859	1.511461	1.965748	0.855302	0.144698	1.593388
9456	-1180.365	-1299.838	119.4729	1.518827	2.118895	0.929335	0.0706653	1.748454
9462	-1188.827	-1306.892	118.0648	1.213151	1.579093	0.86626	0.13374	3.053309
9468	-1198.55	-1317.14	118.5898	1.295666	1.937759	0.859862	0.140138	2.541099
9474	-1182.772	-1302.208	119.4354	1.295666	1.647807	0.884897	0.115103	2.120646
9480	-1175.663	-1295.009	119.3464	1.384704	1.647807	0.817064	0.182936	2.120646
9486	-1179.348	-1298.949	119.6007	1.433005	1.308118	0.915971	0.0840289	2.088137
9492	-1172.193	-1292.069	119.8764	1.538689	1.451679	0.790492	0.209508	1.754012
9498	-1182.872	-1301.552	118.6793	1.463049	1.451679	0.85049	0.14951	2.584076
9504	-1179.835	-1297.666	117.8301	1.324176	2.370766	0.85365	0.14635	2.842718
9510	-1175.515	-1295.053	119.5383	1.371169	2.370766	0.878146	0.121854	1.711358
9516	-1175.577	-1295.832	120.2547	1.643305	1.541981	0.845915	0.154085	1.347508
9522	-1170.627	-1290.653	120.0254	1.542974	1.925294	0.915717	0.0842831	1.408231
9528	-1185.288	-1305.67	120.382	1.669364	1.392579	0.90387	0.0961297	1.314081
9534	-1182.292	-1302.785	120.4933	1.670016	1.58088	0.871222	0.128778	1.099151
9540	-1173.238	-1292.772	119.534	1.647252	2.642483	0.876757	0.123243	1.412982
9546	-1183.38	-1303.369	119.9889	1.535497	1.842289	0.879977	0.120023	1.480949
9552	-1183.524	-1303.386	119.8624	1.818649	1.969026	0.862331	0.137669	1.298086
9558	-1177.964	-1298.026	120.062	1.690527	2.401759	0.929012	0.0709876	1.026203
9564	-1182.527	-1302.137	119.6099	1.696585	2.616907	0.911626	0.088374	1.323796
9570	-1187.516	-1308.044	120.528	1.65733	1.095812	0.817426	0.182574	1.407653
9576	-1179.858	-1300.135	120.2775	1.816793	1.743153	0.885033	0.114967	1.060923
9582	-1178.051	-1297.452	119.4011	1.620601	1.743153	0.836207	0.163793	1.884468
9588	-1174.534	-1294.891	120.3565	1.604308	1.425225	0.895327	0.104673	1.366268
9594	-1183.182	-1302.519	119.3375	1.370987	2.171909	0.814904	0.185096	1.922898
9600	-1173.442	-1293.752	120.3104	1.446074	2.073219	0.905235	0.0947647	1.184145
9606	-1175.308	-1295.368	120.0594	1.642944	1.950876	0.946132	0.0538679	1.289545
9612	-1179.348	-1299.653	120.3057	1.704329	1.763803	0.882972	0.117028	1.126174
9618	-1183.541	-1303.011	119.4702	1.704329	3.159103	0.875092	0.124908	1.236759
9624	-1169.879	-1289.789	119.9103	1.807471	1.631546	0.891346	0.108654	1.438971
9630	-1172.394	-1292.05	119.6558	1.546381	2.471849	0.938962	0.0610378	1.460155
9636	-1171.504	-1290.977	119.4728	1.246946	1.576748	0.818645	0.181355	2.160256
9642	-1171.074	-1290.901	119.8274	1.476747	1.866697	0.825569	0.174431	1.632066
9648	-1174.682	-1293.9	119.2182	1.400914	1.404073	0.797591	0.202409	2.307201
9654	-1176.885	-1296.643	119.7584	1.43715	1.416633	0.856073	0.143927	1.923076
9660	-1174.523	-1293.959	119.4361	1.276862	1.872962	0.86819	0.13181	2.036357
9666	-1173.501	-1292.609	119.1078	1.342229	1.891475	0.808106	0.191894	2.201032
9672	-1179.682	-1299.203	119.5205	1.282311	1.898119	0.901861	0.0981393	1.966145
9678	-1175.427	-1294.871	119.4443	1.380979	2.679837	0.891386	0.108614	1.66398
9684	-1168.31	-1287.932	119.6215	1.76962	1.663702	0.882492	0.117508	1.66398
9690	-1176.859	-1296.908	120.0495	1.613305	1.872757	0.876876	0.123124	1.359478
9696	-1179.944	-1298.914	118.9697	1.371305	2.585059	0.830376	0.169624	2.027189
9702	-1181.447	-1301.893	120.4458	1.541756	1.428867	0.819525	0.180475	1.342816
9708	-1167.657	-1287.724	120.0671	1.560169	1.561894	0.85789	0.14211	1.543733
9714	-1169.922	-1290.277	120.3553	2.090282	1.753041	0.857664	0.142336	0.5806204
9720	-1166.198	-1286.502	120.3033	2.090282	1.766113	0.87659	0.12341	0.6851612
9726	-1162.946	-1282.289	119.3425	1.604333	2.97487	0.895605	0.104395	1.478303
9732	-1165.94	-1284.527	118.5871	1.372632	2.789238	0.855136	0.144864	2.214649
9738	-1173.15	-1292.06	118.9101	1.34584	2.41126	0.849628	0.150372	2.139421
9744	-1187.661	-1306.704	119.0427	1.42674	1.881636	0.840708	0.159292	2.192382
9750	-1172.433	-1292.02	119.5878	1.74411	2.544459	0.909726	0.0902744	1.33131
9756	-1172.59	-1292.281	119.6917	1.601248	2.442436	0.852693	0.147307	1.401668
9762	-1166.505	-1286.37	119.8649	1.658711	2.017027	0.872147	0.127853	1.40076
9768	-1173.216	-1292.798	119.5819	1.478301	2.581361	0.852791	0.147209	1.526697
9774	-1172.379	-1292.328	119.9489	1.753213	2.137194	0.877161	0.122839	1.199902
9780	-1181.429	-1300.933	119.5047	1.72863	3.116248	0.822412	0.177588	1.201856
9786	-1173.478	-1294.303	120.8255	1.863147	0.9815721	0.864832	0.135168	1.078249
9792	-1193.417	-1313.302	119.8848	1.825813	2.64526	0.889933	0.110067	0.9482067
9798	-1181.831	-1301.983	120.1525	1.516559	2.075167	0.860725	0.139275	1.257192
9804	-1184.67	-1304.425	119.7552	1.662797	2.873997	0.845297	0.154703	1.130442
9810	-1178.534	-1297.318	118.7848	1.426654	1.899592	0.862644	0.137356	2.35074
9816	-1174.786	-1294.279	119.4928	1.426654	2.159111	0.879821	0.120179	1.78325
9822	-1184.356	-1304.469	120.1127	1.6291	2.028514	0.804962	0.195038	1.218708
9828	-1185.843	-1305.451	119.6077	1.509202	2.17391	0.822385	0.177615	1.63795
9834	-1180.342	-1298.412	118.0704	1.394132	1.629288	0.905756	0.0942436	2.920223
9840	-1174.066	-1293.637	119.5708	1.304288	1.562226	0.858628	0.141372	2.065228
9846	-1177.254	-1296.946	119.6912	1.515124	1.147304	0.85832	0.14168	2.065228
9852	-1172.093	-1291.487	119.3942	1.439409	1.473668	0.933301	0.0666994	2.134721
9858	-1174.567	-1293.49	118.9228	1.32523	1.962982	0.90125	0.0987498	2.303085
9864	-1179.898	-1298.135	118.2371	1.472159	1.41449	0.854378	0.145622	2.866706
9870	-1169.647	-1289.022	119.3748	1.127804	1.941211	0.894046	0.105954	2.147304
9876	-1171.547	-1289.242	117.695	1.10342	2.306521	0.841952	0.158048	3.076878
9882	-1176.385	-1295.851	119.4661	1.286389	1.684818	0.862536	0.137464	2.090152
9888	-1173.504	-1293.224	119.72	1.38482	1.389457	0.881789	0.118211	1.998137
9894	-1163.917	-1283.82	119.9029	1.5363	2.094919	0.905711	0.0942894	1.431403
9900	-1167.914	-1287.928	120.014	1.674332	1.599103	0.796478	0.203522	1.478462
9906	-1169.44	-1288.928	119.488	1.632777	2.128816	0.920203	0.0797975	1.653089
9912	-1173.22	-1292.262	119.0419	1.350366	2.50047	0.902551	0.097449	2.020427
9918	-1166.489	-1286.243	119.754	1.428709	2.305992	0.796078	0.203922	1.538225
9924	-1167.764	-1287.227	119.463	1.561775	1.444269	0.881744	0.118256	2.023354
9930	-1163.295	-1282.614	119.3183	1.524961	1.799837	0.897436	0.102564	1.980145
9936	-1166.812	-1286.746	119.934	1.580077	1.829489	0.932337	0.0676634	1.494726
9942	-1165.22	-1285.507	120.2877	1.58667	1.451872	0.956637	0.0433631	1.417958
9948	-1176.939	-1297.224	120.2854	1.578901	1.690488	0.8946	0.1054	1.291776
9954	-1161.534	-1281.937	120.4028	1.629661	1.453294	0.941009	0.0589905	1.291776
9960	-1161.244	-1281.756	120.5125	1.861549	1.355204	0.917909	0.0820914	1.059968
9966	-1168.922	-1289.309	120.3871	1.763429	1.766321	0.875157	0.124843	0.9913708
9972	-1170.892	-1291.095	120.2032	1.676303	1.659462	0.873977	0.126023	1.296434
9978	-1183.88	-1304.11	120.2302	1.692002	1.343733	0.769693	0.230307	1.44561
9984	-1173.961	-1294.27	120.3088	1.896039	1.614688	0.874285	0.125715	1.037873
9990	-1188.577	-1307.941	119.3639	1.523804	2.993751	0.856928	0.143072	1.516588
9996	-1176.621	-1296.435	119.8146	1.610045	1.927304	0.912942	0.0870583	1.516588
10002	-1177.129	-1296.946	119.8178	1.606666	1.624294	0.849544	0.150456	1.65936
10008	-1173.36	-1293.449	120.0892	1.790221	2.168153	0.892783	0.107217	1.02281
10014	-1177.128	-1297.296	120.1673	1.765048	2.276762	0.884368	0.115632	0.9069121
10020	-1187.042	-1307.423	120.3804	1.765048	1.500381	0.896629	0.103371	1.167008
10026	-1171.252	-1290.971	119.7185	1.805588	2.554104	0.808446	0.191554	1.167008
10032	-1178.61	-1298.864	120.2538	1.698286	1.53626	0.829255	0.170745	1.307435
10038	-1175.194	-1294.283	119.0885	1.410103	2.185204	0.93556	0.0644396	2.058184
10044	-1168.524	-1288.767	120.243	1.609058	1.943756	0.862551	0.137449	1.166847
10050	-1166.997	-1286.864	119.8671	1.596209	2.0758	0.898367	0.101633	1.421265
10056	-1162.142	-1282.069	119.9272	1.567916	1.908461	0.868095	0.131905	1.472181
10062	-1166.907	-1285.902	118.9952	1.31145	2.004592	0.790231	0.209769	2.249745
10068	-1173.689	-1292.169	118.4792	1.448517	2.394835	0.842155	0.157845	2.355898
10074	-1169.725	-1288.188	118.4631	1.411153	2.501749	0.890614	0.109386	2.355898
10080	-1166.469	-1286.143	119.6745	1.447294	1.926178	0.897264	0.102736	1.735888
10086	-1180.738	-1300.78	120.0424	1.40562	1.393865	0.963791	0.0362086	1.761882
10092	-1179.875	-1300.113	120.2387	1.562913	1.802154	0.900168	0.0998317	1.28341
10098	-1180.886	-1300.521	119.6349	1.513443	3.075793	0.8404	0.1596	1.286869
10104	-1167.329	-1287.48	120.1512	1.543425	1.535589	0.912434	0.0875656	1.507665
10110	-1175.523	-1295.548	120.0249	1.610882	2.154443	0.845335	0.154665	1.247915
10116	-1175.092	-1294.729	119.6374	1.460098	2.561815	0.949998	0.050002	1.505886
10122	-1172.721	-1292.303	119.5817	1.556944	2.569624	0.94636	0.0536397	1.472087
10128	-1173.82	-1293.436	119.6164	1.60818	1.864277	0.989673	0.0103267	1.690011
10134	-1167.521	-1287.223	119.7021	1.481632	1.497511	0.831552	0.168448	1.889932
10140	-1173.774	-1292.851	119.077	1.445833	2.311472	0.867212	0.132788	1.997294
10146	-1169.513	-1288.679	119.1656	1.315599	2.22365	0.878063	0.121937	2.055878
10152	-1175.042	-1293.641	118.5984	1.297812	2.055871	0.820777	0.179223	2.491069
10158	-1177.255	-1296.756	119.5008	1.446351	1.426778	0.894545	0.105455	2.083467
10164	-1190.282	-1309.388	119.1061	1.515776	2.137253	0.876459	0.123541	1.993957
10170	-1175.037	-1293.954	118.9169	1.303817	2.104206	0.857254	0.142746	2.268181
10176	-1172.07	-1291.269	119.1993	1.655342	1.548494	0.955688	0.0443115	2.08513
10182	-1175.288	-1295.2	119.9125	1.31989	1.863492	0.923595	0.0764048	1.684847
10188	-1177.459	-1296.084	118.6247	1.212899	2.019602	0.860493	0.139507	2.540719
10194	-1176.725	-1296.246	119.5206	1.195031	1.642381	0.879831	0.120169	2.133149
10200	-1171.813	-1289.849	118.0364	1.110386	2.373644	0.782689	0.217311	2.846351
10206	-1163.605	-1282.692	119.0871	1.298967	1.57687	0.906268	0.0937324	2.374247
10212	-1174.826	-1293.69	118.8646	1.311236	1.574636	0.838453	0.161547	2.507468
10218	-1188.24	-1307.603	119.3622	1.210602	1.139875	0.809096	0.190904	2.476061
10224	-1184.817	-1304.411	119.5934	1.274907	1.378797	0.831328	0.168672	2.159302
10230	-1180.849	-1300.87	120.0211	1.628709	0.9881977	0.931945	0.0680547	1.869518
10236	-1174.7	-1293.924	119.224	1.611056	1.84406	0.890505	0.109495	1.966929
10242	-1179.402	-1299.017	119.6153	1.530191	1.560414	0.811957	0.188043	1.885023
10248	-1175.36	-1295.719	120.3583	1.496109	1.056977	0.915535	0.0844655	1.679907
10254	-1171.663	-1291.294	119.6312	1.579832	1.9095	0.894597	0.105403	1.679907
10260	-1170.225	-1289.623	119.3977	1.485866	1.862041	0.921533	0.0784673	1.926781
10266	-1169.345	-1287.638	118.2928	1.62281	4.033935	0.742627	0.257373	1.926781
10272	-1173.147	-1293.504	120.357	1.480697	1.612788	0.927741	0.0722594	1.355671
10278	-1168.854	-1288.371	119.5175	1.44586	2.461126	0.867109	0.132891	1.640437
10284	-1179.764	-1298.114	118.3497	1.284644	1.977573	0.935209	0.064791	2.681671
10290	-1163.745	-1282.823	119.0778	1.465203	2.144619	0.850183	0.149817	2.043615
10296	-1161.473	-1280.531	119.0574	1.292107	1.814576	0.812831	0.187169	2.296414
10302	-1163.885	-1283.027	119.1422	1.448662	1.927375	0.881992	0.118008	2.09502
10308	-1169.786	-1287.985	118.1987	1.666211	1.757752	0.925714	0.0742864	2.623513
10314	-1180.874	-1299.992	119.1181	1.504136	2.517298	0.905615	0.0943852	1.859922
10320	-1173.532	-1292.313	118.781	1.435931	2.59299	0.897079	0.102921	2.106518
10326	-1171.501	-1289.314	117.8125	1.052364	2.374477	0.795662	0.204338	3.016069
10332	-1177.767	-1298.094	120.3275	1.67068	1.879796	0.935582	0.0644182	1.069789
10338	-1181.831	-1301.407	119.5755	1.527455	1.879796	0.912728	0.0872719	1.768857
10344	-1186.689	-1306.672	119.9829	1.513029	1.628127	0.913628	0.0863717	1.605983
10350	-1178.359	-1298.466	120.1067	1.536848	1.355599	0.842904	0.157096	1.644771
10356	-1172.362	-1292.775	120.4126	1.372095	1.07262	0.917933	0.0820668	1.718735
10362	-1176.337	-1297.054	120.7164	1.416359	0.6561496	0.949692	0.0503077	1.803752
10368	-1186.453	-1306.794	120.3407	1.302977	0.9695512	0.883445	0.116555	1.886566
10374	-1195.589	-1314.624	119.0352	1.425825	3.018142	0.83099	0.16901	1.814415
10380	-1190.967	-1310.041	119.0741	1.364036	3.018142	0.905542	0.0944578	1.830199
10386	-1190.07	-1307.888	117.8174	1.36577	3.018142	0.857113	0.142887	2.641022
10392	-1179.827	-1297.118	117.2911	1.305522	3.587707	0.785119	0.214881	2.862415
10398	-1166.116	-1285.144	119.0277	1.315732	3.301712	0.873464	0.126536	1.815811
10404	-1172.165	-1290.357	118.1917	1.325747	3.513729	0.879434	0.120566	2.308058
10410	-1177.579	-1296.122	118.5427	1.597721	3.371366	0.860856	0.139144	1.935678
10416	-1182.586	-1301.601	119.0149	1.430729	2.597393	0.869184	0.130816	1.953437
10422	-1188.552	-1307.682	119.1305	1.410989	1.804413	0.845406	0.154594	2.176986
10428	-1178.032	-1296.968	118.9355	1.338	2.266211	0.770605	0.229395	2.176986
10434	-1187.267	-1306.042	118.7743	1.295263	3.478307	0.832232	0.167768	1.955868
10440	-1182.842	-1302.217	119.3743	1.578317	2.68929	0.918631	0.0813689	1.568615
10446	-1188.681	-1309.265	120.5835	1.638715	1.44554	0.886816	0.113184	1.135214
10452	-1183.606	-1302.944	119.3379	1.331053	2.157876	0.965702	0.0342983	1.954762
10458	-1188.617	-1308.372	119.7555	1.422667	2.37524	0.844081	0.155919	1.514898
10464	-1171.671	-1291.639	119.9682	1.521881	2.026441	0.938862	0.0611376	1.422466
10470	-1182.228	-1302.392	120.1645	1.512947	1.16425	0.873313	0.126687	1.734871
10476	-1175.494	-1295.339	119.8448	1.675117	2.322717	0.89723	0.10277	1.269076
10482	-1170.494	-1289.878	119.3844	1.578863	1.788034	0.915483	0.084517	1.904404
10488	-1170.69	-1290.226	119.5354	1.392342	2.110764	0.875662	0.124338	1.796219
10494	-1175.857	-1293.993	118.1356	1.386541	2.148644	0.883695	0.116305	2.690438
10500	-1180.323	-1299.444	119.1211	1.34383	2.02714	0.905013	0.0949871	2.138778
10506	-1171.012	-1290.532	119.5202	1.398833	2.50584	0.82754	0.17246	1.656415
10512	-1170.33	-1290.363	120.0326	1.378544	1.278528	0.827658	0.172342	1.851378
10518	-1182.262	-1302.298	120.0355	1.442408	1.237649	0.920031	0.0799686	1.829144
10524	-1176.79	-1296.445	119.6543	1.461663	1.751557	0.947873	0.0521274	1.8161
10530	-1167.617	-1286.935	119.3185	1.461663	1.612422	0.88421	0.11579	2.104459
10536	-1173.165	-1292.752	119.5871	1.513121	2.695751	0.815901	0.184099	1.456081
10542	-1174.824	-1294.338	119.5136	1.459992	2.533366	0.803716	0.196284	1.607389
10548	-1182.794	-1302.154	119.3595	1.522182	2.533366	0.834777	0.165223	1.673436
10554	-1184.419	-1304.07	119.6506	1.506853	2.014801	0.902201	0.0977988	1.673436
10560	-1177.768	-1296.942	119.1748	1.387295	2.680465	0.916555	0.0834448	1.847871
10566	-1172.191	-1291.902	119.7108	1.492246	1.8967	0.955426	0.0445742	1.691164
10572	-1168.374	-1287	118.6264	1.22689	2.2849	0.894698	0.105302	2.438928
10578	-1180.701	-1299.032	118.3305	1.345573	2.044318	0.916612	0.0833877	2.631988
10584	-1177.522	-1297.141	119.6191	1.469995	1.639901	0.857634	0.142366	1.885569
10590	-1179.744	-1298.62	118.8762	1.399197	1.545336	0.931238	0.0687622	2.458159
10596	-1194.21	-1313.273	119.0629	1.310944	1.968802	0.917787	0.0822135	2.220111
10602	-1177.727	-1297.106	119.3793	1.312647	2.214522	0.876795	0.123205	1.918396
10608	-1172.624	-1292.295	119.6705	1.574799	2.442158	0.852335	0.147665	1.438553
10614	-1175.365	-1294.693	119.3272	1.320915	3.0192	0.811317	0.188683	1.683052
10620	-1179.31	-1299.025	119.7143	1.433242	1.975226	0.878385	0.121615	1.697006
10626	-1175.403	-1294.629	119.2266	1.39532	1.906605	0.891159	0.108841	2.08285
10632	-1168.846	-1287.578	118.7319	1.482433	2.868397	0.905357	0.0946428	2.024963
10638	-1171.966	-1290.688	118.7223	1.433165	3.004528	0.917718	0.0822823	2.024963
10644	-1170.065	-1288.591	118.5259	1.30632	2.485233	0.890655	0.109345	2.387702
10650	-1167.945	-1287.623	119.6782	1.589339	1.743657	0.935894	0.0641063	1.713965
10656	-1177.53	-1297.391	119.8613	1.544231	1.088919	0.837252	0.162748	1.968466
10662	-1175.129	-1294.955	119.8254	1.355467	1.258206	0.843534	0.156466	2.018183
10668	-1175.591	-1294.589	118.998	1.311473	1.53388	0.952798	0.047202	2.441937
10674	-1171.188	-1289.856	118.6687	1.422777	1.339988	0.942457	0.0575433	2.669103
10680	-1162.979	-1282.726	119.7469	1.456209	1.657053	0.881024	0.118976	1.799306
10686	-1176.402	-1296.093	119.6915	1.464896	1.433877	0.904908	0.0950923	1.940609
10692	-1176.405	-1295.947	119.5417	1.47311	1.281727	0.782581	0.217419	2.114748
10698	-1177.02	-1296.075	119.0547	1.359234	1.48807	0.906261	0.0937386	2.397234
10704	-1174.173	-1293.723	119.55	1.261913	1.733804	0.94575	0.0542504	2.029452
10710	-1172.273	-1292.462	120.1897	1.302952	0.9313477	0.820957	0.179043	2.014821
10716	-1168.994	-1289.363	120.3688	1.611099	1.327039	0.850134	0.149866	1.411547
10722	-1185.595	-1305.589	119.9936	1.868646	2.536199	0.925802	0.0741984	0.8346711
10728	-1183.723	-1303.257	119.5334	1.953192	3.195405	0.89049	0.10951	0.9318262
10734	-1178.781	-1298.664	119.883	1.711097	2.737614	0.958345	0.0416553	1.023091
10740	-1188.853	-1308.66	119.8066	1.801621	2.706805	0.880655	0.119345	1.023091
10746	-1192.077	-1311.965	119.8874	1.580536	2.031155	0.913874	0.0861258	1.437405
10752	-1176.87	-1295.418	118.5488	1.430211	2.605862	0.780284	0.219716	2.256928
10758	-1173.071	-1291.879	118.8082	1.341609	2.536595	0.886784	0.113216	2.168067
10764	-1183.428	-1301.099	117.6711	1.274237	2.536595	0.887962	0.112038	2.919038
10770	-1174.023	-1292.154	118.131	1.235179	2.460179	0.914539	0.085461	2.685774
10776	-1170.866	-1289.986	119.1203	1.232511	1.684198	0.879145	0.120855	2.348492
10782	-1185.969	-1304.727	118.7577	1.199952	1.668911	0.855217	0.144783	2.602553
10788	-1181.093	-1299.614	118.5213	1.283468	2.417193	0.83248	0.16752	2.4265
10794	-1183.897	-1302.04	118.1436	1.303181	1.752711	0.862921	0.137079	2.881085
10800	-1183.417	-1301.853	118.4366	1.237903	2.466566	0.696077	0.303923	2.49273
10806	-1185.074	-1302.714	117.64	1.222215	1.877767	0.942889	0.0571106	3.183697
10812	-1173.229	-1292.94	119.7116	1.467249	1.75506	0.839544	0.160456	1.770953
10818	-1170.291	-1290.001	119.7101	1.402109	1.817518	0.886808	0.113192	1.789441
10824	-1179.852	-1299.766	119.9131	1.567974	2.271272	0.902648	0.0973515	1.322707
10830	-1185.476	-1304.963	119.4869	1.81377	3.480109	0.905664	0.0943364	1.009108
10836	-1191.709	-1311.919	120.2097	1.755143	1.921917	0.857993	0.142007	1.076913
10842	-1188.306	-1308.08	119.7739	1.938445	2.206152	0.897303	0.102697	1.158057
10848	-1189.644	-1309.354	119.7104	1.821765	2.626648	0.861071	0.138929	1.129169
10854	-1196.665	-1316.5	119.8352	1.767799	2.524106	0.909783	0.0902172	1.109603
10860	-1184.413	-1304.59	120.1768	1.717693	1.482207	0.837939	0.162061	1.384654
10866	-1185.272	-1305.247	119.9749	1.836544	1.680104	0.913554	0.0864455	1.340009
10872	-1171.228	-1291.303	120.0746	1.889599	2.086278	0.831379	0.168621	0.9839525
10878	-1179.016	-1298.848	119.8314	1.885966	2.411854	0.819512	0.180488	1.055149
10884	-1186.628	-1305.968	119.3393	1.531527	3.994578	0.877661	0.122339	1.23234
10890	-1184.073	-1303.514	119.4409	1.729178	3.183027	0.739819	0.260181	1.23234
10896	-1181.003	-1300.683	119.6799	1.912904	3.241021	0.822421	0.177579	0.7817894
10902	-1186.486	-1306.335	119.8494	1.744669	2.821951	0.845019	0.154981	0.985089
10908	-1174.115	-1293.456	119.3404	1.711631	3.203515	0.785802	0.214198	1.322597
10914	-1180.133	-1299.224	119.0906	1.386003	4.017394	0.830424	0.169576	1.535603
10920	-1180.701	-1300.424	119.7228	1.827766	2.637644	0.876968	0.123032	1.10778
10926	-1181.093	-1300.492	119.3995	1.827766	4.141632	0.810018	0.189982	0.8352114
10932	-1186.587	-1305.53	118.9437	1.400685	3.915562	0.899307	0.100693	1.65704
10938	-1185.603	-1303.898	118.2957	1.532092	2.32753	0.813087	0.186913	2.440886
10944	-1179.671	-1298.946	119.2754	1.399575	3.736444	0.945583	0.054417	1.459536
10950	-1177.795	-1296.95	119.1549	1.483177	3.085008	0.876614	0.123386	1.670563
10956	-1177.183	-1297.025	119.8421	1.625511	2.464868	0.788797	0.211203	1.252466
10962	-1175.901	-1295.903	120.0025	1.757918	2.686644	0.899794	0.100206	0.8713729
10968	-1175.978	-1294.986	119.008	1.757918	3.307384	0.80108	0.19892	1.511862
10974	-1178.7	-1297.852	119.152	1.538846	3.213478	0.853797	0.146203	1.594728
10980	-1193.93	-1313.22	119.2898	1.436482	2.540341	0.857497	0.142503	1.780428
10986	-1194.35	-1313.716	119.3663	1.349517	2.485409	0.798805	0.201195	1.806352
10992	-1188.642	-1307.86	119.2182	1.378052	2.947042	0.814135	0.185865	1.741464
10998	-1184.966	-1303.941	118.9756	1.424024	3.270689	0.750703	0.249297	1.785399
11004	-1173.938	-1292.861	118.9239	1.509617	3.677018	0.81002	0.18998	1.653216
11010	-1172.937	-1292.496	119.5596	1.746394	2.78774	0.822487	0.177513	1.259809
11016	-1178.503	-1298.68	120.1773	1.774738	2.04955	0.880241	0.119759	1.017101
11022	-1173.852	-1294.355	120.5028	1.774738	1.542002	0.893927	0.106073	1.017101
11028	-1173.772	-1293.796	120.0245	1.670728	2.201071	0.810008	0.189992	1.175483
11034	-1173.533	-1293.763	120.2301	1.962851	2.132472	0.826747	0.173253	0.6468144
11040	-1175.216	-1295.615	120.3982	1.886922	1.607906	0.9108	0.0892002	0.9622894
11046	-1167.822	-1288.256	120.4333	1.874752	1.764591	0.834311	0.165689	0.8155239
11052	-1160.066	-1280.159	120.0928	1.872208	1.936736	0.909965	0.0900351	1.068374
11058	-1169.389	-1289.615	120.2267	1.753677	2.028982	0.816723	0.183277	1.000753
11064	-1172.764	-1292.412	119.6476	1.633082	2.499709	0.922887	0.0771126	1.389054
11070	-1178.367	-1298.012	119.6456	1.403302	2.013281	0.771504	0.228496	1.75072
11076	-1179.132	-1299.052	119.9197	1.309664	1.33422	0.925478	0.0745217	1.943907
11082	-1170.048	-1289.54	119.4922	1.422977	2.355541	0.874827	0.125173	1.712843
11088	-1181.741	-1301.807	120.0665	1.410369	2.355541	0.873557	0.126443	1.290457
11094	-1179.445	-1299.275	119.8299	1.353285	2.092704	0.90147	0.0985295	1.622839
11100	-1182.858	-1302.817	119.9592	1.394299	0.9762978	0.891619	0.108381	2.076094
11106	-1181.327	-1300.918	119.5908	1.333821	1.20351	0.835355	0.164645	2.216501
11112	-1178.941	-1298.07	119.1287	1.26035	2.346465	0.74605	0.25395	2.073892
11118	-1186.39	-1304.913	118.5231	1.384528	3.437352	0.871775	0.128225	2.073892
11124	-1190.039	-1309.559	119.5206	1.538167	3.314169	0.805306	0.194694	1.281374
11130	-1200.045	-1318.777	118.7323	1.582056	3.66813	0.835506	0.164494	1.739962
11136	-1184.605	-1304.195	119.5904	1.729578	3.005572	0.827335	0.172665	1.166914
11142	-1193.356	-1312.617	119.2609	1.302997	1.462921	0.803223	0.196777	2.313916
11148	-1173.868	-1292.53	118.6621	1.293152	2.471496	0.843169	0.156831	2.313916
11154	-1167.894	-1285.564	117.67	1.172944	2.610668	0.873154	0.126846	2.959261
11160	-1170.253	-1288.615	118.3616	1.396198	2.728071	0.859579	0.140421	2.361646
11166	-1166.381	-1284.852	118.471	1.291176	2.804302	0.864488	0.135512	2.336957
11172	-1173.508	-1291.862	118.3545	1.193216	2.590856	0.776003	0.223997	2.534022
11178	-1179.062	-1297.024	117.9622	1.329008	2.628122	0.855442	0.144558	2.681778
11184	-1174.553	-1292.234	117.6808	1.208102	3.597908	0.867084	0.132916	2.681778
11190	-1173.66	-1292.591	118.9317	1.279384	2.414062	0.872757	0.127243	2.167714
11196	-1188.215	-1307.164	118.9495	1.25277	2.431656	0.892992	0.107008	2.167714
11202	-1185.08	-1304.471	119.3915	1.385302	2.232164	0.872362	0.127638	1.85418
11208	-1185.119	-1304.629	119.5105	1.171611	2.111012	0.863718	0.136282	1.963449
11214	-1184.652	-1303.331	118.6788	1.300659	3.607995	0.894449	0.105551	1.983949
11220	-1176.633	-1296.392	119.7593	1.578282	2.044735	0.911541	0.0884587	1.529769
11226	-1168.932	-1288.959	120.0274	1.759084	2.123123	0.90067	0.0993295	1.132909
11232	-1160.62	-1280.619	119.999	1.639857	2.085012	0.888152	0.111848	1.277518
11238	-1171.096	-1289.471	118.3747	1.385621	1.709261	0.894579	0.105421	2.707507
11244	-1171.301	-1290.622	119.3208	1.333965	1.247211	0.814629	0.185371	2.365151
11250	-1163.038	-1281.44	118.4022	1.202955	1.809048	0.834154	0.165846	2.762824
11256	-1166.06	-1286.334	120.2736	1.457259	1.0429	0.887508	0.112492	1.776351
11262	-1171.393	-1291.428	120.0346	1.509661	1.668565	0.923537	0.0764633	1.550364
11268	-1174.832	-1294.807	119.9747	1.509661	1.668135	0.856059	0.143941	1.594521
11274	-1171.702	-1291.724	120.0214	1.490827	1.627255	0.802244	0.197756	1.594521
11280	-1164.998	-1284.668	119.6697	1.448497	1.961528	0.892848	0.107152	1.723481
11286	-1170.987	-1290.414	119.4276	1.39398	1.938995	0.861283	0.138717	1.93693
11292	-1175.314	-1295.539	120.2249	1.56992	1.599303	0.917589	0.0824105	1.396744
11298	-1175.232	-1295.605	120.3722	1.651368	1.710118	0.909732	0.0902684	1.145481
11304	-1165.253	-1286.107	120.8544	1.522104	1.071552	0.891212	0.108788	1.273345
11310	-1173.536	-1294.556	121.0198	1.757405	0.8513625	0.926301	0.0736995	1.124599
11316	-1171.231	-1291.401	120.1696	1.505115	1.297584	0.953685	0.0463153	1.655978
11322	-1172.235	-1291.927	119.6917	1.519712	1.391963	0.851408	0.148592	1.925249
11328	-1177.88	-1297.645	119.7651	1.500118	1.715997	0.926169	0.0738307	1.728382
11334	-1177.239	-1297.091	119.8513	1.260756	1.651531	0.869456	0.130544	1.86456
11340	-1167.528	-1287.73	120.2014	1.442164	1.377932	0.856365	0.143635	1.632065
11346	-1181.016	-1300.757	119.741	1.352206	1.496565	0.808148	0.191852	1.95162
11352	-1174.915	-1294.173	119.258	1.467439	2.065622	0.953303	0.0466971	1.95162
11358	-1172.356	-1292.904	120.548	1.628548	1.023668	0.885187	0.114813	1.467365
11364	-1173.295	-1293.959	120.6634	1.64805	0.9745919	0.882928	0.117072	1.401477
11370	-1171.896	-1291.942	120.0454	1.741507	2.107667	0.862588	0.137412	1.140254
11376	-1175.835	-1296.02	120.1845	1.747679	1.897904	0.855135	0.144865	1.120309
11382	-1186.397	-1305.76	119.3632	1.584708	2.102836	0.876982	0.123018	1.785292
11388	-1181.317	-1300.076	118.7589	1.33903	2.16518	0.839899	0.160101	2.324998
11394	-1183.431	-1302.584	119.1534	1.297011	2.208195	0.838227	0.161773	2.081738
11400	-1176.448	-1296.17	119.7223	1.500626	2.35239	0.842487	0.157513	1.490191
11406	-1180.349	-1300.329	119.9803	1.49556	1.513387	0.883506	0.116494	1.678886
11412	-1174.92	-1294.469	119.5494	1.451345	1.590975	0.852922	0.147078	1.968152
11418	-1172.717	-1292.683	119.9663	1.459145	1.481348	0.974862	0.0251385	1.731192
11424	-1168.99	-1288.657	119.6669	1.463276	1.901882	0.939364	0.0606356	1.740336
11430	-1174.696	-1293.757	119.0607	1.591598	2.646096	0.882503	0.117497	1.796736
11436	-1170.041	-1290.168	120.1276	1.502746	2.186606	0.835169	0.164831	1.23767
11442	-1172.819	-1292.252	119.4326	1.649899	3.410362	0.859253	0.140747	1.230713
11448	-1182.695	-1302.398	119.7034	1.781645	2.562794	0.823024	0.176976	1.197162
11454	-1177.051	-1296.967	119.9157	1.86328	2.541669	0.831114	0.168886	0.9279744
11460	-1194.483	-1314.665	120.1816	1.687215	2.495157	0.79353	0.20647	0.8512492
11466	-1176.402	-1296.804	120.4015	1.832182	1.672658	0.897758	0.102242	0.9696319
11472	-1180.357	-1300.94	120.5822	1.942476	1.458043	0.906074	0.0939256	0.8112509
11478	-1184.506	-1304.863	120.3569	1.944885	1.784669	0.910374	0.089626	0.8067893
11484	-1187.656	-1307.644	119.9887	1.958035	2.325093	0.889503	0.110497	0.8611631
11490	-1191.42	-1309.829	118.4089	1.437917	2.510699	0.88814	0.11186	2.370555
11496	-1190.164	-1309.455	119.2912	1.33467	2.178768	0.933987	0.0660134	1.975934
11502	-1182.982	-1301.272	118.2902	1.310831	3.387035	0.88223	0.11777	2.285377
11508	-1185.374	-1303.219	117.8457	1.433352	2.433826	0.833483	0.166517	2.747221
11514	-1173.613	-1292.177	118.5641	1.397004	3.734647	0.914782	0.0852178	1.965639
11520	-1172.892	-1291.349	118.4565	1.206432	2.153134	0.896406	0.103594	2.602116
11526	-1173.551	-1292.203	118.6519	1.228405	2.185646	0.874349	0.125651	2.455464
11532	-1177.58	-1296.849	119.2681	1.259366	2.024706	0.91262	0.0873802	2.098741
11538	-1177.069	-1296.407	119.338	1.392615	1.503904	0.876262	0.123738	2.187186
11544	-1172.451	-1291.491	119.0398	1.106778	1.300476	0.81595	0.18405	2.654857
11550	-1175.54	-1294.323	118.7832	1.251927	1.442045	0.864391	0.135609	2.654857
11556	-1176.344	-1295.781	119.4369	1.332028	2.231536	0.885325	0.114675	1.859789
11562	-1170.907	-1290.655	119.7481	1.520309	2.108975	0.888896	0.111104	1.55389
11568	-1175.19	-1294.991	119.8007	1.721986	2.285037	0.819362	0.180638	1.283018
11574	-1181.034	-1301.31	120.2767	1.721986	1.895417	0.828661	0.171339	1.060245
11580	-1177.872	-1298.383	120.5102	1.803616	1.410817	0.813874	0.186126	1.075751
11586	-1166.048	-1286.05	120.0017	1.496049	1.851395	0.815714	0.184286	1.496689
11592	-1172.258	-1291.579	119.3209	1.535311	2.344137	0.836003	0.163997	1.758425
11598	-1183.396	-1302.833	119.4376	1.319114	2.407093	0.721026	0.278974	1.805183
11604	-1186.457	-1304.898	118.4418	1.524377	3.030112	0.848583	0.151417	2.142427
11610	-1181.702	-1300.939	119.2369	1.322674	3.030112	0.87506	0.12494	1.742386
11616	-1173.887	-1292.944	119.0568	1.484895	2.890546	0.832463	0.167537	1.796616
11622	-1173.26	-1292.176	118.9163	1.60248	2.943271	0.855017	0.144983	1.796616
11628	-1171.251	-1290.811	119.5602	1.37006	1.960508	0.87712	0.12288	1.854357
11634	-1188.939	-1307.517	118.5788	1.194281	2.717448	0.853024	0.146976	2.355097
11640	-1183.167	-1301.806	118.6382	1.184472	1.629301	0.896635	0.103365	2.702409
11646	-1175.182	-1293.804	118.6211	1.187714	1.748842	0.855286	0.144714	2.661691
11652	-1176.333	-1294.973	118.64	1.311961	1.936003	0.961779	0.0382206	2.500286
11658	-1174.026	-1293.081	119.0555	1.321024	1.219011	0.905101	0.0948989	2.554906
11664	-1174.98	-1295.317	120.3365	1.878927	1.830399	0.925106	0.0748944	0.8774473
11670	-1174.628	-1294.942	120.3141	1.740858	1.891447	0.907691	0.0923095	1.008185
11676	-1179.473	-1299.838	120.3648	1.934303	1.734814	0.890561	0.109439	0.8509738
11682	-1176.931	-1297.75	120.8189	1.774051	1.243251	0.861669	0.138331	0.9322486
11688	-1169.039	-1289.353	120.3135	1.726177	2.040718	0.858138	0.141862	0.9322486
11694	-1167.376	-1287.769	120.3932	1.643409	1.807126	0.889764	0.110236	1.076349
11700	-1170.901	-1290.933	120.032	1.80846	2.259069	0.828261	0.171739	1.012781
11706	-1178.907	-1299.581	120.6745	1.933983	1.406703	0.857176	0.142824	0.7489657
11712	-1176.181	-1296.244	120.0627	1.805045	2.293091	0.918536	0.0814636	0.9670186
11718	-1185.049	-1304.836	119.7867	1.728161	2.715689	0.951276	0.0487241	1.107228
11724	-1186.243	-1306.304	120.0615	1.6201	1.686684	0.92423	0.0757704	1.437991
11730	-1177.762	-1296.986	119.2237	1.598484	2.700698	0.797888	0.202112	1.659315
11736	-1181.34	-1300.418	119.0778	1.470413	2.160435	0.883038	0.116962	2.03435
11742	-1180.395	-1300.324	119.9288	1.508629	1.752062	0.889996	0.110004	1.588131
11748	-1183.57	-1303.372	119.8018	1.608081	1.644679	0.887404	0.112596	1.659829
11754	-1177.231	-1297.787	120.556	1.680649	1.281497	0.841266	0.158734	1.234989
11760	-1192.307	-1311.288	118.9806	1.223406	1.697174	0.909543	0.0904569	2.437071
11766	-1189.973	-1307.716	117.7432	1.132431	1.500248	0.906174	0.0938255	3.325525
11772	-1184.708	-1304.251	119.5432	1.189136	1.500248	0.900047	0.0999531	2.187836
11778	-1179.378	-1298.408	119.0302	1.260018	1.334836	0.80406	0.19594	2.548685
11784	-1177.267	-1297.309	120.0423	1.298188	1.274969	0.871505	0.128495	1.90161
11790	-1186.269	-1305.554	119.2844	1.151422	1.525982	0.794682	0.205318	2.365814
11796	-1185.206	-1303.75	118.5436	1.141038	1.660475	0.865575	0.134425	2.773814
11802	-1182.753	-1301.315	118.5621	1.076481	1.729458	0.839654	0.160346	2.773814
11808	-1188.92	-1307.388	118.4682	1.170298	1.729458	0.962635	0.0373653	2.773814
11814	-1179.202	-1300.179	120.9774	2.113662	0.9422425	0.91859	0.0814098	0.6231874
11820	-1183.616	-1303.745	120.1292	2.388117	1.6612	0.905315	0.0946847	0.5230251
11826	-1179.182	-1299.245	120.0631	2.515737	1.450263	0.819355	0.180645	0.3164891
11832	-1186.373	-1306.235	119.8618	1.553633	2.051362	0.882993	0.117007	1.468559
11838	-1174.434	-1294.929	120.4949	1.854118	1.512574	0.901008	0.0989918	0.9664831
11844	-1181.142	-1301.507	120.3658	1.73776	1.573313	0.955565	0.0444355	1.157581
11850	-1190.622	-1310.313	119.6911	1.589794	1.873773	0.893948	0.106052	1.645588
11856	-1193.239	-1312.54	119.3018	1.580537	4.261911	0.910717	0.0892826	1.146657
11862	-1183.226	-1303.381	120.1553	1.816799	1.712882	0.910075	0.0899249	1.188914
11868	-1171.354	-1291.959	120.6048	1.822034	1.356642	0.870021	0.129979	1.007722
11874	-1188.316	-1308.561	120.2447	1.942724	1.798085	0.858459	0.141541	0.9315923
11880	-1177.332	-1297.281	119.949	1.636277	1.960483	0.922526	0.0774742	1.378614
11886	-1170.157	-1290.144	119.9874	1.438124	2.243353	0.886922	0.113078	1.378614
11892	-1181.729	-1301.581	119.8521	1.641046	2.243353	0.849755	0.150245	1.324993
11898	-1178.784	-1297.871	119.0864	1.58435	3.502719	0.878187	0.121813	1.526901
11904	-1173.451	-1292.472	119.021	1.444892	1.967553	0.907388	0.092612	2.160926
11910	-1176.895	-1295.373	118.4785	1.292512	1.546716	0.864879	0.135121	2.76949
11916	-1174.715	-1293.148	118.4332	1.334867	2.987071	0.950469	0.0495314	2.282161
11922	-1171.343	-1290.557	119.2137	1.43652	2.112671	0.846408	0.153592	1.984195
11928	-1175.93	-1295.411	119.4806	1.280346	1.413222	0.93282	0.0671804	2.211613
11934	-1172.143	-1291.41	119.2667	1.463121	1.728811	0.910083	0.0899168	2.085878
11940	-1173.83	-1293.842	120.0128	1.542491	1.681953	0.962309	0.0376907	1.535544
11946	-1179.711	-1299.412	119.7005	1.387934	1.36087	0.914775	0.085225	2.023934
11952	-1177.139	-1296.117	118.978	1.158049	1.299268	0.914071	0.0859288	2.661929
11958	-1185.258	-1304.654	119.3959	1.150577	1.359404	0.920357	0.079643	2.375632
11964	-1170.54	-1290.407	119.8667	1.139885	1.484751	0.93996	0.0600401	2.015346
11970	-1177.064	-1295.402	118.3375	1.45484	2.724489	0.964938	0.0350616	2.340786
11976	-1168.875	-1287.805	118.9306	1.244316	2.522604	0.892394	0.107606	2.156215
11982	-1168.815	-1288.032	119.2166	1.377556	2.148071	0.857383	0.142617	2.008392
11988	-1179.934	-1297.922	117.9874	1.222834	3.250805	0.807802	0.192198	2.565252
11994	-1187.073	-1305.417	118.3447	1.320392	2.002596	0.625464	0.374536	2.653713
12000	-1168.918	-1287.834	118.9163	1.399861	2.671968	0.878247	0.121753	2.01643
12006	-1178.629	-1297.879	119.2502	1.478196	2.236336	0.814159	0.185841	1.885673
12012	-1175.589	-1295.507	119.9184	2.15242	2.404725	0.825392	0.174608	0.5871849
12018	-1185.938	-1305.404	119.466	2.260433	3.184105	0.893181	0.106819	0.4476989
12024	-1183.395	-1302.211	118.8159	1.770809	2.347907	0.850999	0.149001	1.941758
12030	-1183.805	-1302.459	118.6538	1.635363	2.347907	0.885015	0.114985	2.138917
12036	-1175.732	-1295.384	119.6519	1.468164	2.15022	0.901571	0.0984286	1.645055
12042	-1177.193	-1297.17	119.9767	1.944205	2.661107	0.910452	0.0895482	0.6524081
12048	-1173.207	-1292.811	119.6037	1.624906	3.333256	0.887166	0.112834	1.129764
12054	-1159.095	-1278.895	119.7995	1.743007	2.905517	0.872884	0.127116	0.999892
12060	-1165.026	-1284.563	119.537	1.74776	2.819103	0.874055	0.125945	1.265758
12066	-1172.343	-1292.465	120.1217	1.616981	1.976791	0.842633	0.157367	1.246863
12072	-1169.828	-1289.626	119.7976	1.431181	2.534395	0.864585	0.135415	1.416178
12078	-1184.293	-1303.042	118.7493	1.333425	3.494429	0.913354	0.0866463	1.942979
12084	-1165.171	-1284.583	119.4115	1.477293	1.34942	0.931136	0.0688641	2.16111
12090	-1169.657	-1289.274	119.6167	1.580294	1.745842	0.806712	0.193288	1.762491
12096	-1174.583	-1293.516	118.9326	1.432522	1.743949	0.884154	0.115846	2.315483
12102	-1167.31	-1286.639	119.3297	1.337868	1.801114	0.763085	0.236915	2.096032
12108	-1176.453	-1295.937	119.4844	1.254538	1.887214	0.913412	0.086588	2.013314
12114	-1175.339	-1294.261	118.9223	1.144785	1.542026	0.870832	0.129168	2.589543
12120	-1171.19	-1289.983	118.7927	1.093077	1.205216	0.861437	0.138563	2.863201
12126	-1173.143	-1291.684	118.5414	1.198308	2.124642	0.931246	0.0687537	2.56436
12132	-1169.146	-1288.247	119.1013	1.386945	1.954275	0.952068	0.047932	2.151506
12138	-1177.63	-1297.602	119.972	1.547993	1.252159	0.921468	0.0785323	1.791615
12144	-1178.261	-1298.141	119.8794	1.387321	1.477251	0.880272	0.119728	1.843501
12150	-1185.262	-1305.292	120.0294	1.333348	1.123502	0.946636	0.0533645	1.975649
12156	-1185.063	-1304.969	119.9063	1.52769	1.727684	0.872201	0.127799	1.602252
12162	-1175.335	-1295.443	120.108	1.818595	1.83548	0.91058	0.0894199	1.159764
12168	-1174.108	-1294.143	120.0344	1.907659	2.130115	0.80569	0.19431	0.9813658
12174	-1177.586	-1297.742	120.1557	1.855235	2.228603	0.936981	0.0630193	0.8453609
12180	-1175.078	-1295.819	120.7409	1.62658	1.310903	0.938316	0.0616836	1.099278
12186	-1171.662	-1291.991	120.329	1.48833	1.342363	0.900857	0.0991434	1.525499
12192	-1176.75	-1296.511	119.7606	1.338722	1.742727	0.917267	0.0827332	1.831534
12198	-1178.003	-1297.924	119.9209	1.38858	1.742082	0.910426	0.0895744	1.684998
12204	-1174.53	-1294.007	119.4766	1.311897	1.928777	0.921126	0.0788738	1.963308
12210	-1175.211	-1294.778	119.5663	1.354159	1.810541	0.875623	0.124377	1.923707
12216	-1179.587	-1298.518	118.9318	1.2702	2.260844	0.888535	0.111465	2.225049
12222	-1183.309	-1302.825	119.5156	1.388818	2.120056	0.878434	0.121566	1.808689
12228	-1183.344	-1303.298	119.9549	1.4899	2.112122	0.890039	0.109961	1.419687
12234	-1181.775	-1300.533	118.7576	1.506785	2.848918	0.800205	0.199795	1.997356
12240	-1183.041	-1302.112	119.0712	1.246309	1.771535	0.760385	0.239615	2.334399
12246	-1183.954	-1303.317	119.363	1.409636	2.387307	0.772523	0.227477	1.801095
12252	-1177.074	-1296.334	119.2605	1.409352	1.983728	0.767477	0.232523	2.020584
12258	-1178.633	-1298.149	119.5161	1.407958	1.789158	0.773332	0.226668	1.930449
12264	-1169.27	-1289.271	120.0008	1.578297	2.269713	0.920732	0.0792677	1.243063
12270	-1170.135	-1290.313	120.1773	1.71833	1.603914	0.916993	0.0830071	1.314305
12276	-1175.446	-1294.135	118.6885	1.294517	2.500204	0.908885	0.0911148	2.287119
12282	-1186.458	-1303.259	116.8004	1.00641	2.951821	0.902576	0.0974243	3.481507
12288	-1179.919	-1299.583	119.664	1.391533	1.972626	0.794578	0.205422	1.762784
12294	-1172.492	-1291.669	119.1774	1.444085	2.51703	0.881662	0.118338	1.860551
12300	-1186.409	-1306.492	120.0833	1.591167	2.070201	0.93972	0.0602803	1.255119
12306	-1170.672	-1291.514	120.8424	1.720317	1.09567	0.977037	0.0229627	1.092142
12312	-1170.752	-1290.583	119.8309	1.73789	2.563566	0.758624	0.241376	1.123293
12318	-1171.043	-1290.245	119.2026	1.611237	2.436863	0.832298	0.167702	1.755017
12324	-1179.363	-1299.065	119.7019	1.303097	1.955414	0.898503	0.101497	1.804999
12330	-1175.768	-1295.431	119.6637	1.431191	1.447901	0.845173	0.154827	1.97477
12336	-1180.07	-1299.49	119.4198	1.339066	1.918111	0.901207	0.0987932	1.987415
12342	-1167.99	-1286.2	118.2103	1.490194	2.371913	0.89578	0.10422	2.506334
12348	-1165.654	-1285.454	119.7999	1.734813	2.596583	0.855289	0.144711	1.139626
12354	-1165.732	-1286.269	120.5366	1.889826	1.520472	0.816181	0.183819	0.8753914
12360	-1166.463	-1286.487	120.0231	1.749618	2.256901	0.859964	0.140036	1.078771
12366	-1168.592	-1288.288	119.6962	1.681098	2.405019	0.944008	0.0559924	1.350186
12372	-1171.833	-1291.89	120.0576	1.604008	1.64265	0.78129	0.21871	1.475915
12378	-1175.454	-1295.406	119.9516	1.84763	2.242281	0.791998	0.208002	1.061232
12384	-1167.574	-1287.642	120.0675	1.618478	1.901933	0.888442	0.111558	1.326707
12390	-1177.19	-1295.843	118.6524	1.345007	2.42143	0.924606	0.0753936	2.302953
12396	-1171.385	-1290.333	118.9487	1.356945	2.639002	0.846966	0.153034	2.033691
12402	-1182.64	-1303.138	120.4978	1.55252	1.054415	0.812263	0.187737	1.539558
12408	-1175.475	-1294.752	119.277	1.451384	1.550624	0.873944	0.126056	2.166663
12414	-1179.985	-1299.776	119.7912	1.505059	1.894849	0.844993	0.155007	1.625206
12420	-1176.996	-1297.361	120.3648	1.505063	1.095062	0.859177	0.140823	1.643089
12426	-1170.66	-1290.198	119.5384	1.419033	2.1595	0.915068	0.0849325	1.756643
12432	-1167.386	-1287.923	120.5372	1.744736	1.560392	0.95187	0.0481303	0.9996669
12438	-1173.913	-1294.761	120.8484	1.816782	1.239338	0.810417	0.189583	0.8539646
12444	-1180.143	-1300.292	120.1488	1.564856	2.034218	0.896304	0.103696	1.239607
12450	-1177.031	-1297.06	120.0292	1.392356	2.183784	0.909052	0.0909475	1.406878
12456	-1187.085	-1307.278	120.1934	1.552499	2.210082	0.956867	0.0431327	1.126359
12462	-1184.116	-1303.55	119.4336	1.584105	2.61663	0.877568	0.122432	1.545743
12468	-1169.547	-1288.886	119.3393	1.556818	3.396894	0.90111	0.0988897	1.385858
12474	-1169.211	-1288.929	119.7178	1.823572	2.68694	0.946223	0.0537775	1.095098
12480	-1189.671	-1309.205	119.5337	1.343987	1.540034	0.914515	0.0854845	2.073991
12486	-1181.015	-1299.791	118.7756	1.367553	2.861784	0.908498	0.0915019	2.073991
12492	-1177.1	-1297.047	119.9465	1.895977	2.538207	0.875654	0.124346	0.8576923
12498	-1183.785	-1303.11	119.3252	1.959957	4.03372	0.87394	0.12606	0.8068514
12504	-1183.29	-1303.329	120.0392	1.698183	2.266091	0.837685	0.162315	1.106849
12510	-1168.93	-1288.997	120.0677	1.728861	2.060124	0.907054	0.0929461	1.155637
12516	-1180.319	-1300.136	119.8163	1.617779	2.529534	0.828919	0.171081	1.253899
12522	-1178.433	-1298.675	120.2428	1.734596	0.9520613	0.965639	0.0343612	1.6668
12528	-1180.738	-1301.189	120.4515	1.677778	1.524892	0.943882	0.0561176	1.16548
12534	-1181.553	-1301.911	120.3578	1.865941	1.722969	0.907475	0.092525	0.9449385
12540	-1181.294	-1301.571	120.2766	1.468633	1.265533	0.929826	0.0701742	1.62436
12546	-1181.575	-1301.629	120.0543	1.537436	1.293653	0.85129	0.14871	1.71724
12552	-1176.505	-1297.095	120.5903	1.561885	1.293653	0.892357	0.107643	1.296479
12558	-1185.515	-1305.499	119.9841	1.629864	2.140803	0.904826	0.0951744	1.272197
12564	-1181.593	-1301.978	120.3851	1.721714	1.687043	0.938708	0.0612919	1.083979
12570	-1173.824	-1293.734	119.9105	1.412636	1.686291	0.814504	0.185496	1.701488
12576	-1177.93	-1297.582	119.6516	1.541209	2.105063	0.888266	0.111734	1.610759
12582	-1172.626	-1292.383	119.7577	1.477126	1.539979	0.90462	0.09538	1.833907
12588	-1169.877	-1290.318	120.4415	1.478559	1.495518	0.833456	0.166544	1.356776
12594	-1175.693	-1295.431	119.7377	1.511655	1.695834	0.952909	0.0470912	1.748931
12600	-1173.351	-1294.108	120.7565	1.455444	1.092734	0.886755	0.113245	1.389164
12606	-1177.723	-1298.106	120.3838	1.638	1.310833	0.915942	0.0840576	1.389164
12612	-1176.457	-1296.401	119.9445	1.466646	1.367992	0.938412	0.0615884	1.801579
12618	-1157.638	-1277.549	119.9117	1.629887	2.059209	0.920941	0.079059	1.367631
12624	-1164.066	-1283.643	119.5763	1.331978	1.27301	0.932517	0.067483	2.188867
12630	-1166.253	-1285.497	119.2439	1.255645	1.62521	0.869285	0.130715	2.280528
12636	-1180.097	-1299.269	119.1717	1.200652	1.835442	0.879612	0.120388	2.273421
12642	-1167.721	-1287.369	119.6472	1.416286	1.684859	0.958289	0.041711	1.882262
12648	-1170.184	-1289.936	119.7528	1.55984	1.919389	0.814325	0.185675	1.602569
12654	-1181.041	-1300.787	119.7467	1.58624	2.197267	0.86849	0.13151	1.469148
12660	-1178.383	-1299.109	120.7259	1.594963	1.117304	0.91646	0.0835404	1.283905
12666	-1172.408	-1292.002	119.5942	1.683772	2.511747	0.848222	0.151778	1.386596
12672	-1182.9	-1303.023	120.1228	1.669336	1.619143	0.93856	0.06144	1.38808
12678	-1178.983	-1298.699	119.7154	1.480575	1.69056	0.977308	0.0226924	1.788595
12684	-1178.813	-1296.904	118.0905	1.148097	2.200095	0.91501	0.0849899	2.846213
12690	-1169.248	-1288.207	118.959	1.276651	1.854944	0.914423	0.0855767	2.352808
12696	-1172.827	-1291.877	119.0492	1.187625	2.087992	0.882214	0.117786	2.263756
12702	-1169.394	-1287.817	118.4228	1.147096	2.526568	0.860117	0.139883	2.539532
12708	-1160.988	-1280.434	119.4454	1.438206	1.442736	0.77134	0.22866	2.117217
12714	-1166.989	-1286.325	119.3361	1.301198	1.56225	0.837493	0.162507	2.220316
12720	-1169.594	-1287.659	118.0659	1.289928	2.665073	0.873798	0.126202	2.631317
12726	-1167.75	-1285.901	118.1515	1.308563	2.546449	0.903912	0.0960881	2.601753
12732	-1169.16	-1287.934	118.7739	1.220737	2.546449	0.851642	0.148358	2.265167
12738	-1172.445	-1291.213	118.768	1.453189	2.491722	0.871532	0.128468	2.13588
12744	-1170.156	-1288.242	118.086	1.26868	2.738952	0.816425	0.183575	2.610892
12750	-1162.739	-1281.75	119.0106	1.316572	1.695722	0.888736	0.111264	2.359895
12756	-1184.436	-1303.756	119.3204	1.352921	1.844465	0.839953	0.160047	2.074234
12762	-1178.893	-1297.708	118.8143	1.389489	2.290685	0.826359	0.173641	2.213687
12768	-1176.558	-1295.102	118.5445	1.401551	1.634366	0.960777	0.0392232	2.624329
12774	-1184.372	-1303.037	118.6654	1.238413	2.102841	0.826332	0.173668	2.469545
12780	-1185.576	-1305.809	120.2334	1.759831	2.158244	0.954911	0.0450894	0.9105268
12786	-1183.124	-1303.184	120.0604	1.731208	2.334609	0.76013	0.23987	1.021756
12792	-1174.717	-1294.801	120.0842	1.942047	2.080903	0.909507	0.0904929	0.9218472
12798	-1172.086	-1292.755	120.6694	1.796733	1.075942	0.913014	0.0869864	1.194531
12804	-1180.185	-1300.192	120.0071	1.561979	1.834256	0.911381	0.0886193	1.450844
12810	-1183.873	-1303.756	119.8838	1.675134	1.850417	0.92756	0.0724404	1.450844
12816	-1185.494	-1305.643	120.149	1.723981	1.916191	0.913207	0.0867927	1.163107
12822	-1191.487	-1312.107	120.62	1.550723	1.166018	0.965287	0.0347132	1.369045
12828	-1175.421	-1295.098	119.677	1.74552	1.679867	0.892136	0.107864	1.633578
12834	-1168.925	-1288.605	119.6804	1.479157	2.108159	0.82438	0.17562	1.633578
12840	-1167.895	-1287.062	119.1673	1.214386	1.878698	0.922818	0.0771818	2.250127
12846	-1179.295	-1295.875	116.5807	0.9766636	1.77716	0.881219	0.118781	3.979323
12852	-1170.448	-1288.322	117.8748	0.9178444	1.562712	0.903233	0.0967668	3.347794
12858	-1168.546	-1287.245	118.698	1.474731	1.728681	0.845415	0.154585	2.443569
12864	-1174.261	-1292.191	117.9302	1.566517	2.934416	0.875669	0.124331	2.468382
12870	-1174.574	-1294.766	120.1916	1.702665	1.964432	0.872314	0.127686	1.118311
12876	-1170.847	-1291.019	120.1726	1.906587	2.144965	0.88857	0.11143	0.817093
12882	-1167.513	-1287.605	120.0925	1.965966	2.225469	0.779487	0.220513	0.7861073
12888	-1165.395	-1285.514	120.119	1.661137	2.321559	0.864739	0.135261	1.039413
12894	-1162.435	-1282.536	120.1005	1.365641	1.528898	0.784134	0.215866	1.677778
12900	-1167.504	-1287.085	119.5811	1.390521	2.287791	0.963456	0.0365443	1.697949
12906	-1170.769	-1289.298	118.5287	1.392619	2.821621	0.883979	0.116021	2.230098
12912	-1177.984	-1296.456	118.4723	1.530728	2.272996	0.754658	0.245342	2.348277
12918	-1173.321	-1292.926	119.605	1.553779	2.272996	0.891919	0.108081	1.56866
12924	-1168.715	-1288.785	120.0705	1.751499	2.272996	0.778853	0.221147	1.023653
12930	-1172.519	-1292.88	120.3606	1.885602	1.890223	0.894625	0.105375	0.7926744
12936	-1172.783	-1292.904	120.1207	1.879029	2.11154	0.871275	0.128725	0.9318379
12942	-1179.138	-1299.666	120.5274	1.761262	1.680676	0.823285	0.176715	0.9048544
12948	-1170.846	-1289.924	119.0781	1.564399	3.263948	0.934081	0.0659186	1.61516
12954	-1172.224	-1292.439	120.2145	1.680449	1.932628	0.86324	0.13676	1.134863
12960	-1187.021	-1307.123	120.1025	1.865559	1.875908	0.79568	0.20432	1.099923
12966	-1191.169	-1311.825	120.6561	1.672084	1.513441	0.871652	0.128348	0.9871578
12972	-1172.796	-1291.839	119.0429	1.423618	2.873709	0.923251	0.076749	1.85345
12978	-1184.742	-1304.244	119.5019	1.142176	1.870022	0.87454	0.12546	2.083072
12984	-1178.851	-1296.883	118.0327	1.098359	1.659181	0.802794	0.197206	3.107878
12990	-1174.603	-1295.356	120.7527	1.900617	1.005227	0.873796	0.126204	1.089033
12996	-1178.533	-1299.797	121.2641	1.450769	0.785958	0.90749	0.09251	1.244296
13002	-1164.271	-1284.736	120.4652	1.441014	1.130507	0.842433	0.157567	1.593105
13008	-1169.651	-1288.994	119.3429	1.441014	1.85752	0.943144	0.0568555	1.995534
13014	-1192.017	-1309.492	117.4747	0.9824187	1.873558	0.890139	0.109861	3.423924
13020	-1177.432	-1294.577	117.1454	1.161694	2.124823	0.84364	0.15636	3.425367
13026	-1178.284	-1297.171	118.8872	1.176224	3.786836	0.891224	0.108776	1.884083
13032	-1176.83	-1295.273	118.4425	1.20805	1.796732	0.840721	0.159279	2.739881
13038	-1176.224	-1295.01	118.7864	1.230008	2.105484	0.915227	0.0847728	2.397803
13044	-1170.796	-1290.734	119.938	1.358737	1.273677	0.896717	0.103283	1.9319
13050	-1170.874	-1290.881	120.0065	1.305099	1.279289	0.910832	0.0891677	1.918701
13056	-1175.714	-1295.547	119.8336	1.637021	1.482743	0.939457	0.0605429	1.69858
13062	-1173.717	-1293.837	120.1203	1.641034	2.133006	0.9155	0.0844995	1.150342
13068	-1173.082	-1293.53	120.4478	1.641034	1.325474	0.938845	0.0611545	1.326763
13074	-1176.218	-1296.373	120.1542	1.576054	1.407661	0.926864	0.0731359	1.551997
13080	-1171.316	-1291.556	120.2407	1.593633	1.407661	0.899765	0.100235	1.474314
13086	-1168.385	-1287.691	119.3064	1.58619	2.432872	0.93511	0.0648896	1.701016
13092	-1174.004	-1294.515	120.5105	1.657182	1.319915	0.937069	0.0629312	1.266215
13098	-1185.897	-1305.77	119.8732	1.563428	2.056921	0.894603	0.105397	1.449968
13104	-1179.106	-1297.49	118.3839	1.335459	2.311358	0.848977	0.151023	2.514104
13110	-1175.841	-1294.626	118.785	1.685123	3.586798	0.85539	0.14461	1.650531
13116	-1172.485	-1291.186	118.7006	1.352555	2.087194	0.902996	0.097004	2.381108
13122	-1178.052	-1296.806	118.7547	1.378299	2.187065	0.849431	0.150569	2.294926
13128	-1172.613	-1292.033	119.4201	1.625403	2.389618	0.897094	0.102906	1.607122
13134	-1174.712	-1293.949	119.2365	1.557843	3.356366	0.872118	0.127882	1.476059
13140	-1182.516	-1302.71	120.1938	1.469352	1.927805	0.919655	0.0803445	1.33241
13146	-1184.618	-1303.794	119.1753	1.615875	2.884102	0.888404	0.111596	1.622214
13152	-1178.128	-1296.987	118.8587	1.517554	2.673517	0.860051	0.139949	1.975892
13158	-1180.51	-1300.552	120.0419	1.592852	2.105416	0.970393	0.0296075	1.271391
13164	-1181.704	-1301.186	119.4824	1.621735	3.085391	0.849525	0.150475	1.319504
13170	-1181.693	-1301.302	119.6087	1.807074	2.594758	0.844312	0.155688	1.242921
13176	-1182.686	-1302.733	120.0465	1.59816	1.265389	0.952532	0.0474684	1.696402
13182	-1174.272	-1294.257	119.9851	1.734973	2.430481	0.864094	0.135906	1.043568
13188	-1167.966	-1287.498	119.5323	1.541461	1.696737	0.91882	0.0811799	1.869873
13194	-1172.676	-1290.607	117.9311	1.225517	3.03485	0.91199	0.08801	2.653078
13200	-1170.596	-1290.072	119.476	1.379493	1.596833	0.92945	0.0705495	2.062019
13206	-1171.712	-1290.504	118.7923	1.493891	2.509622	0.965907	0.0340932	2.087565
13212	-1166.276	-1285.056	118.7796	1.462513	2.213452	0.930546	0.0694537	2.215638
13218	-1168.976	-1289.011	120.0345	1.428931	2.026465	0.906374	0.093626	1.44291
13224	-1170.282	-1290.649	120.3668	1.453262	1.125522	0.958594	0.0414062	1.658601
13230	-1176.414	-1295.707	119.2932	1.448839	2.070482	0.891228	0.108772	1.93859
13236	-1163.761	-1283.736	119.9752	1.446726	1.646104	0.952062	0.0479375	1.650467
13242	-1172.649	-1292.894	120.2449	1.534204	1.646104	0.978169	0.0218309	1.383735
13248	-1187.692	-1307.759	120.0667	1.712427	1.646104	0.71176	0.28824	1.383735
13254	-1176.831	-1297.653	120.8218	1.774317	1.112452	0.85727	0.14273	1.046146
13260	-1176.214	-1297.1	120.8858	1.812472	1.117443	0.912546	0.0874543	0.9383891
13266	-1171.985	-1292.042	120.0574	1.724963	1.539645	0.912355	0.0876447	1.439006
13272	-1173.65	-1293.948	120.2981	1.623434	1.845961	0.853195	0.146805	1.158364
13278	-1172.249	-1292.603	120.3549	1.656847	1.504428	0.833577	0.166423	1.277606
13284	-1171.664	-1291.622	119.958	1.656847	1.541751	0.784085	0.215915	1.563488
13290	-1176.766	-1296.551	119.7853	1.778072	1.693567	0.83472	0.16528	1.523805
13296	-1170.991	-1290.766	119.775	1.673859	1.871704	0.850652	0.149348	1.523805
13302	-1179.613	-1298.468	118.855	1.617988	4.075874	0.845904	0.154096	1.523805
13308	-1174.741	-1293.748	119.0065	1.769673	3.240931	0.927091	0.0729086	1.523805
13314	-1182.331	-1303.148	120.8167	1.565768	1.253751	0.846361	0.153639	1.128617
13320	-1184.706	-1304.859	120.1527	1.795865	2.265967	0.947139	0.0528605	0.8951805
13326	-1183.929	-1304.03	120.1004	1.517505	2.265967	0.869607	0.130393	1.212008
13332	-1195.342	-1313.935	118.5933	1.427974	3.490529	0.741315	0.258685	1.985158
13338	-1174.561	-1294.558	119.9968	1.447339	1.858972	0.782531	0.217469	1.533228
13344	-1184.523	-1304.147	119.6234	1.443614	2.451706	0.899096	0.100904	1.568566
13350	-1180.41	-1299.654	119.244	1.366467	3.66241	0.893125	0.106875	1.528023
13356	-1174.078	-1293.696	119.6178	1.535773	2.192876	0.82852	0.17148	1.60395
13362	-1194.032	-1313.017	118.985	1.468527	3.018984	0.953045	0.0469551	1.819311
13368	-1182.347	-1301.425	119.0778	1.349832	3.080894	0.929824	0.070176	1.819311
